periodo,origen,usuarios_activos,sesiones
2024-01-01,Buscadores (orgánico),41,41
2024-01-01,Directo / newsletter,36,36
2024-01-01,Publicidad en redes,44,44
2024-01-01,Referido,19,19
2024-01-01,Todos,139,140
2024-01-02,Buscadores (orgánico),42,42
2024-01-02,Directo / newsletter,47,47
2024-01-02,Publicidad en redes,21,21
2024-01-02,Referido,22,22
2024-01-02,Todos,132,132
2024-01-03,Buscadores (orgánico),41,41
2024-01-03,Directo / newsletter,38,38
2024-01-03,Publicidad en redes,40,40
2024-01-03,Referido,32,32
2024-01-03,Todos,150,151
2024-01-04,Buscadores (orgánico),43,44
2024-01-04,Directo / newsletter,37,38
2024-01-04,Publicidad en redes,30,30
2024-01-04,Referido,28,28
2024-01-04,Todos,138,140
2024-01-05,Buscadores (orgánico),37,37
2024-01-05,Directo / newsletter,31,31
2024-01-05,Publicidad en redes,40,41
2024-01-05,Referido,25,25
2024-01-05,Todos,132,134
2024-01-06,Buscadores (orgánico),41,41
2024-01-06,Directo / newsletter,37,37
2024-01-06,Publicidad en redes,28,28
2024-01-06,Referido,21,21
2024-01-06,Todos,127,127
2024-01-07,Buscadores (orgánico),32,32
2024-01-07,Directo / newsletter,32,32
2024-01-07,Publicidad en redes,31,31
2024-01-07,Referido,21,21
2024-01-07,Todos,116,116
2024-01-08,Buscadores (orgánico),39,39
2024-01-08,Directo / newsletter,38,38
2024-01-08,Publicidad en redes,24,24
2024-01-08,Referido,18,18
2024-01-08,Todos,119,119
2024-01-09,Buscadores (orgánico),31,31
2024-01-09,Directo / newsletter,48,48
2024-01-09,Publicidad en redes,26,26
2024-01-09,Referido,43,43
2024-01-09,Todos,148,148
2024-01-10,Buscadores (orgánico),27,27
2024-01-10,Directo / newsletter,39,39
2024-01-10,Publicidad en redes,29,29
2024-01-10,Referido,29,29
2024-01-10,Todos,124,124
2024-01-11,Buscadores (orgánico),34,34
2024-01-11,Directo / newsletter,43,43
2024-01-11,Publicidad en redes,31,31
2024-01-11,Referido,34,34
2024-01-11,Todos,140,142
2024-01-12,Buscadores (orgánico),42,42
2024-01-12,Directo / newsletter,38,38
2024-01-12,Publicidad en redes,29,29
2024-01-12,Referido,19,19
2024-01-12,Todos,128,128
2024-01-13,Buscadores (orgánico),44,44
2024-01-13,Directo / newsletter,27,27
2024-01-13,Publicidad en redes,41,41
2024-01-13,Referido,27,27
2024-01-13,Todos,139,139
2024-01-14,Buscadores (orgánico),35,36
2024-01-14,Directo / newsletter,27,27
2024-01-14,Publicidad en redes,28,28
2024-01-14,Referido,27,27
2024-01-14,Todos,117,118
2024-01-15,Buscadores (orgánico),28,28
2024-01-15,Directo / newsletter,30,30
2024-01-15,Publicidad en redes,32,32
2024-01-15,Referido,26,26
2024-01-15,Todos,115,116
2024-01-16,Buscadores (orgánico),42,42
2024-01-16,Directo / newsletter,46,47
2024-01-16,Publicidad en redes,35,35
2024-01-16,Referido,21,21
2024-01-16,Todos,143,145
2024-01-17,Buscadores (orgánico),30,31
2024-01-17,Directo / newsletter,34,34
2024-01-17,Publicidad en redes,31,31
2024-01-17,Referido,27,27
2024-01-17,Todos,122,123
2024-01-18,Buscadores (orgánico),27,27
2024-01-18,Directo / newsletter,43,43
2024-01-18,Publicidad en redes,38,38
2024-01-18,Referido,23,23
2024-01-18,Todos,131,131
2024-01-19,Buscadores (orgánico),45,45
2024-01-19,Directo / newsletter,50,50
2024-01-19,Publicidad en redes,34,34
2024-01-19,Referido,22,22
2024-01-19,Todos,150,151
2024-01-20,Buscadores (orgánico),35,35
2024-01-20,Directo / newsletter,33,33
2024-01-20,Publicidad en redes,24,24
2024-01-20,Referido,20,20
2024-01-20,Todos,111,112
2024-01-21,Buscadores (orgánico),27,27
2024-01-21,Directo / newsletter,36,36
2024-01-21,Publicidad en redes,34,34
2024-01-21,Referido,26,26
2024-01-21,Todos,123,123
2024-01-22,Buscadores (orgánico),46,46
2024-01-22,Directo / newsletter,37,37
2024-01-22,Publicidad en redes,48,48
2024-01-22,Referido,15,15
2024-01-22,Todos,146,146
2024-01-23,Buscadores (orgánico),40,40
2024-01-23,Directo / newsletter,45,45
2024-01-23,Publicidad en redes,20,20
2024-01-23,Referido,35,35
2024-01-23,Todos,140,140
2024-01-24,Buscadores (orgánico),37,37
2024-01-24,Directo / newsletter,38,39
2024-01-24,Publicidad en redes,29,29
2024-01-24,Referido,23,23
2024-01-24,Todos,125,128
2024-01-25,Buscadores (orgánico),41,41
2024-01-25,Directo / newsletter,31,31
2024-01-25,Publicidad en redes,34,34
2024-01-25,Referido,19,19
2024-01-25,Todos,125,125
2024-01-26,Buscadores (orgánico),34,34
2024-01-26,Directo / newsletter,49,49
2024-01-26,Publicidad en redes,24,24
2024-01-26,Referido,27,27
2024-01-26,Todos,134,134
2024-01-27,Buscadores (orgánico),32,32
2024-01-27,Directo / newsletter,36,36
2024-01-27,Publicidad en redes,40,41
2024-01-27,Referido,21,21
2024-01-27,Todos,129,130
2024-01-28,Buscadores (orgánico),34,34
2024-01-28,Directo / newsletter,39,39
2024-01-28,Publicidad en redes,26,26
2024-01-28,Referido,30,30
2024-01-28,Todos,129,129
2024-01-29,Buscadores (orgánico),44,44
2024-01-29,Directo / newsletter,32,32
2024-01-29,Publicidad en redes,23,23
2024-01-29,Referido,22,22
2024-01-29,Todos,120,121
2024-01-30,Buscadores (orgánico),31,31
2024-01-30,Directo / newsletter,32,32
2024-01-30,Publicidad en redes,48,48
2024-01-30,Referido,26,26
2024-01-30,Todos,136,137
2024-01-31,Buscadores (orgánico),35,35
2024-01-31,Directo / newsletter,44,45
2024-01-31,Publicidad en redes,37,37
2024-01-31,Referido,22,22
2024-01-31,Todos,138,139
2024-02-01,Buscadores (orgánico),36,36
2024-02-01,Directo / newsletter,45,45
2024-02-01,Publicidad en redes,34,34
2024-02-01,Referido,23,23
2024-02-01,Todos,138,138
2024-02-02,Buscadores (orgánico),35,35
2024-02-02,Directo / newsletter,44,44
2024-02-02,Publicidad en redes,30,30
2024-02-02,Referido,26,26
2024-02-02,Todos,135,135
2024-02-03,Buscadores (orgánico),32,32
2024-02-03,Directo / newsletter,49,49
2024-02-03,Publicidad en redes,37,37
2024-02-03,Referido,15,15
2024-02-03,Todos,132,133
2024-02-04,Buscadores (orgánico),30,30
2024-02-04,Directo / newsletter,32,32
2024-02-04,Publicidad en redes,44,44
2024-02-04,Referido,14,14
2024-02-04,Todos,120,120
2024-02-05,Buscadores (orgánico),36,36
2024-02-05,Directo / newsletter,39,39
2024-02-05,Publicidad en redes,30,30
2024-02-05,Referido,29,29
2024-02-05,Todos,134,134
2024-02-06,Buscadores (orgánico),35,35
2024-02-06,Directo / newsletter,41,41
2024-02-06,Publicidad en redes,33,33
2024-02-06,Referido,22,22
2024-02-06,Todos,129,131
2024-02-07,Buscadores (orgánico),28,28
2024-02-07,Directo / newsletter,31,31
2024-02-07,Publicidad en redes,34,34
2024-02-07,Referido,27,27
2024-02-07,Todos,119,120
2024-02-08,Buscadores (orgánico),36,36
2024-02-08,Directo / newsletter,47,47
2024-02-08,Publicidad en redes,28,28
2024-02-08,Referido,19,19
2024-02-08,Todos,130,130
2024-02-09,Buscadores (orgánico),37,37
2024-02-09,Directo / newsletter,31,31
2024-02-09,Publicidad en redes,29,29
2024-02-09,Referido,18,18
2024-02-09,Todos,115,115
2024-02-10,Buscadores (orgánico),35,35
2024-02-10,Directo / newsletter,38,38
2024-02-10,Publicidad en redes,28,28
2024-02-10,Referido,36,36
2024-02-10,Todos,135,137
2024-02-11,Buscadores (orgánico),38,38
2024-02-11,Directo / newsletter,42,42
2024-02-11,Publicidad en redes,30,30
2024-02-11,Referido,23,23
2024-02-11,Todos,133,133
2024-02-12,Buscadores (orgánico),33,33
2024-02-12,Directo / newsletter,44,44
2024-02-12,Publicidad en redes,36,36
2024-02-12,Referido,18,18
2024-02-12,Todos,130,131
2024-02-13,Buscadores (orgánico),30,30
2024-02-13,Directo / newsletter,49,49
2024-02-13,Publicidad en redes,27,27
2024-02-13,Referido,43,43
2024-02-13,Todos,148,149
2024-02-14,Buscadores (orgánico),30,30
2024-02-14,Directo / newsletter,42,42
2024-02-14,Publicidad en redes,34,34
2024-02-14,Referido,20,20
2024-02-14,Todos,126,126
2024-02-15,Buscadores (orgánico),34,34
2024-02-15,Directo / newsletter,44,44
2024-02-15,Publicidad en redes,37,37
2024-02-15,Referido,19,19
2024-02-15,Todos,133,134
2024-02-16,Buscadores (orgánico),34,34
2024-02-16,Directo / newsletter,40,40
2024-02-16,Publicidad en redes,28,28
2024-02-16,Referido,25,25
2024-02-16,Todos,125,127
2024-02-17,Buscadores (orgánico),51,51
2024-02-17,Directo / newsletter,41,41
2024-02-17,Publicidad en redes,26,26
2024-02-17,Referido,30,30
2024-02-17,Todos,148,148
2024-02-18,Buscadores (orgánico),43,43
2024-02-18,Directo / newsletter,44,44
2024-02-18,Publicidad en redes,30,30
2024-02-18,Referido,25,25
2024-02-18,Todos,142,142
2024-02-19,Buscadores (orgánico),36,36
2024-02-19,Directo / newsletter,44,45
2024-02-19,Publicidad en redes,27,27
2024-02-19,Referido,27,27
2024-02-19,Todos,134,135
2024-02-20,Buscadores (orgánico),37,37
2024-02-20,Directo / newsletter,36,37
2024-02-20,Publicidad en redes,40,40
2024-02-20,Referido,16,16
2024-02-20,Todos,127,130
2024-02-21,Buscadores (orgánico),43,43
2024-02-21,Directo / newsletter,45,45
2024-02-21,Publicidad en redes,23,23
2024-02-21,Referido,19,19
2024-02-21,Todos,129,130
2024-02-22,Buscadores (orgánico),32,32
2024-02-22,Directo / newsletter,49,49
2024-02-22,Publicidad en redes,34,34
2024-02-22,Referido,28,28
2024-02-22,Todos,142,143
2024-02-23,Buscadores (orgánico),39,39
2024-02-23,Directo / newsletter,47,47
2024-02-23,Publicidad en redes,39,39
2024-02-23,Referido,17,17
2024-02-23,Todos,142,142
2024-02-24,Buscadores (orgánico),42,43
2024-02-24,Directo / newsletter,44,44
2024-02-24,Publicidad en redes,42,42
2024-02-24,Referido,27,27
2024-02-24,Todos,153,156
2024-02-25,Buscadores (orgánico),48,48
2024-02-25,Directo / newsletter,42,42
2024-02-25,Publicidad en redes,27,27
2024-02-25,Referido,21,21
2024-02-25,Todos,137,138
2024-02-26,Buscadores (orgánico),32,32
2024-02-26,Directo / newsletter,45,45
2024-02-26,Publicidad en redes,31,31
2024-02-26,Referido,25,25
2024-02-26,Todos,132,133
2024-02-27,Buscadores (orgánico),21,21
2024-02-27,Directo / newsletter,63,63
2024-02-27,Publicidad en redes,21,21
2024-02-27,Referido,40,40
2024-02-27,Todos,144,145
2024-02-28,Buscadores (orgánico),38,38
2024-02-28,Directo / newsletter,24,24
2024-02-28,Publicidad en redes,41,41
2024-02-28,Referido,22,22
2024-02-28,Todos,123,125
2024-02-29,Buscadores (orgánico),38,38
2024-02-29,Directo / newsletter,46,46
2024-02-29,Publicidad en redes,32,32
2024-02-29,Referido,29,29
2024-02-29,Todos,145,145
2024-03-01,Buscadores (orgánico),41,41
2024-03-01,Directo / newsletter,35,36
2024-03-01,Publicidad en redes,32,32
2024-03-01,Referido,21,21
2024-03-01,Todos,128,130
2024-03-02,Buscadores (orgánico),25,25
2024-03-02,Directo / newsletter,51,51
2024-03-02,Publicidad en redes,29,29
2024-03-02,Referido,27,27
2024-03-02,Todos,131,132
2024-03-03,Buscadores (orgánico),29,29
2024-03-03,Directo / newsletter,39,40
2024-03-03,Publicidad en redes,37,37
2024-03-03,Referido,31,31
2024-03-03,Todos,136,137
2024-03-04,Buscadores (orgánico),31,32
2024-03-04,Directo / newsletter,42,42
2024-03-04,Publicidad en redes,39,39
2024-03-04,Referido,32,32
2024-03-04,Todos,143,145
2024-03-05,Buscadores (orgánico),26,26
2024-03-05,Directo / newsletter,29,29
2024-03-05,Publicidad en redes,36,36
2024-03-05,Referido,14,14
2024-03-05,Todos,105,105
2024-03-06,Buscadores (orgánico),34,34
2024-03-06,Directo / newsletter,40,40
2024-03-06,Publicidad en redes,28,28
2024-03-06,Referido,22,22
2024-03-06,Todos,124,124
2024-03-07,Buscadores (orgánico),33,33
2024-03-07,Directo / newsletter,38,38
2024-03-07,Publicidad en redes,29,29
2024-03-07,Referido,16,16
2024-03-07,Todos,115,116
2024-03-08,Buscadores (orgánico),42,42
2024-03-08,Directo / newsletter,30,30
2024-03-08,Publicidad en redes,36,36
2024-03-08,Referido,26,26
2024-03-08,Todos,132,134
2024-03-09,Buscadores (orgánico),30,30
2024-03-09,Directo / newsletter,42,42
2024-03-09,Publicidad en redes,25,25
2024-03-09,Referido,36,36
2024-03-09,Todos,132,133
2024-03-10,Buscadores (orgánico),35,35
2024-03-10,Directo / newsletter,29,29
2024-03-10,Publicidad en redes,38,38
2024-03-10,Referido,23,23
2024-03-10,Todos,125,125
2024-03-11,Buscadores (orgánico),33,33
2024-03-11,Directo / newsletter,35,36
2024-03-11,Publicidad en redes,29,29
2024-03-11,Referido,22,22
2024-03-11,Todos,119,120
2024-03-12,Buscadores (orgánico),23,23
2024-03-12,Directo / newsletter,62,62
2024-03-12,Publicidad en redes,24,24
2024-03-12,Referido,46,46
2024-03-12,Todos,155,155
2024-03-13,Buscadores (orgánico),33,33
2024-03-13,Directo / newsletter,40,40
2024-03-13,Publicidad en redes,38,38
2024-03-13,Referido,17,17
2024-03-13,Todos,127,128
2024-03-14,Buscadores (orgánico),42,42
2024-03-14,Directo / newsletter,47,48
2024-03-14,Publicidad en redes,35,35
2024-03-14,Referido,17,17
2024-03-14,Todos,139,142
2024-03-15,Buscadores (orgánico),40,40
2024-03-15,Directo / newsletter,35,35
2024-03-15,Publicidad en redes,40,40
2024-03-15,Referido,20,20
2024-03-15,Todos,135,135
2024-03-16,Buscadores (orgánico),34,34
2024-03-16,Directo / newsletter,50,50
2024-03-16,Publicidad en redes,30,30
2024-03-16,Referido,22,22
2024-03-16,Todos,134,136
2024-03-17,Buscadores (orgánico),35,35
2024-03-17,Directo / newsletter,47,47
2024-03-17,Publicidad en redes,32,32
2024-03-17,Referido,24,24
2024-03-17,Todos,137,138
2024-03-18,Buscadores (orgánico),31,31
2024-03-18,Directo / newsletter,39,39
2024-03-18,Publicidad en redes,30,30
2024-03-18,Referido,22,22
2024-03-18,Todos,122,122
2024-03-19,Buscadores (orgánico),30,30
2024-03-19,Directo / newsletter,34,34
2024-03-19,Publicidad en redes,36,36
2024-03-19,Referido,18,18
2024-03-19,Todos,116,118
2024-03-20,Buscadores (orgánico),23,23
2024-03-20,Directo / newsletter,37,37
2024-03-20,Publicidad en redes,37,37
2024-03-20,Referido,17,17
2024-03-20,Todos,113,114
2024-03-21,Buscadores (orgánico),38,38
2024-03-21,Directo / newsletter,35,35
2024-03-21,Publicidad en redes,34,34
2024-03-21,Referido,16,16
2024-03-21,Todos,123,123
2024-03-22,Buscadores (orgánico),35,35
2024-03-22,Directo / newsletter,36,36
2024-03-22,Publicidad en redes,36,36
2024-03-22,Referido,27,27
2024-03-22,Todos,133,134
2024-03-23,Buscadores (orgánico),27,27
2024-03-23,Directo / newsletter,47,47
2024-03-23,Publicidad en redes,37,37
2024-03-23,Referido,18,18
2024-03-23,Todos,129,129
2024-03-24,Buscadores (orgánico),36,36
2024-03-24,Directo / newsletter,38,38
2024-03-24,Publicidad en redes,40,40
2024-03-24,Referido,27,27
2024-03-24,Todos,141,141
2024-03-25,Buscadores (orgánico),36,36
2024-03-25,Directo / newsletter,40,40
2024-03-25,Publicidad en redes,35,35
2024-03-25,Referido,21,21
2024-03-25,Todos,132,132
2024-03-26,Buscadores (orgánico),36,36
2024-03-26,Directo / newsletter,55,56
2024-03-26,Publicidad en redes,27,27
2024-03-26,Referido,45,45
2024-03-26,Todos,162,164
2024-03-27,Buscadores (orgánico),41,41
2024-03-27,Directo / newsletter,45,45
2024-03-27,Publicidad en redes,35,35
2024-03-27,Referido,21,21
2024-03-27,Todos,140,142
2024-03-28,Buscadores (orgánico),37,37
2024-03-28,Directo / newsletter,40,40
2024-03-28,Publicidad en redes,33,33
2024-03-28,Referido,18,18
2024-03-28,Todos,128,128
2024-03-29,Buscadores (orgánico),33,33
2024-03-29,Directo / newsletter,29,29
2024-03-29,Publicidad en redes,35,35
2024-03-29,Referido,15,15
2024-03-29,Todos,112,112
2024-03-30,Buscadores (orgánico),34,34
2024-03-30,Directo / newsletter,40,40
2024-03-30,Publicidad en redes,39,39
2024-03-30,Referido,23,23
2024-03-30,Todos,135,136
2024-03-31,Buscadores (orgánico),30,30
2024-03-31,Directo / newsletter,47,47
2024-03-31,Publicidad en redes,37,37
2024-03-31,Referido,20,20
2024-03-31,Todos,132,134
2024-04-01,Buscadores (orgánico),30,31
2024-04-01,Directo / newsletter,40,40
2024-04-01,Publicidad en redes,23,23
2024-04-01,Referido,27,27
2024-04-01,Todos,120,121
2024-04-02,Buscadores (orgánico),35,35
2024-04-02,Directo / newsletter,28,28
2024-04-02,Publicidad en redes,32,32
2024-04-02,Referido,25,25
2024-04-02,Todos,120,120
2024-04-03,Buscadores (orgánico),38,38
2024-04-03,Directo / newsletter,42,42
2024-04-03,Publicidad en redes,47,47
2024-04-03,Referido,13,13
2024-04-03,Todos,140,140
2024-04-04,Buscadores (orgánico),36,36
2024-04-04,Directo / newsletter,41,42
2024-04-04,Publicidad en redes,36,36
2024-04-04,Referido,19,19
2024-04-04,Todos,131,133
2024-04-05,Buscadores (orgánico),35,35
2024-04-05,Directo / newsletter,33,33
2024-04-05,Publicidad en redes,30,30
2024-04-05,Referido,22,22
2024-04-05,Todos,119,120
2024-04-06,Buscadores (orgánico),32,32
2024-04-06,Directo / newsletter,43,43
2024-04-06,Publicidad en redes,37,37
2024-04-06,Referido,17,17
2024-04-06,Todos,129,129
2024-04-07,Buscadores (orgánico),46,46
2024-04-07,Directo / newsletter,37,38
2024-04-07,Publicidad en redes,25,25
2024-04-07,Referido,20,20
2024-04-07,Todos,128,129
2024-04-08,Buscadores (orgánico),42,43
2024-04-08,Directo / newsletter,25,25
2024-04-08,Publicidad en redes,30,30
2024-04-08,Referido,20,20
2024-04-08,Todos,116,118
2024-04-09,Buscadores (orgánico),23,23
2024-04-09,Directo / newsletter,68,69
2024-04-09,Publicidad en redes,31,31
2024-04-09,Referido,27,27
2024-04-09,Todos,149,150
2024-04-10,Buscadores (orgánico),43,44
2024-04-10,Directo / newsletter,37,37
2024-04-10,Publicidad en redes,40,40
2024-04-10,Referido,18,18
2024-04-10,Todos,134,139
2024-04-11,Buscadores (orgánico),31,31
2024-04-11,Directo / newsletter,40,40
2024-04-11,Publicidad en redes,39,39
2024-04-11,Referido,26,26
2024-04-11,Todos,136,136
2024-04-12,Buscadores (orgánico),38,38
2024-04-12,Directo / newsletter,34,34
2024-04-12,Publicidad en redes,23,23
2024-04-12,Referido,23,23
2024-04-12,Todos,116,118
2024-04-13,Buscadores (orgánico),24,24
2024-04-13,Directo / newsletter,30,30
2024-04-13,Publicidad en redes,41,41
2024-04-13,Referido,20,20
2024-04-13,Todos,114,115
2024-04-14,Buscadores (orgánico),32,32
2024-04-14,Directo / newsletter,39,39
2024-04-14,Publicidad en redes,29,29
2024-04-14,Referido,16,16
2024-04-14,Todos,116,116
2024-04-15,Buscadores (orgánico),29,30
2024-04-15,Directo / newsletter,31,31
2024-04-15,Publicidad en redes,32,32
2024-04-15,Referido,24,24
2024-04-15,Todos,116,117
2024-04-16,Buscadores (orgánico),30,30
2024-04-16,Directo / newsletter,42,43
2024-04-16,Publicidad en redes,31,31
2024-04-16,Referido,17,17
2024-04-16,Todos,119,121
2024-04-17,Buscadores (orgánico),38,38
2024-04-17,Directo / newsletter,35,35
2024-04-17,Publicidad en redes,37,37
2024-04-17,Referido,14,14
2024-04-17,Todos,124,124
2024-04-18,Buscadores (orgánico),29,29
2024-04-18,Directo / newsletter,38,38
2024-04-18,Publicidad en redes,26,26
2024-04-18,Referido,23,23
2024-04-18,Todos,116,116
2024-04-19,Buscadores (orgánico),36,36
2024-04-19,Directo / newsletter,45,45
2024-04-19,Publicidad en redes,35,35
2024-04-19,Referido,26,26
2024-04-19,Todos,141,142
2024-04-20,Buscadores (orgánico),31,31
2024-04-20,Directo / newsletter,46,46
2024-04-20,Publicidad en redes,34,34
2024-04-20,Referido,17,17
2024-04-20,Todos,128,128
2024-04-21,Buscadores (orgánico),34,35
2024-04-21,Directo / newsletter,39,39
2024-04-21,Publicidad en redes,27,27
2024-04-21,Referido,23,23
2024-04-21,Todos,122,124
2024-04-22,Buscadores (orgánico),36,36
2024-04-22,Directo / newsletter,38,38
2024-04-22,Publicidad en redes,27,27
2024-04-22,Referido,18,18
2024-04-22,Todos,119,119
2024-04-23,Buscadores (orgánico),27,27
2024-04-23,Directo / newsletter,52,52
2024-04-23,Publicidad en redes,22,22
2024-04-23,Referido,48,48
2024-04-23,Todos,149,149
2024-04-24,Buscadores (orgánico),29,29
2024-04-24,Directo / newsletter,36,36
2024-04-24,Publicidad en redes,24,24
2024-04-24,Referido,17,17
2024-04-24,Todos,106,106
2024-04-25,Buscadores (orgánico),33,33
2024-04-25,Directo / newsletter,41,41
2024-04-25,Publicidad en redes,28,28
2024-04-25,Referido,20,20
2024-04-25,Todos,121,122
2024-04-26,Buscadores (orgánico),31,32
2024-04-26,Directo / newsletter,30,30
2024-04-26,Publicidad en redes,27,27
2024-04-26,Referido,21,21
2024-04-26,Todos,108,110
2024-04-27,Buscadores (orgánico),40,40
2024-04-27,Directo / newsletter,43,43
2024-04-27,Publicidad en redes,22,23
2024-04-27,Referido,18,18
2024-04-27,Todos,122,124
2024-04-28,Buscadores (orgánico),26,26
2024-04-28,Directo / newsletter,36,36
2024-04-28,Publicidad en redes,34,34
2024-04-28,Referido,19,19
2024-04-28,Todos,114,115
2024-04-29,Buscadores (orgánico),42,42
2024-04-29,Directo / newsletter,41,41
2024-04-29,Publicidad en redes,27,27
2024-04-29,Referido,17,17
2024-04-29,Todos,127,127
2024-04-30,Buscadores (orgánico),27,27
2024-04-30,Directo / newsletter,37,37
2024-04-30,Publicidad en redes,29,29
2024-04-30,Referido,34,34
2024-04-30,Todos,126,127
2024-05-01,Buscadores (orgánico),30,30
2024-05-01,Directo / newsletter,34,34
2024-05-01,Publicidad en redes,32,32
2024-05-01,Referido,17,17
2024-05-01,Todos,112,113
2024-05-02,Buscadores (orgánico),33,33
2024-05-02,Directo / newsletter,28,28
2024-05-02,Publicidad en redes,17,17
2024-05-02,Referido,25,25
2024-05-02,Todos,102,103
2024-05-03,Buscadores (orgánico),29,29
2024-05-03,Directo / newsletter,42,42
2024-05-03,Publicidad en redes,23,23
2024-05-03,Referido,14,15
2024-05-03,Todos,107,109
2024-05-04,Buscadores (orgánico),23,24
2024-05-04,Directo / newsletter,32,32
2024-05-04,Publicidad en redes,33,33
2024-05-04,Referido,12,12
2024-05-04,Todos,99,101
2024-05-05,Buscadores (orgánico),43,43
2024-05-05,Directo / newsletter,47,47
2024-05-05,Publicidad en redes,37,37
2024-05-05,Referido,18,18
2024-05-05,Todos,145,145
2024-05-06,Buscadores (orgánico),39,39
2024-05-06,Directo / newsletter,25,25
2024-05-06,Publicidad en redes,28,28
2024-05-06,Referido,16,16
2024-05-06,Todos,107,108
2024-05-07,Buscadores (orgánico),24,24
2024-05-07,Directo / newsletter,44,44
2024-05-07,Publicidad en redes,34,34
2024-05-07,Referido,22,22
2024-05-07,Todos,122,124
2024-05-08,Buscadores (orgánico),37,37
2024-05-08,Directo / newsletter,31,31
2024-05-08,Publicidad en redes,37,37
2024-05-08,Referido,15,15
2024-05-08,Todos,118,120
2024-05-09,Buscadores (orgánico),41,41
2024-05-09,Directo / newsletter,42,43
2024-05-09,Publicidad en redes,39,39
2024-05-09,Referido,22,22
2024-05-09,Todos,144,145
2024-05-10,Buscadores (orgánico),33,33
2024-05-10,Directo / newsletter,36,36
2024-05-10,Publicidad en redes,29,29
2024-05-10,Referido,19,19
2024-05-10,Todos,117,117
2024-05-11,Buscadores (orgánico),29,29
2024-05-11,Directo / newsletter,39,39
2024-05-11,Publicidad en redes,34,34
2024-05-11,Referido,18,18
2024-05-11,Todos,119,120
2024-05-12,Buscadores (orgánico),35,36
2024-05-12,Directo / newsletter,52,52
2024-05-12,Publicidad en redes,23,23
2024-05-12,Referido,20,20
2024-05-12,Todos,128,131
2024-05-13,Buscadores (orgánico),35,35
2024-05-13,Directo / newsletter,72,72
2024-05-13,Publicidad en redes,119,121
2024-05-13,Referido,57,57
2024-05-13,Todos,280,285
2024-05-14,Buscadores (orgánico),56,56
2024-05-14,Directo / newsletter,73,73
2024-05-14,Publicidad en redes,138,138
2024-05-14,Referido,54,54
2024-05-14,Todos,321,321
2024-05-15,Buscadores (orgánico),42,42
2024-05-15,Directo / newsletter,59,59
2024-05-15,Publicidad en redes,118,118
2024-05-15,Referido,36,36
2024-05-15,Todos,255,255
2024-05-16,Buscadores (orgánico),30,30
2024-05-16,Directo / newsletter,35,35
2024-05-16,Publicidad en redes,35,35
2024-05-16,Referido,23,23
2024-05-16,Todos,122,123
2024-05-17,Buscadores (orgánico),33,33
2024-05-17,Directo / newsletter,33,33
2024-05-17,Publicidad en redes,41,41
2024-05-17,Referido,22,22
2024-05-17,Todos,129,129
2024-05-18,Buscadores (orgánico),29,29
2024-05-18,Directo / newsletter,23,23
2024-05-18,Publicidad en redes,24,24
2024-05-18,Referido,20,20
2024-05-18,Todos,96,96
2024-05-19,Buscadores (orgánico),36,36
2024-05-19,Directo / newsletter,43,43
2024-05-19,Publicidad en redes,25,25
2024-05-19,Referido,24,24
2024-05-19,Todos,127,128
2024-05-20,Buscadores (orgánico),35,35
2024-05-20,Directo / newsletter,39,39
2024-05-20,Publicidad en redes,38,38
2024-05-20,Referido,24,24
2024-05-20,Todos,133,136
2024-05-21,Buscadores (orgánico),31,31
2024-05-21,Directo / newsletter,37,37
2024-05-21,Publicidad en redes,23,23
2024-05-21,Referido,30,30
2024-05-21,Todos,120,121
2024-05-22,Buscadores (orgánico),36,36
2024-05-22,Directo / newsletter,38,38
2024-05-22,Publicidad en redes,32,32
2024-05-22,Referido,20,20
2024-05-22,Todos,126,126
2024-05-23,Buscadores (orgánico),42,42
2024-05-23,Directo / newsletter,38,38
2024-05-23,Publicidad en redes,30,30
2024-05-23,Referido,26,26
2024-05-23,Todos,136,136
2024-05-24,Buscadores (orgánico),30,31
2024-05-24,Directo / newsletter,26,26
2024-05-24,Publicidad en redes,34,34
2024-05-24,Referido,28,28
2024-05-24,Todos,117,119
2024-05-25,Buscadores (orgánico),34,34
2024-05-25,Directo / newsletter,40,40
2024-05-25,Publicidad en redes,38,38
2024-05-25,Referido,19,19
2024-05-25,Todos,130,131
2024-05-26,Buscadores (orgánico),33,33
2024-05-26,Directo / newsletter,40,40
2024-05-26,Publicidad en redes,31,31
2024-05-26,Referido,26,26
2024-05-26,Todos,129,130
2024-05-27,Buscadores (orgánico),42,42
2024-05-27,Directo / newsletter,37,38
2024-05-27,Publicidad en redes,28,28
2024-05-27,Referido,28,28
2024-05-27,Todos,135,136
2024-05-28,Buscadores (orgánico),35,35
2024-05-28,Directo / newsletter,53,53
2024-05-28,Publicidad en redes,15,15
2024-05-28,Referido,34,34
2024-05-28,Todos,137,137
2024-05-29,Buscadores (orgánico),28,28
2024-05-29,Directo / newsletter,36,36
2024-05-29,Publicidad en redes,30,30
2024-05-29,Referido,22,22
2024-05-29,Todos,116,116
2024-05-30,Buscadores (orgánico),37,37
2024-05-30,Directo / newsletter,36,36
2024-05-30,Publicidad en redes,28,28
2024-05-30,Referido,17,17
2024-05-30,Todos,117,118
2024-05-31,Buscadores (orgánico),29,29
2024-05-31,Directo / newsletter,43,43
2024-05-31,Publicidad en redes,36,36
2024-05-31,Referido,21,21
2024-05-31,Todos,129,129
2024-06-01,Buscadores (orgánico),30,30
2024-06-01,Directo / newsletter,52,52
2024-06-01,Publicidad en redes,29,29
2024-06-01,Referido,29,29
2024-06-01,Todos,140,140
2024-06-02,Buscadores (orgánico),42,42
2024-06-02,Directo / newsletter,38,38
2024-06-02,Publicidad en redes,27,27
2024-06-02,Referido,20,20
2024-06-02,Todos,126,127
2024-06-03,Buscadores (orgánico),33,33
2024-06-03,Directo / newsletter,31,31
2024-06-03,Publicidad en redes,35,35
2024-06-03,Referido,28,28
2024-06-03,Todos,127,127
2024-06-04,Buscadores (orgánico),44,44
2024-06-04,Directo / newsletter,46,46
2024-06-04,Publicidad en redes,30,31
2024-06-04,Referido,28,28
2024-06-04,Todos,148,149
2024-06-05,Buscadores (orgánico),41,41
2024-06-05,Directo / newsletter,39,39
2024-06-05,Publicidad en redes,40,40
2024-06-05,Referido,28,28
2024-06-05,Todos,148,148
2024-06-06,Buscadores (orgánico),48,48
2024-06-06,Directo / newsletter,46,47
2024-06-06,Publicidad en redes,39,39
2024-06-06,Referido,27,27
2024-06-06,Todos,157,161
2024-06-07,Buscadores (orgánico),50,50
2024-06-07,Directo / newsletter,43,43
2024-06-07,Publicidad en redes,34,34
2024-06-07,Referido,22,22
2024-06-07,Todos,147,149
2024-06-08,Buscadores (orgánico),44,44
2024-06-08,Directo / newsletter,45,46
2024-06-08,Publicidad en redes,37,37
2024-06-08,Referido,32,32
2024-06-08,Todos,156,159
2024-06-09,Buscadores (orgánico),37,37
2024-06-09,Directo / newsletter,50,50
2024-06-09,Publicidad en redes,34,34
2024-06-09,Referido,35,35
2024-06-09,Todos,156,156
2024-06-10,Buscadores (orgánico),40,40
2024-06-10,Directo / newsletter,46,46
2024-06-10,Publicidad en redes,45,45
2024-06-10,Referido,30,30
2024-06-10,Todos,159,161
2024-06-11,Buscadores (orgánico),28,28
2024-06-11,Directo / newsletter,71,71
2024-06-11,Publicidad en redes,29,29
2024-06-11,Referido,58,58
2024-06-11,Todos,185,186
2024-06-12,Buscadores (orgánico),35,36
2024-06-12,Directo / newsletter,59,59
2024-06-12,Publicidad en redes,41,41
2024-06-12,Referido,28,28
2024-06-12,Todos,161,164
2024-06-13,Buscadores (orgánico),46,46
2024-06-13,Directo / newsletter,41,41
2024-06-13,Publicidad en redes,57,57
2024-06-13,Referido,34,34
2024-06-13,Todos,176,178
2024-06-14,Buscadores (orgánico),36,36
2024-06-14,Directo / newsletter,43,43
2024-06-14,Publicidad en redes,50,50
2024-06-14,Referido,27,27
2024-06-14,Todos,156,156
2024-06-15,Buscadores (orgánico),48,48
2024-06-15,Directo / newsletter,50,50
2024-06-15,Publicidad en redes,39,39
2024-06-15,Referido,33,33
2024-06-15,Todos,170,170
2024-06-16,Buscadores (orgánico),52,52
2024-06-16,Directo / newsletter,41,41
2024-06-16,Publicidad en redes,48,48
2024-06-16,Referido,32,32
2024-06-16,Todos,172,173
2024-06-17,Buscadores (orgánico),30,30
2024-06-17,Directo / newsletter,54,54
2024-06-17,Publicidad en redes,32,32
2024-06-17,Referido,23,23
2024-06-17,Todos,137,139
2024-06-18,Buscadores (orgánico),44,44
2024-06-18,Directo / newsletter,35,35
2024-06-18,Publicidad en redes,31,31
2024-06-18,Referido,25,25
2024-06-18,Todos,135,135
2024-06-19,Buscadores (orgánico),25,25
2024-06-19,Directo / newsletter,37,37
2024-06-19,Publicidad en redes,30,30
2024-06-19,Referido,27,27
2024-06-19,Todos,119,119
2024-06-20,Buscadores (orgánico),36,36
2024-06-20,Directo / newsletter,41,41
2024-06-20,Publicidad en redes,30,30
2024-06-20,Referido,15,15
2024-06-20,Todos,121,122
2024-06-21,Buscadores (orgánico),32,32
2024-06-21,Directo / newsletter,44,44
2024-06-21,Publicidad en redes,34,34
2024-06-21,Referido,24,24
2024-06-21,Todos,134,134
2024-06-22,Buscadores (orgánico),25,25
2024-06-22,Directo / newsletter,36,36
2024-06-22,Publicidad en redes,37,37
2024-06-22,Referido,20,20
2024-06-22,Todos,115,118
2024-06-23,Buscadores (orgánico),31,31
2024-06-23,Directo / newsletter,43,43
2024-06-23,Publicidad en redes,25,26
2024-06-23,Referido,21,21
2024-06-23,Todos,120,121
2024-06-24,Buscadores (orgánico),46,46
2024-06-24,Directo / newsletter,30,30
2024-06-24,Publicidad en redes,28,28
2024-06-24,Referido,37,37
2024-06-24,Todos,141,141
2024-06-25,Buscadores (orgánico),32,32
2024-06-25,Directo / newsletter,54,54
2024-06-25,Publicidad en redes,27,27
2024-06-25,Referido,42,42
2024-06-25,Todos,155,155
2024-06-26,Buscadores (orgánico),37,37
2024-06-26,Directo / newsletter,35,35
2024-06-26,Publicidad en redes,36,36
2024-06-26,Referido,21,21
2024-06-26,Todos,128,129
2024-06-27,Buscadores (orgánico),33,33
2024-06-27,Directo / newsletter,40,40
2024-06-27,Publicidad en redes,33,33
2024-06-27,Referido,17,17
2024-06-27,Todos,123,123
2024-06-28,Buscadores (orgánico),40,40
2024-06-28,Directo / newsletter,43,43
2024-06-28,Publicidad en redes,36,36
2024-06-28,Referido,28,28
2024-06-28,Todos,147,147
2024-06-29,Buscadores (orgánico),36,36
2024-06-29,Directo / newsletter,38,39
2024-06-29,Publicidad en redes,26,26
2024-06-29,Referido,22,22
2024-06-29,Todos,122,123
2024-06-30,Buscadores (orgánico),36,36
2024-06-30,Directo / newsletter,37,37
2024-06-30,Publicidad en redes,30,30
2024-06-30,Referido,25,25
2024-06-30,Todos,127,128
2024-07-01,Buscadores (orgánico),28,28
2024-07-01,Directo / newsletter,43,43
2024-07-01,Publicidad en redes,31,31
2024-07-01,Referido,19,19
2024-07-01,Todos,121,121
2024-07-02,Buscadores (orgánico),37,37
2024-07-02,Directo / newsletter,40,40
2024-07-02,Publicidad en redes,40,40
2024-07-02,Referido,20,20
2024-07-02,Todos,137,137
2024-07-03,Buscadores (orgánico),30,30
2024-07-03,Directo / newsletter,42,43
2024-07-03,Publicidad en redes,35,35
2024-07-03,Referido,20,20
2024-07-03,Todos,127,128
2024-07-04,Buscadores (orgánico),33,33
2024-07-04,Directo / newsletter,34,34
2024-07-04,Publicidad en redes,35,35
2024-07-04,Referido,19,19
2024-07-04,Todos,121,121
2024-07-05,Buscadores (orgánico),26,26
2024-07-05,Directo / newsletter,32,32
2024-07-05,Publicidad en redes,29,29
2024-07-05,Referido,27,27
2024-07-05,Todos,113,114
2024-07-06,Buscadores (orgánico),31,31
2024-07-06,Directo / newsletter,33,33
2024-07-06,Publicidad en redes,29,29
2024-07-06,Referido,23,23
2024-07-06,Todos,116,116
2024-07-07,Buscadores (orgánico),33,33
2024-07-07,Directo / newsletter,26,26
2024-07-07,Publicidad en redes,23,23
2024-07-07,Referido,28,28
2024-07-07,Todos,109,110
2024-07-08,Buscadores (orgánico),29,29
2024-07-08,Directo / newsletter,36,36
2024-07-08,Publicidad en redes,35,35
2024-07-08,Referido,21,21
2024-07-08,Todos,119,121
2024-07-09,Buscadores (orgánico),22,22
2024-07-09,Directo / newsletter,55,55
2024-07-09,Publicidad en redes,28,28
2024-07-09,Referido,31,31
2024-07-09,Todos,136,136
2024-07-10,Buscadores (orgánico),34,34
2024-07-10,Directo / newsletter,25,25
2024-07-10,Publicidad en redes,24,24
2024-07-10,Referido,14,14
2024-07-10,Todos,97,97
2024-07-11,Buscadores (orgánico),20,20
2024-07-11,Directo / newsletter,40,40
2024-07-11,Publicidad en redes,36,36
2024-07-11,Referido,25,25
2024-07-11,Todos,120,121
2024-07-12,Buscadores (orgánico),22,22
2024-07-12,Directo / newsletter,35,35
2024-07-12,Publicidad en redes,39,39
2024-07-12,Referido,28,28
2024-07-12,Todos,124,124
2024-07-13,Buscadores (orgánico),29,29
2024-07-13,Directo / newsletter,28,29
2024-07-13,Publicidad en redes,29,29
2024-07-13,Referido,22,22
2024-07-13,Todos,108,109
2024-07-14,Buscadores (orgánico),30,30
2024-07-14,Directo / newsletter,28,28
2024-07-14,Publicidad en redes,34,34
2024-07-14,Referido,26,26
2024-07-14,Todos,118,118
2024-07-15,Buscadores (orgánico),34,34
2024-07-15,Directo / newsletter,28,28
2024-07-15,Publicidad en redes,25,25
2024-07-15,Referido,19,19
2024-07-15,Todos,104,106
2024-07-16,Buscadores (orgánico),34,34
2024-07-16,Directo / newsletter,32,32
2024-07-16,Publicidad en redes,27,27
2024-07-16,Referido,17,17
2024-07-16,Todos,109,110
2024-07-17,Buscadores (orgánico),23,23
2024-07-17,Directo / newsletter,42,42
2024-07-17,Publicidad en redes,27,27
2024-07-17,Referido,18,18
2024-07-17,Todos,110,110
2024-07-18,Buscadores (orgánico),33,33
2024-07-18,Directo / newsletter,29,30
2024-07-18,Publicidad en redes,34,34
2024-07-18,Referido,18,18
2024-07-18,Todos,113,115
2024-07-19,Buscadores (orgánico),30,30
2024-07-19,Directo / newsletter,37,37
2024-07-19,Publicidad en redes,32,32
2024-07-19,Referido,17,17
2024-07-19,Todos,115,116
2024-07-20,Buscadores (orgánico),30,30
2024-07-20,Directo / newsletter,37,37
2024-07-20,Publicidad en redes,26,26
2024-07-20,Referido,25,25
2024-07-20,Todos,117,118
2024-07-21,Buscadores (orgánico),35,35
2024-07-21,Directo / newsletter,41,41
2024-07-21,Publicidad en redes,29,30
2024-07-21,Referido,18,18
2024-07-21,Todos,123,124
2024-07-22,Buscadores (orgánico),36,36
2024-07-22,Directo / newsletter,38,38
2024-07-22,Publicidad en redes,26,26
2024-07-22,Referido,16,16
2024-07-22,Todos,115,116
2024-07-23,Buscadores (orgánico),33,33
2024-07-23,Directo / newsletter,68,68
2024-07-23,Publicidad en redes,25,25
2024-07-23,Referido,43,43
2024-07-23,Todos,169,169
2024-07-24,Buscadores (orgánico),31,31
2024-07-24,Directo / newsletter,50,50
2024-07-24,Publicidad en redes,30,30
2024-07-24,Referido,21,21
2024-07-24,Todos,132,132
2024-07-25,Buscadores (orgánico),29,29
2024-07-25,Directo / newsletter,30,30
2024-07-25,Publicidad en redes,29,29
2024-07-25,Referido,18,18
2024-07-25,Todos,106,106
2024-07-26,Buscadores (orgánico),34,35
2024-07-26,Directo / newsletter,27,27
2024-07-26,Publicidad en redes,30,30
2024-07-26,Referido,19,19
2024-07-26,Todos,109,111
2024-07-27,Buscadores (orgánico),28,28
2024-07-27,Directo / newsletter,38,38
2024-07-27,Publicidad en redes,34,34
2024-07-27,Referido,29,29
2024-07-27,Todos,129,129
2024-07-28,Buscadores (orgánico),40,40
2024-07-28,Directo / newsletter,41,41
2024-07-28,Publicidad en redes,28,28
2024-07-28,Referido,23,23
2024-07-28,Todos,132,132
2024-07-29,Buscadores (orgánico),30,30
2024-07-29,Directo / newsletter,36,36
2024-07-29,Publicidad en redes,35,35
2024-07-29,Referido,21,21
2024-07-29,Todos,121,122
2024-07-30,Buscadores (orgánico),32,32
2024-07-30,Directo / newsletter,48,48
2024-07-30,Publicidad en redes,35,35
2024-07-30,Referido,25,25
2024-07-30,Todos,138,140
2024-07-31,Buscadores (orgánico),35,35
2024-07-31,Directo / newsletter,28,28
2024-07-31,Publicidad en redes,23,23
2024-07-31,Referido,16,16
2024-07-31,Todos,102,102
2024-08-01,Buscadores (orgánico),31,31
2024-08-01,Directo / newsletter,37,37
2024-08-01,Publicidad en redes,36,36
2024-08-01,Referido,14,14
2024-08-01,Todos,118,118
2024-08-02,Buscadores (orgánico),30,30
2024-08-02,Directo / newsletter,28,28
2024-08-02,Publicidad en redes,39,39
2024-08-02,Referido,21,21
2024-08-02,Todos,118,118
2024-08-03,Buscadores (orgánico),29,29
2024-08-03,Directo / newsletter,28,28
2024-08-03,Publicidad en redes,21,21
2024-08-03,Referido,19,19
2024-08-03,Todos,96,97
2024-08-04,Buscadores (orgánico),26,26
2024-08-04,Directo / newsletter,44,44
2024-08-04,Publicidad en redes,41,41
2024-08-04,Referido,28,29
2024-08-04,Todos,139,140
2024-08-05,Buscadores (orgánico),24,24
2024-08-05,Directo / newsletter,37,37
2024-08-05,Publicidad en redes,25,25
2024-08-05,Referido,24,24
2024-08-05,Todos,108,110
2024-08-06,Buscadores (orgánico),31,31
2024-08-06,Directo / newsletter,47,47
2024-08-06,Publicidad en redes,41,41
2024-08-06,Referido,18,18
2024-08-06,Todos,134,137
2024-08-07,Buscadores (orgánico),28,28
2024-08-07,Directo / newsletter,37,37
2024-08-07,Publicidad en redes,30,30
2024-08-07,Referido,29,29
2024-08-07,Todos,123,124
2024-08-08,Buscadores (orgánico),29,29
2024-08-08,Directo / newsletter,44,44
2024-08-08,Publicidad en redes,27,27
2024-08-08,Referido,19,19
2024-08-08,Todos,119,119
2024-08-09,Buscadores (orgánico),36,37
2024-08-09,Directo / newsletter,40,40
2024-08-09,Publicidad en redes,27,27
2024-08-09,Referido,16,16
2024-08-09,Todos,119,120
2024-08-10,Buscadores (orgánico),35,35
2024-08-10,Directo / newsletter,37,37
2024-08-10,Publicidad en redes,36,36
2024-08-10,Referido,19,19
2024-08-10,Todos,126,127
2024-08-11,Buscadores (orgánico),33,33
2024-08-11,Directo / newsletter,41,41
2024-08-11,Publicidad en redes,18,18
2024-08-11,Referido,23,23
2024-08-11,Todos,115,115
2024-08-12,Buscadores (orgánico),44,44
2024-08-12,Directo / newsletter,32,32
2024-08-12,Publicidad en redes,39,39
2024-08-12,Referido,20,20
2024-08-12,Todos,135,135
2024-08-13,Buscadores (orgánico),29,29
2024-08-13,Directo / newsletter,58,58
2024-08-13,Publicidad en redes,27,27
2024-08-13,Referido,42,42
2024-08-13,Todos,156,156
2024-08-14,Buscadores (orgánico),30,30
2024-08-14,Directo / newsletter,45,45
2024-08-14,Publicidad en redes,37,37
2024-08-14,Referido,17,17
2024-08-14,Todos,126,129
2024-08-15,Buscadores (orgánico),36,36
2024-08-15,Directo / newsletter,42,42
2024-08-15,Publicidad en redes,38,38
2024-08-15,Referido,15,15
2024-08-15,Todos,131,131
2024-08-16,Buscadores (orgánico),35,35
2024-08-16,Directo / newsletter,42,42
2024-08-16,Publicidad en redes,26,26
2024-08-16,Referido,20,20
2024-08-16,Todos,123,123
2024-08-17,Buscadores (orgánico),36,36
2024-08-17,Directo / newsletter,42,43
2024-08-17,Publicidad en redes,39,39
2024-08-17,Referido,16,16
2024-08-17,Todos,131,134
2024-08-18,Buscadores (orgánico),39,39
2024-08-18,Directo / newsletter,37,37
2024-08-18,Publicidad en redes,32,32
2024-08-18,Referido,19,20
2024-08-18,Todos,126,128
2024-08-19,Buscadores (orgánico),37,37
2024-08-19,Directo / newsletter,47,49
2024-08-19,Publicidad en redes,24,24
2024-08-19,Referido,23,23
2024-08-19,Todos,131,133
2024-08-20,Buscadores (orgánico),34,34
2024-08-20,Directo / newsletter,35,35
2024-08-20,Publicidad en redes,31,32
2024-08-20,Referido,20,20
2024-08-20,Todos,119,121
2024-08-21,Buscadores (orgánico),36,36
2024-08-21,Directo / newsletter,32,33
2024-08-21,Publicidad en redes,30,30
2024-08-21,Referido,24,24
2024-08-21,Todos,119,123
2024-08-22,Buscadores (orgánico),40,40
2024-08-22,Directo / newsletter,39,39
2024-08-22,Publicidad en redes,22,22
2024-08-22,Referido,18,18
2024-08-22,Todos,117,119
2024-08-23,Buscadores (orgánico),28,28
2024-08-23,Directo / newsletter,48,48
2024-08-23,Publicidad en redes,35,35
2024-08-23,Referido,26,26
2024-08-23,Todos,137,137
2024-08-24,Buscadores (orgánico),40,40
2024-08-24,Directo / newsletter,39,39
2024-08-24,Publicidad en redes,30,30
2024-08-24,Referido,22,22
2024-08-24,Todos,131,131
2024-08-25,Buscadores (orgánico),40,40
2024-08-25,Directo / newsletter,37,37
2024-08-25,Publicidad en redes,45,45
2024-08-25,Referido,19,19
2024-08-25,Todos,140,141
2024-08-26,Buscadores (orgánico),48,48
2024-08-26,Directo / newsletter,39,39
2024-08-26,Publicidad en redes,29,29
2024-08-26,Referido,19,19
2024-08-26,Todos,134,135
2024-08-27,Buscadores (orgánico),23,23
2024-08-27,Directo / newsletter,68,68
2024-08-27,Publicidad en redes,30,30
2024-08-27,Referido,42,42
2024-08-27,Todos,163,163
2024-08-28,Buscadores (orgánico),40,40
2024-08-28,Directo / newsletter,44,44
2024-08-28,Publicidad en redes,36,36
2024-08-28,Referido,23,23
2024-08-28,Todos,142,143
2024-08-29,Buscadores (orgánico),30,30
2024-08-29,Directo / newsletter,38,38
2024-08-29,Publicidad en redes,25,25
2024-08-29,Referido,13,13
2024-08-29,Todos,105,106
2024-08-30,Buscadores (orgánico),32,32
2024-08-30,Directo / newsletter,33,33
2024-08-30,Publicidad en redes,35,35
2024-08-30,Referido,20,20
2024-08-30,Todos,120,120
2024-08-31,Buscadores (orgánico),35,35
2024-08-31,Directo / newsletter,44,44
2024-08-31,Publicidad en redes,32,32
2024-08-31,Referido,21,21
2024-08-31,Todos,131,132
2024-09-01,Buscadores (orgánico),34,34
2024-09-01,Directo / newsletter,42,42
2024-09-01,Publicidad en redes,34,34
2024-09-01,Referido,19,19
2024-09-01,Todos,126,129
2024-09-02,Buscadores (orgánico),55,55
2024-09-02,Directo / newsletter,42,42
2024-09-02,Publicidad en redes,23,23
2024-09-02,Referido,18,18
2024-09-02,Todos,137,138
2024-09-03,Buscadores (orgánico),44,44
2024-09-03,Directo / newsletter,44,44
2024-09-03,Publicidad en redes,28,29
2024-09-03,Referido,15,15
2024-09-03,Todos,130,132
2024-09-04,Buscadores (orgánico),35,35
2024-09-04,Directo / newsletter,43,43
2024-09-04,Publicidad en redes,36,36
2024-09-04,Referido,29,29
2024-09-04,Todos,142,143
2024-09-05,Buscadores (orgánico),40,40
2024-09-05,Directo / newsletter,30,30
2024-09-05,Publicidad en redes,35,35
2024-09-05,Referido,19,19
2024-09-05,Todos,124,124
2024-09-06,Buscadores (orgánico),43,43
2024-09-06,Directo / newsletter,39,40
2024-09-06,Publicidad en redes,35,35
2024-09-06,Referido,19,19
2024-09-06,Todos,136,137
2024-09-07,Buscadores (orgánico),45,45
2024-09-07,Directo / newsletter,49,49
2024-09-07,Publicidad en redes,30,30
2024-09-07,Referido,16,16
2024-09-07,Todos,139,140
2024-09-08,Buscadores (orgánico),30,30
2024-09-08,Directo / newsletter,41,42
2024-09-08,Publicidad en redes,41,41
2024-09-08,Referido,21,21
2024-09-08,Todos,133,134
2024-09-09,Buscadores (orgánico),29,29
2024-09-09,Directo / newsletter,38,38
2024-09-09,Publicidad en redes,34,34
2024-09-09,Referido,28,28
2024-09-09,Todos,129,129
2024-09-10,Buscadores (orgánico),42,42
2024-09-10,Directo / newsletter,61,61
2024-09-10,Publicidad en redes,35,35
2024-09-10,Referido,45,45
2024-09-10,Todos,183,183
2024-09-11,Buscadores (orgánico),38,38
2024-09-11,Directo / newsletter,33,33
2024-09-11,Publicidad en redes,37,37
2024-09-11,Referido,27,27
2024-09-11,Todos,134,135
2024-09-12,Buscadores (orgánico),40,40
2024-09-12,Directo / newsletter,44,44
2024-09-12,Publicidad en redes,31,31
2024-09-12,Referido,28,28
2024-09-12,Todos,143,143
2024-09-13,Buscadores (orgánico),39,39
2024-09-13,Directo / newsletter,36,36
2024-09-13,Publicidad en redes,34,34
2024-09-13,Referido,26,26
2024-09-13,Todos,134,135
2024-09-14,Buscadores (orgánico),44,44
2024-09-14,Directo / newsletter,37,37
2024-09-14,Publicidad en redes,33,33
2024-09-14,Referido,29,29
2024-09-14,Todos,142,143
2024-09-15,Buscadores (orgánico),28,28
2024-09-15,Directo / newsletter,31,31
2024-09-15,Publicidad en redes,30,30
2024-09-15,Referido,32,32
2024-09-15,Todos,121,121
2024-09-16,Buscadores (orgánico),36,36
2024-09-16,Directo / newsletter,39,39
2024-09-16,Publicidad en redes,30,30
2024-09-16,Referido,23,23
2024-09-16,Todos,127,128
2024-09-17,Buscadores (orgánico),37,37
2024-09-17,Directo / newsletter,30,30
2024-09-17,Publicidad en redes,30,30
2024-09-17,Referido,32,32
2024-09-17,Todos,128,129
2024-09-18,Buscadores (orgánico),51,51
2024-09-18,Directo / newsletter,54,54
2024-09-18,Publicidad en redes,31,31
2024-09-18,Referido,20,20
2024-09-18,Todos,156,156
2024-09-19,Buscadores (orgánico),36,36
2024-09-19,Directo / newsletter,49,49
2024-09-19,Publicidad en redes,34,34
2024-09-19,Referido,24,24
2024-09-19,Todos,143,143
2024-09-20,Buscadores (orgánico),34,34
2024-09-20,Directo / newsletter,45,45
2024-09-20,Publicidad en redes,31,31
2024-09-20,Referido,30,30
2024-09-20,Todos,138,140
2024-09-21,Buscadores (orgánico),38,38
2024-09-21,Directo / newsletter,38,38
2024-09-21,Publicidad en redes,44,44
2024-09-21,Referido,26,26
2024-09-21,Todos,145,146
2024-09-22,Buscadores (orgánico),30,30
2024-09-22,Directo / newsletter,36,36
2024-09-22,Publicidad en redes,39,39
2024-09-22,Referido,15,15
2024-09-22,Todos,120,120
2024-09-23,Buscadores (orgánico),39,39
2024-09-23,Directo / newsletter,41,41
2024-09-23,Publicidad en redes,30,30
2024-09-23,Referido,28,28
2024-09-23,Todos,137,138
2024-09-24,Buscadores (orgánico),36,36
2024-09-24,Directo / newsletter,54,54
2024-09-24,Publicidad en redes,30,30
2024-09-24,Referido,47,47
2024-09-24,Todos,163,167
2024-09-25,Buscadores (orgánico),43,44
2024-09-25,Directo / newsletter,41,41
2024-09-25,Publicidad en redes,47,47
2024-09-25,Referido,22,22
2024-09-25,Todos,153,154
2024-09-26,Buscadores (orgánico),38,38
2024-09-26,Directo / newsletter,41,41
2024-09-26,Publicidad en redes,30,30
2024-09-26,Referido,28,28
2024-09-26,Todos,135,137
2024-09-27,Buscadores (orgánico),36,36
2024-09-27,Directo / newsletter,47,47
2024-09-27,Publicidad en redes,37,37
2024-09-27,Referido,25,25
2024-09-27,Todos,144,145
2024-09-28,Buscadores (orgánico),48,48
2024-09-28,Directo / newsletter,38,38
2024-09-28,Publicidad en redes,30,30
2024-09-28,Referido,16,16
2024-09-28,Todos,131,132
2024-09-29,Buscadores (orgánico),40,40
2024-09-29,Directo / newsletter,29,29
2024-09-29,Publicidad en redes,38,38
2024-09-29,Referido,20,20
2024-09-29,Todos,126,127
2024-09-30,Buscadores (orgánico),28,28
2024-09-30,Directo / newsletter,45,45
2024-09-30,Publicidad en redes,46,46
2024-09-30,Referido,24,24
2024-09-30,Todos,143,143
2024-10-01,Buscadores (orgánico),33,34
2024-10-01,Directo / newsletter,46,46
2024-10-01,Publicidad en redes,32,32
2024-10-01,Referido,34,34
2024-10-01,Todos,142,146
2024-10-02,Buscadores (orgánico),49,49
2024-10-02,Directo / newsletter,31,31
2024-10-02,Publicidad en redes,39,39
2024-10-02,Referido,22,22
2024-10-02,Todos,140,141
2024-10-03,Buscadores (orgánico),45,45
2024-10-03,Directo / newsletter,47,47
2024-10-03,Publicidad en redes,40,40
2024-10-03,Referido,30,30
2024-10-03,Todos,161,162
2024-10-04,Buscadores (orgánico),30,31
2024-10-04,Directo / newsletter,49,50
2024-10-04,Publicidad en redes,32,32
2024-10-04,Referido,31,31
2024-10-04,Todos,141,144
2024-10-05,Buscadores (orgánico),36,36
2024-10-05,Directo / newsletter,44,44
2024-10-05,Publicidad en redes,32,32
2024-10-05,Referido,24,24
2024-10-05,Todos,136,136
2024-10-06,Buscadores (orgánico),30,30
2024-10-06,Directo / newsletter,36,36
2024-10-06,Publicidad en redes,30,30
2024-10-06,Referido,33,33
2024-10-06,Todos,128,129
2024-10-07,Buscadores (orgánico),51,51
2024-10-07,Directo / newsletter,53,53
2024-10-07,Publicidad en redes,35,35
2024-10-07,Referido,27,27
2024-10-07,Todos,165,166
2024-10-08,Buscadores (orgánico),29,29
2024-10-08,Directo / newsletter,81,81
2024-10-08,Publicidad en redes,27,27
2024-10-08,Referido,51,51
2024-10-08,Todos,187,188
2024-10-09,Buscadores (orgánico),33,33
2024-10-09,Directo / newsletter,47,48
2024-10-09,Publicidad en redes,35,35
2024-10-09,Referido,20,20
2024-10-09,Todos,135,136
2024-10-10,Buscadores (orgánico),32,32
2024-10-10,Directo / newsletter,41,41
2024-10-10,Publicidad en redes,42,42
2024-10-10,Referido,27,27
2024-10-10,Todos,140,142
2024-10-11,Buscadores (orgánico),44,44
2024-10-11,Directo / newsletter,52,52
2024-10-11,Publicidad en redes,46,46
2024-10-11,Referido,28,28
2024-10-11,Todos,170,170
2024-10-12,Buscadores (orgánico),40,40
2024-10-12,Directo / newsletter,39,39
2024-10-12,Publicidad en redes,34,34
2024-10-12,Referido,35,35
2024-10-12,Todos,147,148
2024-10-13,Buscadores (orgánico),44,44
2024-10-13,Directo / newsletter,49,51
2024-10-13,Publicidad en redes,33,33
2024-10-13,Referido,31,31
2024-10-13,Todos,157,159
2024-10-14,Buscadores (orgánico),43,43
2024-10-14,Directo / newsletter,25,25
2024-10-14,Publicidad en redes,44,44
2024-10-14,Referido,34,34
2024-10-14,Todos,145,146
2024-10-15,Buscadores (orgánico),43,43
2024-10-15,Directo / newsletter,52,52
2024-10-15,Publicidad en redes,29,29
2024-10-15,Referido,21,21
2024-10-15,Todos,143,145
2024-10-16,Buscadores (orgánico),36,36
2024-10-16,Directo / newsletter,50,50
2024-10-16,Publicidad en redes,32,32
2024-10-16,Referido,26,26
2024-10-16,Todos,144,144
2024-10-17,Buscadores (orgánico),49,49
2024-10-17,Directo / newsletter,55,55
2024-10-17,Publicidad en redes,27,27
2024-10-17,Referido,25,25
2024-10-17,Todos,155,156
2024-10-18,Buscadores (orgánico),47,47
2024-10-18,Directo / newsletter,51,51
2024-10-18,Publicidad en redes,41,41
2024-10-18,Referido,27,27
2024-10-18,Todos,165,166
2024-10-19,Buscadores (orgánico),43,43
2024-10-19,Directo / newsletter,33,33
2024-10-19,Publicidad en redes,33,33
2024-10-19,Referido,18,18
2024-10-19,Todos,126,127
2024-10-20,Buscadores (orgánico),47,47
2024-10-20,Directo / newsletter,44,44
2024-10-20,Publicidad en redes,48,48
2024-10-20,Referido,23,23
2024-10-20,Todos,162,162
2024-10-21,Buscadores (orgánico),42,42
2024-10-21,Directo / newsletter,46,46
2024-10-21,Publicidad en redes,41,41
2024-10-21,Referido,27,27
2024-10-21,Todos,155,156
2024-10-22,Buscadores (orgánico),33,33
2024-10-22,Directo / newsletter,76,76
2024-10-22,Publicidad en redes,28,28
2024-10-22,Referido,56,56
2024-10-22,Todos,193,193
2024-10-23,Buscadores (orgánico),30,30
2024-10-23,Directo / newsletter,37,37
2024-10-23,Publicidad en redes,36,36
2024-10-23,Referido,31,31
2024-10-23,Todos,133,134
2024-10-24,Buscadores (orgánico),45,45
2024-10-24,Directo / newsletter,34,34
2024-10-24,Publicidad en redes,35,35
2024-10-24,Referido,23,23
2024-10-24,Todos,137,137
2024-10-25,Buscadores (orgánico),39,39
2024-10-25,Directo / newsletter,28,28
2024-10-25,Publicidad en redes,44,44
2024-10-25,Referido,34,34
2024-10-25,Todos,145,145
2024-10-26,Buscadores (orgánico),67,68
2024-10-26,Directo / newsletter,33,33
2024-10-26,Publicidad en redes,38,38
2024-10-26,Referido,31,31
2024-10-26,Todos,167,170
2024-10-27,Buscadores (orgánico),47,47
2024-10-27,Directo / newsletter,42,42
2024-10-27,Publicidad en redes,33,33
2024-10-27,Referido,25,25
2024-10-27,Todos,147,147
2024-10-28,Buscadores (orgánico),47,47
2024-10-28,Directo / newsletter,45,45
2024-10-28,Publicidad en redes,31,32
2024-10-28,Referido,32,32
2024-10-28,Todos,154,156
2024-10-29,Buscadores (orgánico),52,52
2024-10-29,Directo / newsletter,45,45
2024-10-29,Publicidad en redes,30,30
2024-10-29,Referido,33,33
2024-10-29,Todos,157,160
2024-10-30,Buscadores (orgánico),38,38
2024-10-30,Directo / newsletter,45,45
2024-10-30,Publicidad en redes,47,47
2024-10-30,Referido,30,31
2024-10-30,Todos,160,161
2024-10-31,Buscadores (orgánico),34,34
2024-10-31,Directo / newsletter,46,46
2024-10-31,Publicidad en redes,42,42
2024-10-31,Referido,27,27
2024-10-31,Todos,147,149
2024-11-01,Buscadores (orgánico),45,45
2024-11-01,Directo / newsletter,52,52
2024-11-01,Publicidad en redes,34,34
2024-11-01,Referido,27,27
2024-11-01,Todos,158,158
2024-11-02,Buscadores (orgánico),41,41
2024-11-02,Directo / newsletter,35,35
2024-11-02,Publicidad en redes,39,39
2024-11-02,Referido,29,29
2024-11-02,Todos,143,144
2024-11-03,Buscadores (orgánico),43,43
2024-11-03,Directo / newsletter,41,42
2024-11-03,Publicidad en redes,49,49
2024-11-03,Referido,25,25
2024-11-03,Todos,157,159
2024-11-04,Buscadores (orgánico),49,49
2024-11-04,Directo / newsletter,77,77
2024-11-04,Publicidad en redes,114,114
2024-11-04,Referido,44,44
2024-11-04,Todos,284,284
2024-11-05,Buscadores (orgánico),55,55
2024-11-05,Directo / newsletter,63,63
2024-11-05,Publicidad en redes,134,134
2024-11-05,Referido,44,44
2024-11-05,Todos,295,296
2024-11-06,Buscadores (orgánico),48,48
2024-11-06,Directo / newsletter,56,56
2024-11-06,Publicidad en redes,124,124
2024-11-06,Referido,39,39
2024-11-06,Todos,266,267
2024-11-07,Buscadores (orgánico),41,41
2024-11-07,Directo / newsletter,51,51
2024-11-07,Publicidad en redes,43,43
2024-11-07,Referido,25,25
2024-11-07,Todos,159,160
2024-11-08,Buscadores (orgánico),41,41
2024-11-08,Directo / newsletter,42,42
2024-11-08,Publicidad en redes,34,34
2024-11-08,Referido,36,36
2024-11-08,Todos,151,153
2024-11-09,Buscadores (orgánico),36,36
2024-11-09,Directo / newsletter,56,56
2024-11-09,Publicidad en redes,35,35
2024-11-09,Referido,22,22
2024-11-09,Todos,149,149
2024-11-10,Buscadores (orgánico),38,38
2024-11-10,Directo / newsletter,38,38
2024-11-10,Publicidad en redes,51,51
2024-11-10,Referido,29,29
2024-11-10,Todos,156,156
2024-11-11,Buscadores (orgánico),38,38
2024-11-11,Directo / newsletter,42,42
2024-11-11,Publicidad en redes,39,39
2024-11-11,Referido,29,29
2024-11-11,Todos,147,148
2024-11-12,Buscadores (orgánico),34,34
2024-11-12,Directo / newsletter,62,62
2024-11-12,Publicidad en redes,42,42
2024-11-12,Referido,44,44
2024-11-12,Todos,181,182
2024-11-13,Buscadores (orgánico),45,45
2024-11-13,Directo / newsletter,47,47
2024-11-13,Publicidad en redes,46,46
2024-11-13,Referido,30,30
2024-11-13,Todos,167,168
2024-11-14,Buscadores (orgánico),31,31
2024-11-14,Directo / newsletter,50,50
2024-11-14,Publicidad en redes,40,40
2024-11-14,Referido,29,29
2024-11-14,Todos,150,150
2024-11-15,Buscadores (orgánico),38,38
2024-11-15,Directo / newsletter,39,39
2024-11-15,Publicidad en redes,40,40
2024-11-15,Referido,24,24
2024-11-15,Todos,139,141
2024-11-16,Buscadores (orgánico),31,31
2024-11-16,Directo / newsletter,42,42
2024-11-16,Publicidad en redes,38,38
2024-11-16,Referido,29,29
2024-11-16,Todos,140,140
2024-11-17,Buscadores (orgánico),38,38
2024-11-17,Directo / newsletter,43,43
2024-11-17,Publicidad en redes,43,44
2024-11-17,Referido,22,22
2024-11-17,Todos,146,147
2024-11-18,Buscadores (orgánico),48,48
2024-11-18,Directo / newsletter,48,49
2024-11-18,Publicidad en redes,35,35
2024-11-18,Referido,33,33
2024-11-18,Todos,163,165
2024-11-19,Buscadores (orgánico),48,48
2024-11-19,Directo / newsletter,54,54
2024-11-19,Publicidad en redes,41,41
2024-11-19,Referido,20,20
2024-11-19,Todos,160,163
2024-11-20,Buscadores (orgánico),36,36
2024-11-20,Directo / newsletter,39,39
2024-11-20,Publicidad en redes,54,54
2024-11-20,Referido,26,26
2024-11-20,Todos,155,155
2024-11-21,Buscadores (orgánico),38,38
2024-11-21,Directo / newsletter,55,55
2024-11-21,Publicidad en redes,40,40
2024-11-21,Referido,27,27
2024-11-21,Todos,159,160
2024-11-22,Buscadores (orgánico),43,43
2024-11-22,Directo / newsletter,42,42
2024-11-22,Publicidad en redes,37,37
2024-11-22,Referido,32,32
2024-11-22,Todos,154,154
2024-11-23,Buscadores (orgánico),39,39
2024-11-23,Directo / newsletter,60,60
2024-11-23,Publicidad en redes,36,36
2024-11-23,Referido,26,26
2024-11-23,Todos,161,161
2024-11-24,Buscadores (orgánico),43,43
2024-11-24,Directo / newsletter,57,57
2024-11-24,Publicidad en redes,35,35
2024-11-24,Referido,40,40
2024-11-24,Todos,173,175
2024-11-25,Buscadores (orgánico),47,47
2024-11-25,Directo / newsletter,69,69
2024-11-25,Publicidad en redes,52,52
2024-11-25,Referido,35,35
2024-11-25,Todos,202,203
2024-11-26,Buscadores (orgánico),36,36
2024-11-26,Directo / newsletter,77,78
2024-11-26,Publicidad en redes,28,29
2024-11-26,Referido,57,57
2024-11-26,Todos,196,200
2024-11-27,Buscadores (orgánico),38,39
2024-11-27,Directo / newsletter,51,51
2024-11-27,Publicidad en redes,45,45
2024-11-27,Referido,27,27
2024-11-27,Todos,161,162
2024-11-28,Buscadores (orgánico),56,56
2024-11-28,Directo / newsletter,48,48
2024-11-28,Publicidad en redes,54,54
2024-11-28,Referido,25,25
2024-11-28,Todos,181,183
2024-11-29,Buscadores (orgánico),50,50
2024-11-29,Directo / newsletter,49,49
2024-11-29,Publicidad en redes,111,111
2024-11-29,Referido,44,44
2024-11-29,Todos,253,254
2024-11-30,Buscadores (orgánico),47,47
2024-11-30,Directo / newsletter,54,54
2024-11-30,Publicidad en redes,109,109
2024-11-30,Referido,40,41
2024-11-30,Todos,248,251
2024-12-01,Buscadores (orgánico),45,45
2024-12-01,Directo / newsletter,66,66
2024-12-01,Publicidad en redes,114,114
2024-12-01,Referido,46,46
2024-12-01,Todos,269,271
2024-12-02,Buscadores (orgánico),51,51
2024-12-02,Directo / newsletter,45,47
2024-12-02,Publicidad en redes,58,58
2024-12-02,Referido,47,47
2024-12-02,Todos,200,203
2024-12-03,Buscadores (orgánico),57,57
2024-12-03,Directo / newsletter,53,53
2024-12-03,Publicidad en redes,43,43
2024-12-03,Referido,35,35
2024-12-03,Todos,186,188
2024-12-04,Buscadores (orgánico),47,47
2024-12-04,Directo / newsletter,55,55
2024-12-04,Publicidad en redes,47,47
2024-12-04,Referido,28,28
2024-12-04,Todos,177,177
2024-12-05,Buscadores (orgánico),37,37
2024-12-05,Directo / newsletter,41,41
2024-12-05,Publicidad en redes,46,46
2024-12-05,Referido,27,27
2024-12-05,Todos,150,151
2024-12-06,Buscadores (orgánico),59,60
2024-12-06,Directo / newsletter,49,49
2024-12-06,Publicidad en redes,47,47
2024-12-06,Referido,41,41
2024-12-06,Todos,193,197
2024-12-07,Buscadores (orgánico),45,45
2024-12-07,Directo / newsletter,61,61
2024-12-07,Publicidad en redes,43,43
2024-12-07,Referido,21,21
2024-12-07,Todos,169,170
2024-12-08,Buscadores (orgánico),54,54
2024-12-08,Directo / newsletter,64,64
2024-12-08,Publicidad en redes,40,40
2024-12-08,Referido,32,32
2024-12-08,Todos,189,190
2024-12-09,Buscadores (orgánico),51,51
2024-12-09,Directo / newsletter,52,52
2024-12-09,Publicidad en redes,54,54
2024-12-09,Referido,35,35
2024-12-09,Todos,191,192
2024-12-10,Buscadores (orgánico),66,66
2024-12-10,Directo / newsletter,131,132
2024-12-10,Publicidad en redes,46,46
2024-12-10,Referido,93,93
2024-12-10,Todos,333,337
2024-12-11,Buscadores (orgánico),55,55
2024-12-11,Directo / newsletter,60,61
2024-12-11,Publicidad en redes,50,51
2024-12-11,Referido,40,40
2024-12-11,Todos,204,207
2024-12-12,Buscadores (orgánico),63,63
2024-12-12,Directo / newsletter,77,77
2024-12-12,Publicidad en redes,58,58
2024-12-12,Referido,42,42
2024-12-12,Todos,237,240
2024-12-13,Buscadores (orgánico),66,66
2024-12-13,Directo / newsletter,71,71
2024-12-13,Publicidad en redes,58,58
2024-12-13,Referido,39,39
2024-12-13,Todos,234,234
2024-12-14,Buscadores (orgánico),74,75
2024-12-14,Directo / newsletter,63,64
2024-12-14,Publicidad en redes,67,67
2024-12-14,Referido,52,52
2024-12-14,Todos,256,258
2024-12-15,Buscadores (orgánico),69,69
2024-12-15,Directo / newsletter,86,87
2024-12-15,Publicidad en redes,51,51
2024-12-15,Referido,46,47
2024-12-15,Todos,249,254
2024-12-16,Buscadores (orgánico),57,58
2024-12-16,Directo / newsletter,71,71
2024-12-16,Publicidad en redes,62,63
2024-12-16,Referido,33,33
2024-12-16,Todos,221,225
2024-12-17,Buscadores (orgánico),47,47
2024-12-17,Directo / newsletter,67,67
2024-12-17,Publicidad en redes,64,64
2024-12-17,Referido,41,41
2024-12-17,Todos,215,219
2024-12-18,Buscadores (orgánico),74,74
2024-12-18,Directo / newsletter,78,78
2024-12-18,Publicidad en redes,58,58
2024-12-18,Referido,46,46
2024-12-18,Todos,254,256
2024-12-19,Buscadores (orgánico),67,67
2024-12-19,Directo / newsletter,77,77
2024-12-19,Publicidad en redes,57,57
2024-12-19,Referido,41,41
2024-12-19,Todos,242,242
2024-12-20,Buscadores (orgánico),66,66
2024-12-20,Directo / newsletter,83,83
2024-12-20,Publicidad en redes,57,57
2024-12-20,Referido,42,42
2024-12-20,Todos,248,248
2024-12-21,Buscadores (orgánico),82,82
2024-12-21,Directo / newsletter,75,75
2024-12-21,Publicidad en redes,66,66
2024-12-21,Referido,40,40
2024-12-21,Todos,260,263
2024-12-22,Buscadores (orgánico),85,85
2024-12-22,Directo / newsletter,59,59
2024-12-22,Publicidad en redes,56,56
2024-12-22,Referido,52,52
2024-12-22,Todos,252,252
2024-12-23,Buscadores (orgánico),83,84
2024-12-23,Directo / newsletter,66,66
2024-12-23,Publicidad en redes,62,62
2024-12-23,Referido,50,50
2024-12-23,Todos,258,262
2024-12-24,Buscadores (orgánico),63,63
2024-12-24,Directo / newsletter,116,116
2024-12-24,Publicidad en redes,43,43
2024-12-24,Referido,98,98
2024-12-24,Todos,319,320
2024-12-25,Buscadores (orgánico),56,56
2024-12-25,Directo / newsletter,56,56
2024-12-25,Publicidad en redes,34,34
2024-12-25,Referido,28,28
2024-12-25,Todos,172,174
2024-12-26,Buscadores (orgánico),56,57
2024-12-26,Directo / newsletter,47,47
2024-12-26,Publicidad en redes,50,50
2024-12-26,Referido,25,25
2024-12-26,Todos,177,179
2024-12-27,Buscadores (orgánico),46,46
2024-12-27,Directo / newsletter,63,64
2024-12-27,Publicidad en redes,52,52
2024-12-27,Referido,31,31
2024-12-27,Todos,191,193
2024-12-28,Buscadores (orgánico),52,53
2024-12-28,Directo / newsletter,57,57
2024-12-28,Publicidad en redes,38,38
2024-12-28,Referido,20,20
2024-12-28,Todos,165,168
2024-12-29,Buscadores (orgánico),46,46
2024-12-29,Directo / newsletter,48,48
2024-12-29,Publicidad en redes,41,41
2024-12-29,Referido,36,36
2024-12-29,Todos,169,171
2024-12-30,Buscadores (orgánico),47,47
2024-12-30,Directo / newsletter,59,60
2024-12-30,Publicidad en redes,46,46
2024-12-30,Referido,45,45
2024-12-30,Todos,196,198
2024-12-31,Buscadores (orgánico),38,38
2024-12-31,Directo / newsletter,42,43
2024-12-31,Publicidad en redes,42,42
2024-12-31,Referido,43,44
2024-12-31,Todos,163,167
2025-01-01,Buscadores (orgánico),51,51
2025-01-01,Directo / newsletter,61,61
2025-01-01,Publicidad en redes,31,31
2025-01-01,Referido,32,32
2025-01-01,Todos,175,175
2025-01-02,Buscadores (orgánico),49,49
2025-01-02,Directo / newsletter,43,44
2025-01-02,Publicidad en redes,30,30
2025-01-02,Referido,24,24
2025-01-02,Todos,144,147
2025-01-03,Buscadores (orgánico),48,48
2025-01-03,Directo / newsletter,47,47
2025-01-03,Publicidad en redes,40,40
2025-01-03,Referido,32,32
2025-01-03,Todos,166,167
2025-01-04,Buscadores (orgánico),49,49
2025-01-04,Directo / newsletter,54,54
2025-01-04,Publicidad en redes,48,48
2025-01-04,Referido,41,41
2025-01-04,Todos,189,192
2025-01-05,Buscadores (orgánico),57,57
2025-01-05,Directo / newsletter,50,50
2025-01-05,Publicidad en redes,38,38
2025-01-05,Referido,35,35
2025-01-05,Todos,178,180
2025-01-06,Buscadores (orgánico),52,52
2025-01-06,Directo / newsletter,46,46
2025-01-06,Publicidad en redes,42,42
2025-01-06,Referido,34,34
2025-01-06,Todos,173,174
2025-01-07,Buscadores (orgánico),47,48
2025-01-07,Directo / newsletter,49,49
2025-01-07,Publicidad en redes,46,46
2025-01-07,Referido,27,27
2025-01-07,Todos,169,170
2025-01-08,Buscadores (orgánico),42,42
2025-01-08,Directo / newsletter,51,51
2025-01-08,Publicidad en redes,53,53
2025-01-08,Referido,27,27
2025-01-08,Todos,172,173
2025-01-09,Buscadores (orgánico),50,50
2025-01-09,Directo / newsletter,46,46
2025-01-09,Publicidad en redes,32,32
2025-01-09,Referido,32,32
2025-01-09,Todos,159,160
2025-01-10,Buscadores (orgánico),46,46
2025-01-10,Directo / newsletter,42,43
2025-01-10,Publicidad en redes,40,40
2025-01-10,Referido,34,34
2025-01-10,Todos,162,163
2025-01-11,Buscadores (orgánico),48,48
2025-01-11,Directo / newsletter,52,52
2025-01-11,Publicidad en redes,39,39
2025-01-11,Referido,34,34
2025-01-11,Todos,171,173
2025-01-12,Buscadores (orgánico),49,49
2025-01-12,Directo / newsletter,48,49
2025-01-12,Publicidad en redes,45,45
2025-01-12,Referido,31,31
2025-01-12,Todos,170,174
2025-01-13,Buscadores (orgánico),42,42
2025-01-13,Directo / newsletter,53,55
2025-01-13,Publicidad en redes,48,48
2025-01-13,Referido,36,36
2025-01-13,Todos,179,181
2025-01-14,Buscadores (orgánico),39,39
2025-01-14,Directo / newsletter,73,74
2025-01-14,Publicidad en redes,39,39
2025-01-14,Referido,50,50
2025-01-14,Todos,201,202
2025-01-15,Buscadores (orgánico),50,50
2025-01-15,Directo / newsletter,61,61
2025-01-15,Publicidad en redes,39,39
2025-01-15,Referido,34,34
2025-01-15,Todos,184,184
2025-01-16,Buscadores (orgánico),50,50
2025-01-16,Directo / newsletter,61,61
2025-01-16,Publicidad en redes,59,59
2025-01-16,Referido,27,27
2025-01-16,Todos,197,197
2025-01-17,Buscadores (orgánico),63,63
2025-01-17,Directo / newsletter,42,42
2025-01-17,Publicidad en redes,35,36
2025-01-17,Referido,39,39
2025-01-17,Todos,178,180
2025-01-18,Buscadores (orgánico),55,55
2025-01-18,Directo / newsletter,37,37
2025-01-18,Publicidad en redes,50,50
2025-01-18,Referido,28,28
2025-01-18,Todos,168,170
2025-01-19,Buscadores (orgánico),35,35
2025-01-19,Directo / newsletter,47,47
2025-01-19,Publicidad en redes,31,31
2025-01-19,Referido,36,36
2025-01-19,Todos,147,149
2025-01-20,Buscadores (orgánico),47,47
2025-01-20,Directo / newsletter,53,53
2025-01-20,Publicidad en redes,36,36
2025-01-20,Referido,38,38
2025-01-20,Todos,174,174
2025-01-21,Buscadores (orgánico),49,49
2025-01-21,Directo / newsletter,39,39
2025-01-21,Publicidad en redes,43,43
2025-01-21,Referido,35,35
2025-01-21,Todos,163,166
2025-01-22,Buscadores (orgánico),42,42
2025-01-22,Directo / newsletter,54,54
2025-01-22,Publicidad en redes,45,45
2025-01-22,Referido,26,26
2025-01-22,Todos,167,167
2025-01-23,Buscadores (orgánico),58,58
2025-01-23,Directo / newsletter,45,46
2025-01-23,Publicidad en redes,39,39
2025-01-23,Referido,23,23
2025-01-23,Todos,164,166
2025-01-24,Buscadores (orgánico),54,54
2025-01-24,Directo / newsletter,59,59
2025-01-24,Publicidad en redes,28,28
2025-01-24,Referido,26,26
2025-01-24,Todos,167,167
2025-01-25,Buscadores (orgánico),55,55
2025-01-25,Directo / newsletter,67,68
2025-01-25,Publicidad en redes,40,40
2025-01-25,Referido,39,39
2025-01-25,Todos,199,202
2025-01-26,Buscadores (orgánico),55,56
2025-01-26,Directo / newsletter,62,66
2025-01-26,Publicidad en redes,47,47
2025-01-26,Referido,38,38
2025-01-26,Todos,200,207
2025-01-27,Buscadores (orgánico),41,41
2025-01-27,Directo / newsletter,47,47
2025-01-27,Publicidad en redes,40,40
2025-01-27,Referido,29,29
2025-01-27,Todos,156,157
2025-01-28,Buscadores (orgánico),42,42
2025-01-28,Directo / newsletter,73,73
2025-01-28,Publicidad en redes,36,36
2025-01-28,Referido,52,52
2025-01-28,Todos,200,203
2025-01-29,Buscadores (orgánico),39,39
2025-01-29,Directo / newsletter,44,44
2025-01-29,Publicidad en redes,47,47
2025-01-29,Referido,27,27
2025-01-29,Todos,157,157
2025-01-30,Buscadores (orgánico),49,49
2025-01-30,Directo / newsletter,55,55
2025-01-30,Publicidad en redes,52,52
2025-01-30,Referido,32,32
2025-01-30,Todos,187,188
2025-01-31,Buscadores (orgánico),41,41
2025-01-31,Directo / newsletter,43,43
2025-01-31,Publicidad en redes,34,34
2025-01-31,Referido,44,44
2025-01-31,Todos,161,162
2025-02-01,Buscadores (orgánico),49,49
2025-02-01,Directo / newsletter,51,52
2025-02-01,Publicidad en redes,42,42
2025-02-01,Referido,27,27
2025-02-01,Todos,169,170
2025-02-02,Buscadores (orgánico),38,39
2025-02-02,Directo / newsletter,54,56
2025-02-02,Publicidad en redes,44,44
2025-02-02,Referido,39,39
2025-02-02,Todos,173,178
2025-02-03,Buscadores (orgánico),44,44
2025-02-03,Directo / newsletter,50,50
2025-02-03,Publicidad en redes,45,46
2025-02-03,Referido,26,26
2025-02-03,Todos,164,166
2025-02-04,Buscadores (orgánico),50,50
2025-02-04,Directo / newsletter,49,49
2025-02-04,Publicidad en redes,47,47
2025-02-04,Referido,25,25
2025-02-04,Todos,171,171
2025-02-05,Buscadores (orgánico),48,48
2025-02-05,Directo / newsletter,52,52
2025-02-05,Publicidad en redes,44,44
2025-02-05,Referido,22,22
2025-02-05,Todos,163,166
2025-02-06,Buscadores (orgánico),46,46
2025-02-06,Directo / newsletter,43,43
2025-02-06,Publicidad en redes,43,43
2025-02-06,Referido,22,22
2025-02-06,Todos,154,154
2025-02-07,Buscadores (orgánico),37,38
2025-02-07,Directo / newsletter,54,54
2025-02-07,Publicidad en redes,43,43
2025-02-07,Referido,30,30
2025-02-07,Todos,164,165
2025-02-08,Buscadores (orgánico),38,38
2025-02-08,Directo / newsletter,44,44
2025-02-08,Publicidad en redes,56,56
2025-02-08,Referido,46,46
2025-02-08,Todos,184,184
2025-02-09,Buscadores (orgánico),47,48
2025-02-09,Directo / newsletter,55,55
2025-02-09,Publicidad en redes,40,40
2025-02-09,Referido,30,30
2025-02-09,Todos,171,173
2025-02-10,Buscadores (orgánico),47,47
2025-02-10,Directo / newsletter,48,48
2025-02-10,Publicidad en redes,39,39
2025-02-10,Referido,31,31
2025-02-10,Todos,161,165
2025-02-11,Buscadores (orgánico),30,30
2025-02-11,Directo / newsletter,87,87
2025-02-11,Publicidad en redes,43,44
2025-02-11,Referido,64,64
2025-02-11,Todos,224,225
2025-02-12,Buscadores (orgánico),54,54
2025-02-12,Directo / newsletter,54,55
2025-02-12,Publicidad en redes,52,52
2025-02-12,Referido,28,28
2025-02-12,Todos,187,189
2025-02-13,Buscadores (orgánico),47,47
2025-02-13,Directo / newsletter,53,53
2025-02-13,Publicidad en redes,54,54
2025-02-13,Referido,20,20
2025-02-13,Todos,172,174
2025-02-14,Buscadores (orgánico),50,50
2025-02-14,Directo / newsletter,41,41
2025-02-14,Publicidad en redes,51,51
2025-02-14,Referido,29,29
2025-02-14,Todos,170,171
2025-02-15,Buscadores (orgánico),52,52
2025-02-15,Directo / newsletter,55,56
2025-02-15,Publicidad en redes,43,43
2025-02-15,Referido,37,37
2025-02-15,Todos,185,188
2025-02-16,Buscadores (orgánico),50,50
2025-02-16,Directo / newsletter,65,66
2025-02-16,Publicidad en redes,42,42
2025-02-16,Referido,26,26
2025-02-16,Todos,182,184
2025-02-17,Buscadores (orgánico),44,44
2025-02-17,Directo / newsletter,47,47
2025-02-17,Publicidad en redes,51,51
2025-02-17,Referido,38,38
2025-02-17,Todos,180,180
2025-02-18,Buscadores (orgánico),51,51
2025-02-18,Directo / newsletter,64,64
2025-02-18,Publicidad en redes,49,49
2025-02-18,Referido,32,32
2025-02-18,Todos,196,196
2025-02-19,Buscadores (orgánico),40,40
2025-02-19,Directo / newsletter,44,44
2025-02-19,Publicidad en redes,47,48
2025-02-19,Referido,28,28
2025-02-19,Todos,158,160
2025-02-20,Buscadores (orgánico),53,53
2025-02-20,Directo / newsletter,59,59
2025-02-20,Publicidad en redes,51,51
2025-02-20,Referido,34,34
2025-02-20,Todos,195,197
2025-02-21,Buscadores (orgánico),30,30
2025-02-21,Directo / newsletter,57,57
2025-02-21,Publicidad en redes,44,44
2025-02-21,Referido,37,37
2025-02-21,Todos,166,168
2025-02-22,Buscadores (orgánico),47,47
2025-02-22,Directo / newsletter,50,50
2025-02-22,Publicidad en redes,45,45
2025-02-22,Referido,32,32
2025-02-22,Todos,171,174
2025-02-23,Buscadores (orgánico),47,47
2025-02-23,Directo / newsletter,59,61
2025-02-23,Publicidad en redes,40,40
2025-02-23,Referido,46,46
2025-02-23,Todos,190,194
2025-02-24,Buscadores (orgánico),45,45
2025-02-24,Directo / newsletter,55,57
2025-02-24,Publicidad en redes,48,48
2025-02-24,Referido,25,25
2025-02-24,Todos,171,175
2025-02-25,Buscadores (orgánico),44,44
2025-02-25,Directo / newsletter,84,84
2025-02-25,Publicidad en redes,26,26
2025-02-25,Referido,65,66
2025-02-25,Todos,217,220
2025-02-26,Buscadores (orgánico),44,45
2025-02-26,Directo / newsletter,70,71
2025-02-26,Publicidad en redes,47,47
2025-02-26,Referido,35,35
2025-02-26,Todos,192,198
2025-02-27,Buscadores (orgánico),54,54
2025-02-27,Directo / newsletter,67,67
2025-02-27,Publicidad en redes,48,48
2025-02-27,Referido,24,24
2025-02-27,Todos,190,193
2025-02-28,Buscadores (orgánico),55,55
2025-02-28,Directo / newsletter,49,49
2025-02-28,Publicidad en redes,38,38
2025-02-28,Referido,41,41
2025-02-28,Todos,180,183
2025-03-01,Buscadores (orgánico),54,54
2025-03-01,Directo / newsletter,47,48
2025-03-01,Publicidad en redes,36,36
2025-03-01,Referido,32,32
2025-03-01,Todos,168,170
2025-03-02,Buscadores (orgánico),43,43
2025-03-02,Directo / newsletter,58,58
2025-03-02,Publicidad en redes,44,44
2025-03-02,Referido,36,36
2025-03-02,Todos,179,181
2025-03-03,Buscadores (orgánico),47,47
2025-03-03,Directo / newsletter,60,60
2025-03-03,Publicidad en redes,49,49
2025-03-03,Referido,30,30
2025-03-03,Todos,185,186
2025-03-04,Buscadores (orgánico),42,42
2025-03-04,Directo / newsletter,66,66
2025-03-04,Publicidad en redes,37,37
2025-03-04,Referido,21,21
2025-03-04,Todos,166,166
2025-03-05,Buscadores (orgánico),54,54
2025-03-05,Directo / newsletter,48,49
2025-03-05,Publicidad en redes,41,41
2025-03-05,Referido,33,33
2025-03-05,Todos,173,177
2025-03-06,Buscadores (orgánico),51,51
2025-03-06,Directo / newsletter,54,55
2025-03-06,Publicidad en redes,40,40
2025-03-06,Referido,25,25
2025-03-06,Todos,168,171
2025-03-07,Buscadores (orgánico),44,44
2025-03-07,Directo / newsletter,62,65
2025-03-07,Publicidad en redes,47,47
2025-03-07,Referido,30,30
2025-03-07,Todos,182,186
2025-03-08,Buscadores (orgánico),50,50
2025-03-08,Directo / newsletter,47,47
2025-03-08,Publicidad en redes,42,43
2025-03-08,Referido,43,43
2025-03-08,Todos,181,183
2025-03-09,Buscadores (orgánico),48,48
2025-03-09,Directo / newsletter,54,54
2025-03-09,Publicidad en redes,36,36
2025-03-09,Referido,19,19
2025-03-09,Todos,157,157
2025-03-10,Buscadores (orgánico),49,49
2025-03-10,Directo / newsletter,40,41
2025-03-10,Publicidad en redes,41,41
2025-03-10,Referido,34,34
2025-03-10,Todos,162,165
2025-03-11,Buscadores (orgánico),33,33
2025-03-11,Directo / newsletter,86,87
2025-03-11,Publicidad en redes,30,30
2025-03-11,Referido,58,58
2025-03-11,Todos,205,208
2025-03-12,Buscadores (orgánico),46,46
2025-03-12,Directo / newsletter,44,44
2025-03-12,Publicidad en redes,39,39
2025-03-12,Referido,39,39
2025-03-12,Todos,166,168
2025-03-13,Buscadores (orgánico),43,44
2025-03-13,Directo / newsletter,48,49
2025-03-13,Publicidad en redes,42,42
2025-03-13,Referido,35,35
2025-03-13,Todos,166,170
2025-03-14,Buscadores (orgánico),49,49
2025-03-14,Directo / newsletter,53,53
2025-03-14,Publicidad en redes,49,49
2025-03-14,Referido,27,27
2025-03-14,Todos,177,178
2025-03-15,Buscadores (orgánico),44,44
2025-03-15,Directo / newsletter,41,41
2025-03-15,Publicidad en redes,37,37
2025-03-15,Referido,32,32
2025-03-15,Todos,152,154
2025-03-16,Buscadores (orgánico),41,41
2025-03-16,Directo / newsletter,55,55
2025-03-16,Publicidad en redes,36,36
2025-03-16,Referido,29,29
2025-03-16,Todos,161,161
2025-03-17,Buscadores (orgánico),39,39
2025-03-17,Directo / newsletter,55,55
2025-03-17,Publicidad en redes,45,45
2025-03-17,Referido,30,30
2025-03-17,Todos,168,169
2025-03-18,Buscadores (orgánico),45,45
2025-03-18,Directo / newsletter,50,50
2025-03-18,Publicidad en redes,42,42
2025-03-18,Referido,35,35
2025-03-18,Todos,172,172
2025-03-19,Buscadores (orgánico),51,51
2025-03-19,Directo / newsletter,49,49
2025-03-19,Publicidad en redes,40,40
2025-03-19,Referido,35,35
2025-03-19,Todos,174,175
2025-03-20,Buscadores (orgánico),55,55
2025-03-20,Directo / newsletter,51,51
2025-03-20,Publicidad en redes,41,41
2025-03-20,Referido,23,23
2025-03-20,Todos,170,170
2025-03-21,Buscadores (orgánico),43,44
2025-03-21,Directo / newsletter,44,45
2025-03-21,Publicidad en redes,44,44
2025-03-21,Referido,25,25
2025-03-21,Todos,156,158
2025-03-22,Buscadores (orgánico),61,61
2025-03-22,Directo / newsletter,46,46
2025-03-22,Publicidad en redes,37,38
2025-03-22,Referido,21,21
2025-03-22,Todos,163,166
2025-03-23,Buscadores (orgánico),45,45
2025-03-23,Directo / newsletter,55,55
2025-03-23,Publicidad en redes,36,36
2025-03-23,Referido,31,31
2025-03-23,Todos,167,167
2025-03-24,Buscadores (orgánico),56,56
2025-03-24,Directo / newsletter,51,51
2025-03-24,Publicidad en redes,47,47
2025-03-24,Referido,29,29
2025-03-24,Todos,183,183
2025-03-25,Buscadores (orgánico),37,37
2025-03-25,Directo / newsletter,74,75
2025-03-25,Publicidad en redes,30,30
2025-03-25,Referido,54,54
2025-03-25,Todos,194,196
2025-03-26,Buscadores (orgánico),52,52
2025-03-26,Directo / newsletter,45,45
2025-03-26,Publicidad en redes,47,47
2025-03-26,Referido,47,47
2025-03-26,Todos,190,191
2025-03-27,Buscadores (orgánico),55,55
2025-03-27,Directo / newsletter,56,56
2025-03-27,Publicidad en redes,55,55
2025-03-27,Referido,36,36
2025-03-27,Todos,200,202
2025-03-28,Buscadores (orgánico),49,49
2025-03-28,Directo / newsletter,55,56
2025-03-28,Publicidad en redes,45,45
2025-03-28,Referido,28,28
2025-03-28,Todos,176,178
2025-03-29,Buscadores (orgánico),49,49
2025-03-29,Directo / newsletter,46,46
2025-03-29,Publicidad en redes,42,42
2025-03-29,Referido,38,38
2025-03-29,Todos,175,175
2025-03-30,Buscadores (orgánico),48,48
2025-03-30,Directo / newsletter,44,44
2025-03-30,Publicidad en redes,41,41
2025-03-30,Referido,32,32
2025-03-30,Todos,164,165
2025-03-31,Buscadores (orgánico),53,53
2025-03-31,Directo / newsletter,45,45
2025-03-31,Publicidad en redes,35,35
2025-03-31,Referido,32,32
2025-03-31,Todos,165,165
2025-04-01,Buscadores (orgánico),41,42
2025-04-01,Directo / newsletter,58,58
2025-04-01,Publicidad en redes,41,41
2025-04-01,Referido,28,28
2025-04-01,Todos,167,169
2025-04-02,Buscadores (orgánico),55,55
2025-04-02,Directo / newsletter,59,59
2025-04-02,Publicidad en redes,45,45
2025-04-02,Referido,30,30
2025-04-02,Todos,189,189
2025-04-03,Buscadores (orgánico),47,47
2025-04-03,Directo / newsletter,46,46
2025-04-03,Publicidad en redes,47,47
2025-04-03,Referido,28,28
2025-04-03,Todos,167,168
2025-04-04,Buscadores (orgánico),41,41
2025-04-04,Directo / newsletter,56,57
2025-04-04,Publicidad en redes,37,37
2025-04-04,Referido,31,31
2025-04-04,Todos,163,166
2025-04-05,Buscadores (orgánico),37,37
2025-04-05,Directo / newsletter,42,43
2025-04-05,Publicidad en redes,38,38
2025-04-05,Referido,37,37
2025-04-05,Todos,154,155
2025-04-06,Buscadores (orgánico),48,49
2025-04-06,Directo / newsletter,58,58
2025-04-06,Publicidad en redes,35,35
2025-04-06,Referido,34,34
2025-04-06,Todos,174,176
2025-04-07,Buscadores (orgánico),55,55
2025-04-07,Directo / newsletter,33,33
2025-04-07,Publicidad en redes,41,41
2025-04-07,Referido,21,21
2025-04-07,Todos,149,150
2025-04-08,Buscadores (orgánico),37,37
2025-04-08,Directo / newsletter,82,82
2025-04-08,Publicidad en redes,35,35
2025-04-08,Referido,58,58
2025-04-08,Todos,210,212
2025-04-09,Buscadores (orgánico),34,35
2025-04-09,Directo / newsletter,50,50
2025-04-09,Publicidad en redes,51,51
2025-04-09,Referido,30,30
2025-04-09,Todos,164,166
2025-04-10,Buscadores (orgánico),38,38
2025-04-10,Directo / newsletter,48,48
2025-04-10,Publicidad en redes,40,40
2025-04-10,Referido,34,34
2025-04-10,Todos,159,160
2025-04-11,Buscadores (orgánico),49,49
2025-04-11,Directo / newsletter,40,40
2025-04-11,Publicidad en redes,31,31
2025-04-11,Referido,36,36
2025-04-11,Todos,156,156
2025-04-12,Buscadores (orgánico),37,38
2025-04-12,Directo / newsletter,42,42
2025-04-12,Publicidad en redes,30,30
2025-04-12,Referido,21,21
2025-04-12,Todos,129,131
2025-04-13,Buscadores (orgánico),38,38
2025-04-13,Directo / newsletter,57,57
2025-04-13,Publicidad en redes,42,42
2025-04-13,Referido,21,21
2025-04-13,Todos,156,158
2025-04-14,Buscadores (orgánico),43,44
2025-04-14,Directo / newsletter,55,55
2025-04-14,Publicidad en redes,34,34
2025-04-14,Referido,25,25
2025-04-14,Todos,157,158
2025-04-15,Buscadores (orgánico),50,50
2025-04-15,Directo / newsletter,61,61
2025-04-15,Publicidad en redes,52,52
2025-04-15,Referido,21,21
2025-04-15,Todos,183,184
2025-04-16,Buscadores (orgánico),40,41
2025-04-16,Directo / newsletter,50,50
2025-04-16,Publicidad en redes,44,44
2025-04-16,Referido,24,24
2025-04-16,Todos,158,159
2025-04-17,Buscadores (orgánico),42,42
2025-04-17,Directo / newsletter,51,51
2025-04-17,Publicidad en redes,45,45
2025-04-17,Referido,26,26
2025-04-17,Todos,161,164
2025-04-18,Buscadores (orgánico),48,48
2025-04-18,Directo / newsletter,43,43
2025-04-18,Publicidad en redes,40,40
2025-04-18,Referido,26,26
2025-04-18,Todos,156,157
2025-04-19,Buscadores (orgánico),48,48
2025-04-19,Directo / newsletter,39,39
2025-04-19,Publicidad en redes,43,43
2025-04-19,Referido,28,28
2025-04-19,Todos,157,158
2025-04-20,Buscadores (orgánico),42,42
2025-04-20,Directo / newsletter,51,51
2025-04-20,Publicidad en redes,33,33
2025-04-20,Referido,18,18
2025-04-20,Todos,144,144
2025-04-21,Buscadores (orgánico),42,42
2025-04-21,Directo / newsletter,50,50
2025-04-21,Publicidad en redes,39,39
2025-04-21,Referido,20,20
2025-04-21,Todos,150,151
2025-04-22,Buscadores (orgánico),50,50
2025-04-22,Directo / newsletter,62,63
2025-04-22,Publicidad en redes,26,26
2025-04-22,Referido,55,55
2025-04-22,Todos,191,194
2025-04-23,Buscadores (orgánico),48,48
2025-04-23,Directo / newsletter,43,43
2025-04-23,Publicidad en redes,43,43
2025-04-23,Referido,29,29
2025-04-23,Todos,162,163
2025-04-24,Buscadores (orgánico),48,48
2025-04-24,Directo / newsletter,55,55
2025-04-24,Publicidad en redes,37,38
2025-04-24,Referido,26,26
2025-04-24,Todos,165,167
2025-04-25,Buscadores (orgánico),36,36
2025-04-25,Directo / newsletter,39,39
2025-04-25,Publicidad en redes,52,52
2025-04-25,Referido,28,28
2025-04-25,Todos,155,155
2025-04-26,Buscadores (orgánico),48,48
2025-04-26,Directo / newsletter,46,47
2025-04-26,Publicidad en redes,52,52
2025-04-26,Referido,24,24
2025-04-26,Todos,168,171
2025-04-27,Buscadores (orgánico),49,49
2025-04-27,Directo / newsletter,55,55
2025-04-27,Publicidad en redes,42,42
2025-04-27,Referido,30,30
2025-04-27,Todos,173,176
2025-04-28,Buscadores (orgánico),40,40
2025-04-28,Directo / newsletter,44,45
2025-04-28,Publicidad en redes,61,61
2025-04-28,Referido,34,34
2025-04-28,Todos,179,180
2025-04-29,Buscadores (orgánico),49,49
2025-04-29,Directo / newsletter,41,41
2025-04-29,Publicidad en redes,32,32
2025-04-29,Referido,22,22
2025-04-29,Todos,143,144
2025-04-30,Buscadores (orgánico),45,45
2025-04-30,Directo / newsletter,39,39
2025-04-30,Publicidad en redes,38,38
2025-04-30,Referido,32,32
2025-04-30,Todos,152,154
2025-05-01,Buscadores (orgánico),44,44
2025-05-01,Directo / newsletter,45,45
2025-05-01,Publicidad en redes,36,36
2025-05-01,Referido,20,20
2025-05-01,Todos,143,145
2025-05-02,Buscadores (orgánico),52,52
2025-05-02,Directo / newsletter,42,42
2025-05-02,Publicidad en redes,44,44
2025-05-02,Referido,24,24
2025-05-02,Todos,162,162
2025-05-03,Buscadores (orgánico),52,52
2025-05-03,Directo / newsletter,56,57
2025-05-03,Publicidad en redes,45,45
2025-05-03,Referido,26,26
2025-05-03,Todos,177,180
2025-05-04,Buscadores (orgánico),42,42
2025-05-04,Directo / newsletter,54,54
2025-05-04,Publicidad en redes,53,53
2025-05-04,Referido,25,25
2025-05-04,Todos,174,174
2025-05-05,Buscadores (orgánico),40,41
2025-05-05,Directo / newsletter,48,49
2025-05-05,Publicidad en redes,33,34
2025-05-05,Referido,29,29
2025-05-05,Todos,149,153
2025-05-06,Buscadores (orgánico),50,50
2025-05-06,Directo / newsletter,60,60
2025-05-06,Publicidad en redes,45,45
2025-05-06,Referido,32,32
2025-05-06,Todos,186,187
2025-05-07,Buscadores (orgánico),39,40
2025-05-07,Directo / newsletter,44,44
2025-05-07,Publicidad en redes,38,38
2025-05-07,Referido,29,29
2025-05-07,Todos,147,151
2025-05-08,Buscadores (orgánico),35,35
2025-05-08,Directo / newsletter,57,58
2025-05-08,Publicidad en redes,36,36
2025-05-08,Referido,31,31
2025-05-08,Todos,154,160
2025-05-09,Buscadores (orgánico),44,44
2025-05-09,Directo / newsletter,58,59
2025-05-09,Publicidad en redes,47,48
2025-05-09,Referido,34,34
2025-05-09,Todos,183,185
2025-05-10,Buscadores (orgánico),44,44
2025-05-10,Directo / newsletter,53,53
2025-05-10,Publicidad en redes,37,37
2025-05-10,Referido,39,39
2025-05-10,Todos,171,173
2025-05-11,Buscadores (orgánico),51,52
2025-05-11,Directo / newsletter,59,59
2025-05-11,Publicidad en redes,33,33
2025-05-11,Referido,27,28
2025-05-11,Todos,167,172
2025-05-12,Buscadores (orgánico),68,68
2025-05-12,Directo / newsletter,77,77
2025-05-12,Publicidad en redes,144,146
2025-05-12,Referido,57,57
2025-05-12,Todos,345,348
2025-05-13,Buscadores (orgánico),62,62
2025-05-13,Directo / newsletter,89,89
2025-05-13,Publicidad en redes,175,175
2025-05-13,Referido,89,89
2025-05-13,Todos,415,415
2025-05-14,Buscadores (orgánico),53,53
2025-05-14,Directo / newsletter,77,77
2025-05-14,Publicidad en redes,156,156
2025-05-14,Referido,56,56
2025-05-14,Todos,340,342
2025-05-15,Buscadores (orgánico),41,41
2025-05-15,Directo / newsletter,35,35
2025-05-15,Publicidad en redes,45,45
2025-05-15,Referido,29,29
2025-05-15,Todos,149,150
2025-05-16,Buscadores (orgánico),36,36
2025-05-16,Directo / newsletter,46,46
2025-05-16,Publicidad en redes,41,41
2025-05-16,Referido,37,37
2025-05-16,Todos,159,160
2025-05-17,Buscadores (orgánico),37,37
2025-05-17,Directo / newsletter,46,48
2025-05-17,Publicidad en redes,42,42
2025-05-17,Referido,21,21
2025-05-17,Todos,145,148
2025-05-18,Buscadores (orgánico),37,37
2025-05-18,Directo / newsletter,39,39
2025-05-18,Publicidad en redes,32,32
2025-05-18,Referido,32,32
2025-05-18,Todos,140,140
2025-05-19,Buscadores (orgánico),38,38
2025-05-19,Directo / newsletter,54,54
2025-05-19,Publicidad en redes,44,45
2025-05-19,Referido,20,20
2025-05-19,Todos,155,157
2025-05-20,Buscadores (orgánico),54,54
2025-05-20,Directo / newsletter,38,38
2025-05-20,Publicidad en redes,53,54
2025-05-20,Referido,16,16
2025-05-20,Todos,161,162
2025-05-21,Buscadores (orgánico),35,35
2025-05-21,Directo / newsletter,52,52
2025-05-21,Publicidad en redes,35,35
2025-05-21,Referido,26,26
2025-05-21,Todos,148,148
2025-05-22,Buscadores (orgánico),42,42
2025-05-22,Directo / newsletter,49,49
2025-05-22,Publicidad en redes,34,34
2025-05-22,Referido,24,24
2025-05-22,Todos,147,149
2025-05-23,Buscadores (orgánico),49,49
2025-05-23,Directo / newsletter,50,50
2025-05-23,Publicidad en redes,39,39
2025-05-23,Referido,22,22
2025-05-23,Todos,158,160
2025-05-24,Buscadores (orgánico),35,36
2025-05-24,Directo / newsletter,55,56
2025-05-24,Publicidad en redes,38,38
2025-05-24,Referido,25,25
2025-05-24,Todos,153,155
2025-05-25,Buscadores (orgánico),68,68
2025-05-25,Directo / newsletter,42,42
2025-05-25,Publicidad en redes,48,48
2025-05-25,Referido,30,30
2025-05-25,Todos,186,188
2025-05-26,Buscadores (orgánico),47,47
2025-05-26,Directo / newsletter,47,47
2025-05-26,Publicidad en redes,45,45
2025-05-26,Referido,37,37
2025-05-26,Todos,174,176
2025-05-27,Buscadores (orgánico),29,29
2025-05-27,Directo / newsletter,68,68
2025-05-27,Publicidad en redes,36,36
2025-05-27,Referido,44,44
2025-05-27,Todos,176,177
2025-05-28,Buscadores (orgánico),38,38
2025-05-28,Directo / newsletter,64,65
2025-05-28,Publicidad en redes,55,55
2025-05-28,Referido,20,20
2025-05-28,Todos,177,178
2025-05-29,Buscadores (orgánico),40,40
2025-05-29,Directo / newsletter,48,48
2025-05-29,Publicidad en redes,52,53
2025-05-29,Referido,32,32
2025-05-29,Todos,170,173
2025-05-30,Buscadores (orgánico),59,59
2025-05-30,Directo / newsletter,49,49
2025-05-30,Publicidad en redes,43,43
2025-05-30,Referido,34,34
2025-05-30,Todos,182,185
2025-05-31,Buscadores (orgánico),58,58
2025-05-31,Directo / newsletter,50,50
2025-05-31,Publicidad en redes,45,45
2025-05-31,Referido,28,28
2025-05-31,Todos,181,181
2025-06-01,Buscadores (orgánico),40,40
2025-06-01,Directo / newsletter,45,45
2025-06-01,Publicidad en redes,38,38
2025-06-01,Referido,33,33
2025-06-01,Todos,155,156
2025-06-02,Buscadores (orgánico),44,44
2025-06-02,Directo / newsletter,54,54
2025-06-02,Publicidad en redes,37,37
2025-06-02,Referido,18,18
2025-06-02,Todos,153,153
2025-06-03,Buscadores (orgánico),60,60
2025-06-03,Directo / newsletter,46,46
2025-06-03,Publicidad en redes,35,35
2025-06-03,Referido,30,30
2025-06-03,Todos,171,171
2025-06-04,Buscadores (orgánico),43,43
2025-06-04,Directo / newsletter,51,51
2025-06-04,Publicidad en redes,62,63
2025-06-04,Referido,31,31
2025-06-04,Todos,185,188
2025-06-05,Buscadores (orgánico),53,53
2025-06-05,Directo / newsletter,72,72
2025-06-05,Publicidad en redes,50,50
2025-06-05,Referido,43,43
2025-06-05,Todos,216,218
2025-06-06,Buscadores (orgánico),64,64
2025-06-06,Directo / newsletter,47,47
2025-06-06,Publicidad en redes,42,42
2025-06-06,Referido,42,42
2025-06-06,Todos,194,195
2025-06-07,Buscadores (orgánico),40,40
2025-06-07,Directo / newsletter,65,65
2025-06-07,Publicidad en redes,41,41
2025-06-07,Referido,25,25
2025-06-07,Todos,170,171
2025-06-08,Buscadores (orgánico),48,48
2025-06-08,Directo / newsletter,76,76
2025-06-08,Publicidad en redes,59,59
2025-06-08,Referido,30,30
2025-06-08,Todos,212,213
2025-06-09,Buscadores (orgánico),54,54
2025-06-09,Directo / newsletter,55,55
2025-06-09,Publicidad en redes,45,45
2025-06-09,Referido,44,44
2025-06-09,Todos,197,198
2025-06-10,Buscadores (orgánico),43,43
2025-06-10,Directo / newsletter,92,92
2025-06-10,Publicidad en redes,42,42
2025-06-10,Referido,51,51
2025-06-10,Todos,227,228
2025-06-11,Buscadores (orgánico),56,56
2025-06-11,Directo / newsletter,75,76
2025-06-11,Publicidad en redes,33,33
2025-06-11,Referido,30,30
2025-06-11,Todos,194,195
2025-06-12,Buscadores (orgánico),67,68
2025-06-12,Directo / newsletter,70,70
2025-06-12,Publicidad en redes,47,47
2025-06-12,Referido,30,30
2025-06-12,Todos,213,215
2025-06-13,Buscadores (orgánico),43,43
2025-06-13,Directo / newsletter,49,49
2025-06-13,Publicidad en redes,44,44
2025-06-13,Referido,30,31
2025-06-13,Todos,164,167
2025-06-14,Buscadores (orgánico),47,47
2025-06-14,Directo / newsletter,46,46
2025-06-14,Publicidad en redes,50,50
2025-06-14,Referido,30,30
2025-06-14,Todos,172,173
2025-06-15,Buscadores (orgánico),57,57
2025-06-15,Directo / newsletter,59,59
2025-06-15,Publicidad en redes,46,47
2025-06-15,Referido,29,29
2025-06-15,Todos,189,192
2025-06-16,Buscadores (orgánico),39,39
2025-06-16,Directo / newsletter,39,39
2025-06-16,Publicidad en redes,40,40
2025-06-16,Referido,23,23
2025-06-16,Todos,141,141
2025-06-17,Buscadores (orgánico),59,59
2025-06-17,Directo / newsletter,48,48
2025-06-17,Publicidad en redes,31,31
2025-06-17,Referido,31,31
2025-06-17,Todos,169,169
2025-06-18,Buscadores (orgánico),39,39
2025-06-18,Directo / newsletter,52,52
2025-06-18,Publicidad en redes,42,42
2025-06-18,Referido,17,17
2025-06-18,Todos,150,150
2025-06-19,Buscadores (orgánico),48,48
2025-06-19,Directo / newsletter,51,51
2025-06-19,Publicidad en redes,48,49
2025-06-19,Referido,24,24
2025-06-19,Todos,169,172
2025-06-20,Buscadores (orgánico),48,48
2025-06-20,Directo / newsletter,46,46
2025-06-20,Publicidad en redes,33,33
2025-06-20,Referido,36,36
2025-06-20,Todos,163,163
2025-06-21,Buscadores (orgánico),44,44
2025-06-21,Directo / newsletter,52,52
2025-06-21,Publicidad en redes,47,47
2025-06-21,Referido,20,20
2025-06-21,Todos,161,163
2025-06-22,Buscadores (orgánico),41,42
2025-06-22,Directo / newsletter,37,37
2025-06-22,Publicidad en redes,34,34
2025-06-22,Referido,23,23
2025-06-22,Todos,135,136
2025-06-23,Buscadores (orgánico),32,32
2025-06-23,Directo / newsletter,64,64
2025-06-23,Publicidad en redes,28,28
2025-06-23,Referido,32,32
2025-06-23,Todos,156,156
2025-06-24,Buscadores (orgánico),41,41
2025-06-24,Directo / newsletter,76,77
2025-06-24,Publicidad en redes,43,43
2025-06-24,Referido,56,56
2025-06-24,Todos,212,217
2025-06-25,Buscadores (orgánico),53,53
2025-06-25,Directo / newsletter,50,50
2025-06-25,Publicidad en redes,49,49
2025-06-25,Referido,36,36
2025-06-25,Todos,185,188
2025-06-26,Buscadores (orgánico),48,48
2025-06-26,Directo / newsletter,49,49
2025-06-26,Publicidad en redes,43,44
2025-06-26,Referido,25,25
2025-06-26,Todos,164,166
2025-06-27,Buscadores (orgánico),29,29
2025-06-27,Directo / newsletter,55,55
2025-06-27,Publicidad en redes,42,42
2025-06-27,Referido,32,32
2025-06-27,Todos,157,158
2025-06-28,Buscadores (orgánico),47,48
2025-06-28,Directo / newsletter,50,50
2025-06-28,Publicidad en redes,37,37
2025-06-28,Referido,20,20
2025-06-28,Todos,153,155
2025-06-29,Buscadores (orgánico),43,43
2025-06-29,Directo / newsletter,43,43
2025-06-29,Publicidad en redes,36,36
2025-06-29,Referido,22,22
2025-06-29,Todos,144,144
2025-06-30,Buscadores (orgánico),41,41
2025-06-30,Directo / newsletter,55,55
2025-06-30,Publicidad en redes,35,35
2025-06-30,Referido,27,27
2025-06-30,Todos,156,158
2025-07-01,Buscadores (orgánico),42,42
2025-07-01,Directo / newsletter,54,54
2025-07-01,Publicidad en redes,31,31
2025-07-01,Referido,18,18
2025-07-01,Todos,145,145
2025-07-02,Buscadores (orgánico),45,45
2025-07-02,Directo / newsletter,30,30
2025-07-02,Publicidad en redes,34,34
2025-07-02,Referido,29,29
2025-07-02,Todos,138,138
2025-07-03,Buscadores (orgánico),41,41
2025-07-03,Directo / newsletter,60,60
2025-07-03,Publicidad en redes,35,36
2025-07-03,Referido,23,23
2025-07-03,Todos,157,160
2025-07-04,Buscadores (orgánico),44,44
2025-07-04,Directo / newsletter,50,50
2025-07-04,Publicidad en redes,35,35
2025-07-04,Referido,28,28
2025-07-04,Todos,156,157
2025-07-05,Buscadores (orgánico),41,41
2025-07-05,Directo / newsletter,44,44
2025-07-05,Publicidad en redes,28,28
2025-07-05,Referido,24,24
2025-07-05,Todos,136,137
2025-07-06,Buscadores (orgánico),26,26
2025-07-06,Directo / newsletter,41,41
2025-07-06,Publicidad en redes,28,28
2025-07-06,Referido,26,26
2025-07-06,Todos,121,121
2025-07-07,Buscadores (orgánico),50,50
2025-07-07,Directo / newsletter,49,49
2025-07-07,Publicidad en redes,42,42
2025-07-07,Referido,24,24
2025-07-07,Todos,163,165
2025-07-08,Buscadores (orgánico),31,31
2025-07-08,Directo / newsletter,84,84
2025-07-08,Publicidad en redes,38,38
2025-07-08,Referido,45,45
2025-07-08,Todos,198,198
2025-07-09,Buscadores (orgánico),39,40
2025-07-09,Directo / newsletter,52,52
2025-07-09,Publicidad en redes,28,28
2025-07-09,Referido,29,29
2025-07-09,Todos,147,149
2025-07-10,Buscadores (orgánico),44,44
2025-07-10,Directo / newsletter,47,47
2025-07-10,Publicidad en redes,40,40
2025-07-10,Referido,30,30
2025-07-10,Todos,157,161
2025-07-11,Buscadores (orgánico),51,51
2025-07-11,Directo / newsletter,42,42
2025-07-11,Publicidad en redes,33,33
2025-07-11,Referido,25,25
2025-07-11,Todos,149,151
2025-07-12,Buscadores (orgánico),42,42
2025-07-12,Directo / newsletter,42,42
2025-07-12,Publicidad en redes,35,35
2025-07-12,Referido,26,26
2025-07-12,Todos,145,145
2025-07-13,Buscadores (orgánico),42,42
2025-07-13,Directo / newsletter,61,62
2025-07-13,Publicidad en redes,40,40
2025-07-13,Referido,23,23
2025-07-13,Todos,165,167
2025-07-14,Buscadores (orgánico),43,43
2025-07-14,Directo / newsletter,47,47
2025-07-14,Publicidad en redes,33,33
2025-07-14,Referido,28,28
2025-07-14,Todos,148,151
2025-07-15,Buscadores (orgánico),35,35
2025-07-15,Directo / newsletter,62,62
2025-07-15,Publicidad en redes,42,42
2025-07-15,Referido,24,24
2025-07-15,Todos,161,163
2025-07-16,Buscadores (orgánico),45,46
2025-07-16,Directo / newsletter,52,52
2025-07-16,Publicidad en redes,35,35
2025-07-16,Referido,27,27
2025-07-16,Todos,159,160
2025-07-17,Buscadores (orgánico),44,44
2025-07-17,Directo / newsletter,44,45
2025-07-17,Publicidad en redes,42,42
2025-07-17,Referido,32,32
2025-07-17,Todos,161,163
2025-07-18,Buscadores (orgánico),37,37
2025-07-18,Directo / newsletter,38,38
2025-07-18,Publicidad en redes,42,42
2025-07-18,Referido,23,23
2025-07-18,Todos,140,140
2025-07-19,Buscadores (orgánico),29,29
2025-07-19,Directo / newsletter,45,45
2025-07-19,Publicidad en redes,36,36
2025-07-19,Referido,30,30
2025-07-19,Todos,139,140
2025-07-20,Buscadores (orgánico),35,35
2025-07-20,Directo / newsletter,45,45
2025-07-20,Publicidad en redes,47,48
2025-07-20,Referido,29,29
2025-07-20,Todos,155,157
2025-07-21,Buscadores (orgánico),33,33
2025-07-21,Directo / newsletter,46,46
2025-07-21,Publicidad en redes,53,53
2025-07-21,Referido,20,20
2025-07-21,Todos,152,152
2025-07-22,Buscadores (orgánico),35,35
2025-07-22,Directo / newsletter,51,51
2025-07-22,Publicidad en redes,34,34
2025-07-22,Referido,49,49
2025-07-22,Todos,168,169
2025-07-23,Buscadores (orgánico),49,49
2025-07-23,Directo / newsletter,47,47
2025-07-23,Publicidad en redes,31,31
2025-07-23,Referido,25,25
2025-07-23,Todos,151,152
2025-07-24,Buscadores (orgánico),41,41
2025-07-24,Directo / newsletter,48,48
2025-07-24,Publicidad en redes,40,40
2025-07-24,Referido,35,35
2025-07-24,Todos,164,164
2025-07-25,Buscadores (orgánico),35,35
2025-07-25,Directo / newsletter,49,49
2025-07-25,Publicidad en redes,41,41
2025-07-25,Referido,28,28
2025-07-25,Todos,152,153
2025-07-26,Buscadores (orgánico),33,33
2025-07-26,Directo / newsletter,56,57
2025-07-26,Publicidad en redes,36,36
2025-07-26,Referido,30,30
2025-07-26,Todos,153,156
2025-07-27,Buscadores (orgánico),44,44
2025-07-27,Directo / newsletter,43,43
2025-07-27,Publicidad en redes,51,51
2025-07-27,Referido,27,27
2025-07-27,Todos,163,165
2025-07-28,Buscadores (orgánico),33,33
2025-07-28,Directo / newsletter,54,54
2025-07-28,Publicidad en redes,35,35
2025-07-28,Referido,36,36
2025-07-28,Todos,156,158
2025-07-29,Buscadores (orgánico),46,46
2025-07-29,Directo / newsletter,37,37
2025-07-29,Publicidad en redes,41,41
2025-07-29,Referido,29,29
2025-07-29,Todos,153,153
2025-07-30,Buscadores (orgánico),40,40
2025-07-30,Directo / newsletter,43,44
2025-07-30,Publicidad en redes,23,23
2025-07-30,Referido,22,22
2025-07-30,Todos,127,129
2025-07-31,Buscadores (orgánico),44,45
2025-07-31,Directo / newsletter,55,55
2025-07-31,Publicidad en redes,48,48
2025-07-31,Referido,29,29
2025-07-31,Todos,176,177
2025-08-01,Buscadores (orgánico),44,45
2025-08-01,Directo / newsletter,43,43
2025-08-01,Publicidad en redes,37,37
2025-08-01,Referido,34,34
2025-08-01,Todos,158,159
2025-08-02,Buscadores (orgánico),42,42
2025-08-02,Directo / newsletter,55,55
2025-08-02,Publicidad en redes,34,34
2025-08-02,Referido,24,24
2025-08-02,Todos,155,155
2025-08-03,Buscadores (orgánico),32,32
2025-08-03,Directo / newsletter,36,36
2025-08-03,Publicidad en redes,38,38
2025-08-03,Referido,35,35
2025-08-03,Todos,140,141
2025-08-04,Buscadores (orgánico),50,50
2025-08-04,Directo / newsletter,55,56
2025-08-04,Publicidad en redes,38,38
2025-08-04,Referido,29,29
2025-08-04,Todos,170,173
2025-08-05,Buscadores (orgánico),63,63
2025-08-05,Directo / newsletter,43,43
2025-08-05,Publicidad en redes,52,52
2025-08-05,Referido,27,27
2025-08-05,Todos,185,185
2025-08-06,Buscadores (orgánico),48,48
2025-08-06,Directo / newsletter,53,53
2025-08-06,Publicidad en redes,42,42
2025-08-06,Referido,26,26
2025-08-06,Todos,167,169
2025-08-07,Buscadores (orgánico),49,49
2025-08-07,Directo / newsletter,53,53
2025-08-07,Publicidad en redes,43,43
2025-08-07,Referido,33,33
2025-08-07,Todos,176,178
2025-08-08,Buscadores (orgánico),49,49
2025-08-08,Directo / newsletter,49,49
2025-08-08,Publicidad en redes,40,40
2025-08-08,Referido,32,32
2025-08-08,Todos,169,170
2025-08-09,Buscadores (orgánico),34,34
2025-08-09,Directo / newsletter,46,46
2025-08-09,Publicidad en redes,45,45
2025-08-09,Referido,25,25
2025-08-09,Todos,150,150
2025-08-10,Buscadores (orgánico),49,49
2025-08-10,Directo / newsletter,49,49
2025-08-10,Publicidad en redes,40,42
2025-08-10,Referido,29,29
2025-08-10,Todos,164,169
2025-08-11,Buscadores (orgánico),61,61
2025-08-11,Directo / newsletter,51,53
2025-08-11,Publicidad en redes,42,42
2025-08-11,Referido,32,32
2025-08-11,Todos,185,188
2025-08-12,Buscadores (orgánico),28,28
2025-08-12,Directo / newsletter,82,84
2025-08-12,Publicidad en redes,40,40
2025-08-12,Referido,38,39
2025-08-12,Todos,186,191
2025-08-13,Buscadores (orgánico),42,42
2025-08-13,Directo / newsletter,50,51
2025-08-13,Publicidad en redes,37,38
2025-08-13,Referido,31,31
2025-08-13,Todos,158,162
2025-08-14,Buscadores (orgánico),52,52
2025-08-14,Directo / newsletter,58,58
2025-08-14,Publicidad en redes,44,44
2025-08-14,Referido,33,33
2025-08-14,Todos,185,187
2025-08-15,Buscadores (orgánico),37,37
2025-08-15,Directo / newsletter,54,55
2025-08-15,Publicidad en redes,43,43
2025-08-15,Referido,28,29
2025-08-15,Todos,162,164
2025-08-16,Buscadores (orgánico),41,41
2025-08-16,Directo / newsletter,55,55
2025-08-16,Publicidad en redes,32,32
2025-08-16,Referido,30,30
2025-08-16,Todos,158,158
2025-08-17,Buscadores (orgánico),33,34
2025-08-17,Directo / newsletter,49,49
2025-08-17,Publicidad en redes,26,26
2025-08-17,Referido,28,28
2025-08-17,Todos,132,137
2025-08-18,Buscadores (orgánico),47,47
2025-08-18,Directo / newsletter,43,43
2025-08-18,Publicidad en redes,47,47
2025-08-18,Referido,26,26
2025-08-18,Todos,162,163
2025-08-19,Buscadores (orgánico),59,59
2025-08-19,Directo / newsletter,48,48
2025-08-19,Publicidad en redes,40,40
2025-08-19,Referido,34,34
2025-08-19,Todos,180,181
2025-08-20,Buscadores (orgánico),33,33
2025-08-20,Directo / newsletter,52,52
2025-08-20,Publicidad en redes,52,52
2025-08-20,Referido,33,34
2025-08-20,Todos,170,171
2025-08-21,Buscadores (orgánico),36,36
2025-08-21,Directo / newsletter,38,38
2025-08-21,Publicidad en redes,38,39
2025-08-21,Referido,22,22
2025-08-21,Todos,134,135
2025-08-22,Buscadores (orgánico),45,45
2025-08-22,Directo / newsletter,56,56
2025-08-22,Publicidad en redes,39,39
2025-08-22,Referido,23,23
2025-08-22,Todos,163,163
2025-08-23,Buscadores (orgánico),59,59
2025-08-23,Directo / newsletter,49,49
2025-08-23,Publicidad en redes,32,32
2025-08-23,Referido,29,29
2025-08-23,Todos,167,169
2025-08-24,Buscadores (orgánico),53,53
2025-08-24,Directo / newsletter,49,49
2025-08-24,Publicidad en redes,37,37
2025-08-24,Referido,33,33
2025-08-24,Todos,171,172
2025-08-25,Buscadores (orgánico),62,62
2025-08-25,Directo / newsletter,50,51
2025-08-25,Publicidad en redes,31,31
2025-08-25,Referido,28,28
2025-08-25,Todos,169,172
2025-08-26,Buscadores (orgánico),32,32
2025-08-26,Directo / newsletter,99,99
2025-08-26,Publicidad en redes,31,31
2025-08-26,Referido,43,43
2025-08-26,Todos,203,205
2025-08-27,Buscadores (orgánico),39,40
2025-08-27,Directo / newsletter,55,55
2025-08-27,Publicidad en redes,39,39
2025-08-27,Referido,27,27
2025-08-27,Todos,159,161
2025-08-28,Buscadores (orgánico),53,54
2025-08-28,Directo / newsletter,42,42
2025-08-28,Publicidad en redes,33,33
2025-08-28,Referido,24,25
2025-08-28,Todos,149,154
2025-08-29,Buscadores (orgánico),40,42
2025-08-29,Directo / newsletter,48,48
2025-08-29,Publicidad en redes,41,41
2025-08-29,Referido,33,33
2025-08-29,Todos,161,164
2025-08-30,Buscadores (orgánico),53,54
2025-08-30,Directo / newsletter,44,44
2025-08-30,Publicidad en redes,34,34
2025-08-30,Referido,29,29
2025-08-30,Todos,160,161
2025-08-31,Buscadores (orgánico),48,49
2025-08-31,Directo / newsletter,49,50
2025-08-31,Publicidad en redes,50,50
2025-08-31,Referido,31,31
2025-08-31,Todos,175,180
2025-09-01,Buscadores (orgánico),48,48
2025-09-01,Directo / newsletter,50,50
2025-09-01,Publicidad en redes,44,44
2025-09-01,Referido,35,35
2025-09-01,Todos,176,177
2025-09-02,Buscadores (orgánico),53,53
2025-09-02,Directo / newsletter,46,46
2025-09-02,Publicidad en redes,48,48
2025-09-02,Referido,42,42
2025-09-02,Todos,187,189
2025-09-03,Buscadores (orgánico),39,39
2025-09-03,Directo / newsletter,69,69
2025-09-03,Publicidad en redes,37,37
2025-09-03,Referido,32,32
2025-09-03,Todos,175,177
2025-09-04,Buscadores (orgánico),52,52
2025-09-04,Directo / newsletter,51,51
2025-09-04,Publicidad en redes,45,45
2025-09-04,Referido,37,37
2025-09-04,Todos,184,185
2025-09-05,Buscadores (orgánico),47,47
2025-09-05,Directo / newsletter,42,42
2025-09-05,Publicidad en redes,30,30
2025-09-05,Referido,30,30
2025-09-05,Todos,147,149
2025-09-06,Buscadores (orgánico),44,44
2025-09-06,Directo / newsletter,46,47
2025-09-06,Publicidad en redes,46,46
2025-09-06,Referido,30,30
2025-09-06,Todos,164,167
2025-09-07,Buscadores (orgánico),44,44
2025-09-07,Directo / newsletter,61,62
2025-09-07,Publicidad en redes,46,46
2025-09-07,Referido,33,33
2025-09-07,Todos,183,185
2025-09-08,Buscadores (orgánico),65,65
2025-09-08,Directo / newsletter,56,56
2025-09-08,Publicidad en redes,54,54
2025-09-08,Referido,28,28
2025-09-08,Todos,198,203
2025-09-09,Buscadores (orgánico),28,28
2025-09-09,Directo / newsletter,90,90
2025-09-09,Publicidad en redes,33,33
2025-09-09,Referido,62,62
2025-09-09,Todos,211,213
2025-09-10,Buscadores (orgánico),47,47
2025-09-10,Directo / newsletter,62,62
2025-09-10,Publicidad en redes,55,55
2025-09-10,Referido,39,39
2025-09-10,Todos,200,203
2025-09-11,Buscadores (orgánico),36,36
2025-09-11,Directo / newsletter,50,50
2025-09-11,Publicidad en redes,46,46
2025-09-11,Referido,29,29
2025-09-11,Todos,159,161
2025-09-12,Buscadores (orgánico),52,52
2025-09-12,Directo / newsletter,52,52
2025-09-12,Publicidad en redes,46,46
2025-09-12,Referido,32,32
2025-09-12,Todos,181,182
2025-09-13,Buscadores (orgánico),54,54
2025-09-13,Directo / newsletter,44,45
2025-09-13,Publicidad en redes,40,40
2025-09-13,Referido,33,33
2025-09-13,Todos,171,172
2025-09-14,Buscadores (orgánico),47,47
2025-09-14,Directo / newsletter,32,32
2025-09-14,Publicidad en redes,54,54
2025-09-14,Referido,33,33
2025-09-14,Todos,166,166
2025-09-15,Buscadores (orgánico),55,55
2025-09-15,Directo / newsletter,64,64
2025-09-15,Publicidad en redes,40,40
2025-09-15,Referido,34,35
2025-09-15,Todos,191,194
2025-09-16,Buscadores (orgánico),39,39
2025-09-16,Directo / newsletter,53,53
2025-09-16,Publicidad en redes,53,53
2025-09-16,Referido,30,30
2025-09-16,Todos,175,175
2025-09-17,Buscadores (orgánico),40,40
2025-09-17,Directo / newsletter,55,55
2025-09-17,Publicidad en redes,46,46
2025-09-17,Referido,29,29
2025-09-17,Todos,169,170
2025-09-18,Buscadores (orgánico),51,53
2025-09-18,Directo / newsletter,57,57
2025-09-18,Publicidad en redes,45,45
2025-09-18,Referido,31,31
2025-09-18,Todos,182,186
2025-09-19,Buscadores (orgánico),45,45
2025-09-19,Directo / newsletter,52,52
2025-09-19,Publicidad en redes,34,34
2025-09-19,Referido,23,23
2025-09-19,Todos,152,154
2025-09-20,Buscadores (orgánico),58,58
2025-09-20,Directo / newsletter,56,56
2025-09-20,Publicidad en redes,41,41
2025-09-20,Referido,50,50
2025-09-20,Todos,205,205
2025-09-21,Buscadores (orgánico),56,56
2025-09-21,Directo / newsletter,55,55
2025-09-21,Publicidad en redes,40,40
2025-09-21,Referido,26,26
2025-09-21,Todos,175,177
2025-09-22,Buscadores (orgánico),41,41
2025-09-22,Directo / newsletter,46,46
2025-09-22,Publicidad en redes,50,50
2025-09-22,Referido,23,23
2025-09-22,Todos,159,160
2025-09-23,Buscadores (orgánico),41,41
2025-09-23,Directo / newsletter,93,93
2025-09-23,Publicidad en redes,26,26
2025-09-23,Referido,54,54
2025-09-23,Todos,212,214
2025-09-24,Buscadores (orgánico),46,47
2025-09-24,Directo / newsletter,52,52
2025-09-24,Publicidad en redes,47,47
2025-09-24,Referido,32,32
2025-09-24,Todos,176,178
2025-09-25,Buscadores (orgánico),43,43
2025-09-25,Directo / newsletter,58,58
2025-09-25,Publicidad en redes,45,45
2025-09-25,Referido,32,32
2025-09-25,Todos,176,178
2025-09-26,Buscadores (orgánico),43,43
2025-09-26,Directo / newsletter,53,53
2025-09-26,Publicidad en redes,31,31
2025-09-26,Referido,22,22
2025-09-26,Todos,149,149
2025-09-27,Buscadores (orgánico),40,40
2025-09-27,Directo / newsletter,42,42
2025-09-27,Publicidad en redes,44,44
2025-09-27,Referido,26,26
2025-09-27,Todos,152,152
2025-09-28,Buscadores (orgánico),45,45
2025-09-28,Directo / newsletter,42,42
2025-09-28,Publicidad en redes,36,36
2025-09-28,Referido,20,20
2025-09-28,Todos,143,143
2025-09-29,Buscadores (orgánico),45,45
2025-09-29,Directo / newsletter,50,50
2025-09-29,Publicidad en redes,41,42
2025-09-29,Referido,39,39
2025-09-29,Todos,174,176
2025-09-30,Buscadores (orgánico),40,40
2025-09-30,Directo / newsletter,41,41
2025-09-30,Publicidad en redes,49,49
2025-09-30,Referido,31,31
2025-09-30,Todos,160,161
