fecha,mes,canal,provincia,pedidos,ventas
2024-01-01,2024-01,Tienda Online,Buenos Aires,3,123390.0
2024-01-01,2024-01,Tienda Online,Córdoba,5,220170.0
2024-01-01,2024-01,Tienda Online,Mendoza,1,30840.0
2024-01-01,2024-01,Tienda Online,Santa Fe,5,109140.0
2024-01-02,2024-01,Tienda Online,Buenos Aires,2,48682.5
2024-01-02,2024-01,Tienda Online,Mendoza,1,34470.0
2024-01-02,2024-01,Tienda Online,Santa Fe,3,69840.0
2024-01-02,2024-01,Tiendas Físicas,Córdoba,3,87120.0
2024-01-02,2024-01,Tiendas Físicas,Santa Fe,2,76230.0
2024-01-03,2024-01,Tienda Online,Buenos Aires,4,73770.0
2024-01-03,2024-01,Tienda Online,Córdoba,2,34944.0
2024-01-03,2024-01,Tienda Online,Mendoza,1,65340.0
2024-01-03,2024-01,Tienda Online,Santa Fe,3,106140.0
2024-01-03,2024-01,Tiendas Físicas,Buenos Aires,3,134310.0
2024-01-03,2024-01,Tiendas Físicas,Córdoba,3,65340.0
2024-01-03,2024-01,Tiendas Físicas,Mendoza,1,43560.0
2024-01-03,2024-01,Tiendas Físicas,Santa Fe,1,83490.0
2024-01-04,2024-01,Tienda Online,Buenos Aires,2,83167.5
2024-01-04,2024-01,Tienda Online,Santa Fe,1,32536.5
2024-01-04,2024-01,Tiendas Físicas,Buenos Aires,3,163350.0
2024-01-04,2024-01,Tiendas Físicas,Córdoba,1,47190.0
2024-01-04,2024-01,Tiendas Físicas,Mendoza,2,47190.0
2024-01-04,2024-01,Tiendas Físicas,Santa Fe,2,127050.0
2024-01-05,2024-01,Tienda Online,Buenos Aires,6,353310.0
2024-01-05,2024-01,Tienda Online,Córdoba,5,216540.0
2024-01-05,2024-01,Tienda Online,Mendoza,1,52620.0
2024-01-05,2024-01,Tienda Online,Santa Fe,1,30540.0
2024-01-05,2024-01,Tiendas Físicas,Buenos Aires,1,32670.0
2024-01-05,2024-01,Tiendas Físicas,Córdoba,2,65340.0
2024-01-05,2024-01,Tiendas Físicas,Santa Fe,1,43560.0
2024-01-06,2024-01,Tienda Online,Buenos Aires,4,99180.0
2024-01-06,2024-01,Tienda Online,Córdoba,1,65340.0
2024-01-06,2024-01,Tienda Online,Santa Fe,2,71970.0
2024-01-06,2024-01,Tiendas Físicas,Buenos Aires,2,72600.0
2024-01-06,2024-01,Tiendas Físicas,Córdoba,2,87120.0
2024-01-06,2024-01,Tiendas Físicas,Mendoza,2,50820.0
2024-01-06,2024-01,Tiendas Físicas,Santa Fe,3,146700.0
2024-01-07,2024-01,Tienda Online,Buenos Aires,1,15720.0
2024-01-07,2024-01,Tienda Online,Córdoba,2,57450.0
2024-01-07,2024-01,Tienda Online,Mendoza,4,251332.5
2024-01-07,2024-01,Tienda Online,Santa Fe,1,16020.0
2024-01-08,2024-01,Tienda Online,Córdoba,1,52320.0
2024-01-08,2024-01,Tienda Online,Santa Fe,2,45834.0
2024-01-08,2024-01,Tiendas Físicas,Buenos Aires,1,32670.0
2024-01-08,2024-01,Tiendas Físicas,Córdoba,1,18150.0
2024-01-08,2024-01,Tiendas Físicas,Mendoza,5,197820.0
2024-01-08,2024-01,Tiendas Físicas,Santa Fe,1,36300.0
2024-01-09,2024-01,Tienda Online,Buenos Aires,7,225615.0
2024-01-09,2024-01,Tienda Online,Córdoba,4,164172.0
2024-01-09,2024-01,Tienda Online,Mendoza,1,48990.0
2024-01-09,2024-01,Tienda Online,Santa Fe,1,17835.0
2024-01-09,2024-01,Tiendas Físicas,Buenos Aires,2,29040.0
2024-01-09,2024-01,Tiendas Físicas,Mendoza,1,18150.0
2024-01-09,2024-01,Tiendas Físicas,Santa Fe,4,177870.0
2024-01-10,2024-01,Tienda Online,Buenos Aires,4,145170.0
2024-01-10,2024-01,Tienda Online,Córdoba,1,16020.0
2024-01-10,2024-01,Tienda Online,Santa Fe,2,35670.0
2024-01-10,2024-01,Tiendas Físicas,Buenos Aires,1,50820.0
2024-01-10,2024-01,Tiendas Físicas,Córdoba,1,14520.0
2024-01-10,2024-01,Tiendas Físicas,Mendoza,3,68955.0
2024-01-11,2024-01,Tienda Online,Buenos Aires,4,169380.0
2024-01-11,2024-01,Tienda Online,Córdoba,4,191760.0
2024-01-11,2024-01,Tienda Online,Mendoza,2,36270.0
2024-01-11,2024-01,Tienda Online,Santa Fe,3,108270.0
2024-01-11,2024-01,Tiendas Físicas,Buenos Aires,5,174240.0
2024-01-11,2024-01,Tiendas Físicas,Córdoba,2,54450.0
2024-01-11,2024-01,Tiendas Físicas,Mendoza,2,79860.0
2024-01-11,2024-01,Tiendas Físicas,Santa Fe,2,50820.0
2024-01-12,2024-01,Tienda Online,Mendoza,1,38100.0
2024-01-12,2024-01,Tienda Online,Santa Fe,1,16020.0
2024-01-12,2024-01,Tiendas Físicas,Buenos Aires,4,174240.0
2024-01-12,2024-01,Tiendas Físicas,Córdoba,1,32670.0
2024-01-12,2024-01,Tiendas Físicas,Mendoza,2,45360.0
2024-01-12,2024-01,Tiendas Físicas,Santa Fe,1,72600.0
2024-01-13,2024-01,Tienda Online,Buenos Aires,2,56850.0
2024-01-13,2024-01,Tienda Online,Santa Fe,4,188674.5
2024-01-13,2024-01,Tiendas Físicas,Buenos Aires,5,239943.0
2024-01-13,2024-01,Tiendas Físicas,Córdoba,5,199650.0
2024-01-13,2024-01,Tiendas Físicas,Mendoza,3,123420.0
2024-01-14,2024-01,Tienda Online,Buenos Aires,5,107640.0
2024-01-14,2024-01,Tienda Online,Mendoza,1,30840.0
2024-01-14,2024-01,Tienda Online,Santa Fe,4,104010.0
2024-01-15,2024-01,Tienda Online,Buenos Aires,4,180270.0
2024-01-15,2024-01,Tienda Online,Córdoba,1,83490.0
2024-01-15,2024-01,Tienda Online,Mendoza,1,19950.0
2024-01-15,2024-01,Tienda Online,Santa Fe,4,118530.0
2024-01-15,2024-01,Tiendas Físicas,Buenos Aires,4,116160.0
2024-01-15,2024-01,Tiendas Físicas,Córdoba,1,29040.0
2024-01-15,2024-01,Tiendas Físicas,Mendoza,1,45738.0
2024-01-15,2024-01,Tiendas Físicas,Santa Fe,3,72600.0
2024-01-16,2024-01,Tienda Online,Buenos Aires,4,128220.0
2024-01-16,2024-01,Tienda Online,Córdoba,1,61710.0
2024-01-16,2024-01,Tienda Online,Mendoza,1,19042.5
2024-01-16,2024-01,Tienda Online,Santa Fe,2,50190.0
2024-01-16,2024-01,Tiendas Físicas,Buenos Aires,2,68970.0
2024-01-16,2024-01,Tiendas Físicas,Córdoba,1,47190.0
2024-01-16,2024-01,Tiendas Físicas,Mendoza,3,72600.0
2024-01-16,2024-01,Tiendas Físicas,Santa Fe,2,101640.0
2024-01-17,2024-01,Tienda Online,Buenos Aires,2,56850.0
2024-01-17,2024-01,Tienda Online,Córdoba,4,136680.0
2024-01-17,2024-01,Tienda Online,Mendoza,1,19950.0
2024-01-17,2024-01,Tiendas Físicas,Buenos Aires,3,50820.0
2024-01-17,2024-01,Tiendas Físicas,Córdoba,1,18150.0
2024-01-17,2024-01,Tiendas Físicas,Mendoza,2,79860.0
2024-01-17,2024-01,Tiendas Físicas,Santa Fe,1,18150.0
2024-01-18,2024-01,Tienda Online,Buenos Aires,2,86686.5
2024-01-18,2024-01,Tienda Online,Córdoba,5,254970.0
2024-01-18,2024-01,Tienda Online,Santa Fe,3,87990.0
2024-01-18,2024-01,Tiendas Físicas,Buenos Aires,4,112893.0
2024-01-18,2024-01,Tiendas Físicas,Córdoba,2,123420.0
2024-01-18,2024-01,Tiendas Físicas,Mendoza,1,18150.0
2024-01-18,2024-01,Tiendas Físicas,Santa Fe,1,18150.0
2024-01-19,2024-01,Tienda Online,Buenos Aires,5,142740.0
2024-01-19,2024-01,Tienda Online,Córdoba,1,19650.0
2024-01-19,2024-01,Tienda Online,Mendoza,1,34470.0
2024-01-19,2024-01,Tienda Online,Santa Fe,2,110400.0
2024-01-19,2024-01,Tiendas Físicas,Buenos Aires,2,105270.0
2024-01-19,2024-01,Tiendas Físicas,Córdoba,1,18150.0
2024-01-19,2024-01,Tiendas Físicas,Mendoza,1,32670.0
2024-01-19,2024-01,Tiendas Físicas,Santa Fe,1,58080.0
2024-01-20,2024-01,Tienda Online,Buenos Aires,2,67740.0
2024-01-20,2024-01,Tienda Online,Córdoba,2,69247.5
2024-01-20,2024-01,Tienda Online,Santa Fe,1,45060.0
2024-01-20,2024-01,Tiendas Físicas,Buenos Aires,5,222630.0
2024-01-20,2024-01,Tiendas Físicas,Córdoba,2,29040.0
2024-01-20,2024-01,Tiendas Físicas,Mendoza,1,32670.0
2024-01-20,2024-01,Tiendas Físicas,Santa Fe,2,54450.0
2024-01-21,2024-01,Tienda Online,Buenos Aires,7,248595.0
2024-01-21,2024-01,Tienda Online,Córdoba,1,16020.0
2024-01-21,2024-01,Tienda Online,Mendoza,1,38100.0
2024-01-22,2024-01,Tienda Online,Córdoba,3,98880.0
2024-01-22,2024-01,Tienda Online,Mendoza,1,68970.0
2024-01-22,2024-01,Tienda Online,Santa Fe,3,66210.0
2024-01-22,2024-01,Tiendas Físicas,Buenos Aires,2,72600.0
2024-01-22,2024-01,Tiendas Físicas,Córdoba,4,214170.0
2024-01-22,2024-01,Tiendas Físicas,Santa Fe,1,54450.0
2024-01-23,2024-01,Tienda Online,Buenos Aires,2,57576.0
2024-01-23,2024-01,Tienda Online,Córdoba,3,52053.0
2024-01-23,2024-01,Tienda Online,Santa Fe,3,94476.0
2024-01-23,2024-01,Tiendas Físicas,Buenos Aires,3,68970.0
2024-01-23,2024-01,Tiendas Físicas,Córdoba,2,72600.0
2024-01-23,2024-01,Tiendas Físicas,Mendoza,1,18150.0
2024-01-23,2024-01,Tiendas Físicas,Santa Fe,1,14520.0
2024-01-24,2024-01,Tienda Online,Buenos Aires,3,50790.0
2024-01-24,2024-01,Tienda Online,Córdoba,2,101010.0
2024-01-24,2024-01,Tienda Online,Mendoza,1,54450.0
2024-01-24,2024-01,Tienda Online,Santa Fe,2,84990.0
2024-01-24,2024-01,Tiendas Físicas,Buenos Aires,6,152460.0
2024-01-24,2024-01,Tiendas Físicas,Córdoba,1,14520.0
2024-01-24,2024-01,Tiendas Físicas,Mendoza,1,72600.0
2024-01-24,2024-01,Tiendas Físicas,Santa Fe,1,14520.0
2024-01-25,2024-01,Tienda Online,Buenos Aires,2,91950.0
2024-01-25,2024-01,Tienda Online,Córdoba,2,114030.0
2024-01-25,2024-01,Tienda Online,Santa Fe,1,58080.0
2024-01-25,2024-01,Tiendas Físicas,Buenos Aires,3,97758.0
2024-01-25,2024-01,Tiendas Físicas,Córdoba,1,47190.0
2024-01-25,2024-01,Tiendas Físicas,Mendoza,1,54450.0
2024-01-25,2024-01,Tiendas Físicas,Santa Fe,1,36300.0
2024-01-26,2024-01,Tienda Online,Buenos Aires,1,19350.0
2024-01-26,2024-01,Tienda Online,Córdoba,2,57450.0
2024-01-26,2024-01,Tienda Online,Mendoza,1,38100.0
2024-01-26,2024-01,Tienda Online,Santa Fe,2,35670.0
2024-01-26,2024-01,Tiendas Físicas,Córdoba,2,119790.0
2024-01-26,2024-01,Tiendas Físicas,Mendoza,3,65340.0
2024-01-26,2024-01,Tiendas Físicas,Santa Fe,3,127050.0
2024-01-27,2024-01,Tienda Online,Buenos Aires,3,171810.0
2024-01-27,2024-01,Tienda Online,Córdoba,3,144570.0
2024-01-27,2024-01,Tienda Online,Mendoza,2,65310.0
2024-01-27,2024-01,Tienda Online,Santa Fe,3,115530.0
2024-01-27,2024-01,Tiendas Físicas,Buenos Aires,6,156090.0
2024-01-27,2024-01,Tiendas Físicas,Córdoba,4,94380.0
2024-01-27,2024-01,Tiendas Físicas,Mendoza,1,18150.0
2024-01-27,2024-01,Tiendas Físicas,Santa Fe,4,116160.0
2024-01-28,2024-01,Tienda Online,Buenos Aires,2,49590.0
2024-01-28,2024-01,Tienda Online,Córdoba,2,45834.0
2024-01-28,2024-01,Tienda Online,Mendoza,2,36270.0
2024-01-28,2024-01,Tienda Online,Santa Fe,2,53820.0
2024-01-29,2024-01,Tienda Online,Buenos Aires,1,54450.0
2024-01-29,2024-01,Tienda Online,Córdoba,2,74100.0
2024-01-29,2024-01,Tienda Online,Mendoza,1,38100.0
2024-01-29,2024-01,Tienda Online,Santa Fe,1,37800.0
2024-01-29,2024-01,Tiendas Físicas,Buenos Aires,3,55650.0
2024-01-29,2024-01,Tiendas Físicas,Córdoba,3,90750.0
2024-01-29,2024-01,Tiendas Físicas,Mendoza,2,52620.0
2024-01-29,2024-01,Tiendas Físicas,Santa Fe,1,18150.0
2024-01-30,2024-01,Tienda Online,Buenos Aires,8,201082.5
2024-01-30,2024-01,Tienda Online,Córdoba,1,30540.0
2024-01-30,2024-01,Tienda Online,Mendoza,3,110670.0
2024-01-30,2024-01,Tiendas Físicas,Córdoba,4,129228.0
2024-01-30,2024-01,Tiendas Físicas,Santa Fe,1,36300.0
2024-01-31,2024-01,Tienda Online,Buenos Aires,1,65340.0
2024-01-31,2024-01,Tienda Online,Córdoba,4,149700.0
2024-01-31,2024-01,Tienda Online,Santa Fe,3,55320.0
2024-01-31,2024-01,Tiendas Físicas,Buenos Aires,3,73800.0
2024-01-31,2024-01,Tiendas Físicas,Córdoba,2,43923.0
2024-01-31,2024-01,Tiendas Físicas,Mendoza,1,36300.0
2024-01-31,2024-01,Tiendas Físicas,Santa Fe,4,112530.0
2024-02-01,2024-02,Tienda Online,Córdoba,3,119160.0
2024-02-01,2024-02,Tienda Online,Mendoza,2,36270.0
2024-02-01,2024-02,Tiendas Físicas,Buenos Aires,5,282414.0
2024-02-01,2024-02,Tiendas Físicas,Córdoba,3,94380.0
2024-02-01,2024-02,Tiendas Físicas,Santa Fe,2,79860.0
2024-02-02,2024-02,Tienda Online,Buenos Aires,6,223800.0
2024-02-02,2024-02,Tienda Online,Córdoba,2,92250.0
2024-02-02,2024-02,Tienda Online,Santa Fe,2,57450.0
2024-02-02,2024-02,Tiendas Físicas,Buenos Aires,3,135036.0
2024-02-02,2024-02,Tiendas Físicas,Córdoba,3,127413.0
2024-02-02,2024-02,Tiendas Físicas,Mendoza,4,114708.0
2024-02-02,2024-02,Tiendas Físicas,Santa Fe,3,94380.0
2024-02-03,2024-02,Tienda Online,Buenos Aires,2,84690.0
2024-02-03,2024-02,Tienda Online,Córdoba,1,19650.0
2024-02-03,2024-02,Tienda Online,Mendoza,1,45360.0
2024-02-03,2024-02,Tienda Online,Santa Fe,2,46560.0
2024-02-03,2024-02,Tiendas Físicas,Buenos Aires,2,130680.0
2024-02-03,2024-02,Tiendas Físicas,Córdoba,2,65340.0
2024-02-03,2024-02,Tiendas Físicas,Mendoza,2,30840.0
2024-02-03,2024-02,Tiendas Físicas,Santa Fe,3,307279.5
2024-02-04,2024-02,Tienda Online,Buenos Aires,3,72570.0
2024-02-04,2024-02,Tienda Online,Córdoba,2,68340.0
2024-02-04,2024-02,Tienda Online,Mendoza,1,30840.0
2024-02-04,2024-02,Tienda Online,Santa Fe,1,16020.0
2024-02-05,2024-02,Tienda Online,Buenos Aires,4,357232.5
2024-02-05,2024-02,Tienda Online,Córdoba,3,137310.0
2024-02-05,2024-02,Tienda Online,Mendoza,1,16320.0
2024-02-05,2024-02,Tienda Online,Santa Fe,6,196260.0
2024-02-05,2024-02,Tiendas Físicas,Buenos Aires,1,32670.0
2024-02-05,2024-02,Tiendas Físicas,Santa Fe,2,29040.0
2024-02-06,2024-02,Tienda Online,Buenos Aires,6,283110.0
2024-02-06,2024-02,Tienda Online,Córdoba,2,82860.0
2024-02-06,2024-02,Tienda Online,Santa Fe,4,169072.5
2024-02-06,2024-02,Tiendas Físicas,Buenos Aires,3,101640.0
2024-02-06,2024-02,Tiendas Físicas,Córdoba,3,61710.0
2024-02-06,2024-02,Tiendas Físicas,Santa Fe,1,29040.0
2024-02-07,2024-02,Tienda Online,Buenos Aires,1,15720.0
2024-02-07,2024-02,Tienda Online,Córdoba,1,45060.0
2024-02-07,2024-02,Tienda Online,Santa Fe,1,37800.0
2024-02-07,2024-02,Tiendas Físicas,Buenos Aires,1,19350.0
2024-02-07,2024-02,Tiendas Físicas,Córdoba,3,67518.0
2024-02-08,2024-02,Tienda Online,Buenos Aires,1,37500.0
2024-02-08,2024-02,Tienda Online,Córdoba,2,74100.0
2024-02-08,2024-02,Tienda Online,Mendoza,2,32640.0
2024-02-08,2024-02,Tiendas Físicas,Buenos Aires,2,87120.0
2024-02-08,2024-02,Tiendas Físicas,Córdoba,3,130680.0
2024-02-08,2024-02,Tiendas Físicas,Mendoza,1,72600.0
2024-02-08,2024-02,Tiendas Físicas,Santa Fe,5,170610.0
2024-02-09,2024-02,Tienda Online,Buenos Aires,4,141540.0
2024-02-09,2024-02,Tienda Online,Córdoba,3,77100.0
2024-02-09,2024-02,Tienda Online,Mendoza,1,19950.0
2024-02-09,2024-02,Tienda Online,Santa Fe,1,19650.0
2024-02-09,2024-02,Tiendas Físicas,Buenos Aires,2,54450.0
2024-02-09,2024-02,Tiendas Físicas,Córdoba,2,83490.0
2024-02-09,2024-02,Tiendas Físicas,Santa Fe,2,101640.0
2024-02-10,2024-02,Tienda Online,Buenos Aires,3,87090.0
2024-02-10,2024-02,Tienda Online,Córdoba,1,19650.0
2024-02-10,2024-02,Tienda Online,Mendoza,3,67110.0
2024-02-10,2024-02,Tiendas Físicas,Buenos Aires,4,137940.0
2024-02-10,2024-02,Tiendas Físicas,Córdoba,1,72600.0
2024-02-10,2024-02,Tiendas Físicas,Mendoza,5,147000.0
2024-02-10,2024-02,Tiendas Físicas,Santa Fe,1,18150.0
2024-02-11,2024-02,Tienda Online,Buenos Aires,7,222459.0
2024-02-11,2024-02,Tienda Online,Córdoba,2,57450.0
2024-02-11,2024-02,Tienda Online,Santa Fe,2,114030.0
2024-02-12,2024-02,Tienda Online,Buenos Aires,3,112500.0
2024-02-12,2024-02,Tienda Online,Mendoza,2,215970.0
2024-02-12,2024-02,Tienda Online,Santa Fe,2,74100.0
2024-02-12,2024-02,Tiendas Físicas,Buenos Aires,1,18150.0
2024-02-12,2024-02,Tiendas Físicas,Córdoba,1,13068.0
2024-02-12,2024-02,Tiendas Físicas,Mendoza,2,32670.0
2024-02-13,2024-02,Tienda Online,Buenos Aires,3,74385.0
2024-02-13,2024-02,Tienda Online,Córdoba,4,146748.0
2024-02-13,2024-02,Tienda Online,Mendoza,3,154623.0
2024-02-13,2024-02,Tienda Online,Santa Fe,1,30540.0
2024-02-13,2024-02,Tiendas Físicas,Buenos Aires,4,127776.0
2024-02-13,2024-02,Tiendas Físicas,Córdoba,3,196020.0
2024-02-13,2024-02,Tiendas Físicas,Santa Fe,1,18150.0
2024-02-14,2024-02,Tienda Online,Buenos Aires,3,83460.0
2024-02-14,2024-02,Tienda Online,Córdoba,2,46560.0
2024-02-14,2024-02,Tienda Online,Santa Fe,2,35670.0
2024-02-14,2024-02,Tiendas Físicas,Buenos Aires,2,88935.0
2024-02-14,2024-02,Tiendas Físicas,Córdoba,1,65340.0
2024-02-15,2024-02,Tienda Online,Buenos Aires,7,202605.0
2024-02-15,2024-02,Tienda Online,Córdoba,4,107640.0
2024-02-15,2024-02,Tienda Online,Santa Fe,1,16020.0
2024-02-15,2024-02,Tiendas Físicas,Buenos Aires,5,303468.0
2024-02-16,2024-02,Tienda Online,Buenos Aires,3,87090.0
2024-02-16,2024-02,Tienda Online,Córdoba,5,134550.0
2024-02-16,2024-02,Tienda Online,Mendoza,2,152460.0
2024-02-16,2024-02,Tienda Online,Santa Fe,3,101010.0
2024-02-16,2024-02,Tiendas Físicas,Buenos Aires,6,190575.0
2024-02-16,2024-02,Tiendas Físicas,Córdoba,2,32670.0
2024-02-16,2024-02,Tiendas Físicas,Mendoza,4,137940.0
2024-02-16,2024-02,Tiendas Físicas,Santa Fe,2,87120.0
2024-02-17,2024-02,Tienda Online,Buenos Aires,2,77430.0
2024-02-17,2024-02,Tienda Online,Mendoza,2,76200.0
2024-02-17,2024-02,Tienda Online,Santa Fe,4,107640.0
2024-02-17,2024-02,Tiendas Físicas,Buenos Aires,3,68970.0
2024-02-17,2024-02,Tiendas Físicas,Córdoba,3,43560.0
2024-02-17,2024-02,Tiendas Físicas,Mendoza,5,152460.0
2024-02-17,2024-02,Tiendas Físicas,Santa Fe,7,201828.0
2024-02-18,2024-02,Tienda Online,Buenos Aires,3,111592.5
2024-02-18,2024-02,Tienda Online,Córdoba,2,74100.0
2024-02-18,2024-02,Tienda Online,Mendoza,3,97980.0
2024-02-18,2024-02,Tienda Online,Santa Fe,3,93024.0
2024-02-19,2024-02,Tienda Online,Buenos Aires,1,19350.0
2024-02-19,2024-02,Tienda Online,Córdoba,8,178980.0
2024-02-19,2024-02,Tienda Online,Mendoza,3,51682.5
2024-02-19,2024-02,Tienda Online,Santa Fe,2,84990.0
2024-02-19,2024-02,Tiendas Físicas,Buenos Aires,6,138303.0
2024-02-19,2024-02,Tiendas Físicas,Córdoba,2,56628.0
2024-02-19,2024-02,Tiendas Físicas,Santa Fe,1,29040.0
2024-02-20,2024-02,Tienda Online,Buenos Aires,3,105240.0
2024-02-20,2024-02,Tienda Online,Córdoba,3,91620.0
2024-02-20,2024-02,Tienda Online,Mendoza,1,19950.0
2024-02-20,2024-02,Tienda Online,Santa Fe,4,85860.0
2024-02-20,2024-02,Tiendas Físicas,Buenos Aires,1,30240.0
2024-02-20,2024-02,Tiendas Físicas,Córdoba,2,76230.0
2024-02-20,2024-02,Tiendas Físicas,Mendoza,1,43560.0
2024-02-20,2024-02,Tiendas Físicas,Santa Fe,1,14520.0
2024-02-21,2024-02,Tienda Online,Buenos Aires,7,323514.0
2024-02-21,2024-02,Tienda Online,Córdoba,4,153330.0
2024-02-21,2024-02,Tienda Online,Santa Fe,3,62580.0
2024-02-21,2024-02,Tiendas Físicas,Buenos Aires,3,43560.0
2024-02-21,2024-02,Tiendas Físicas,Córdoba,4,118338.0
2024-02-21,2024-02,Tiendas Físicas,Mendoza,5,214896.0
2024-02-21,2024-02,Tiendas Físicas,Santa Fe,2,61710.0
2024-02-22,2024-02,Tienda Online,Buenos Aires,2,123420.0
2024-02-22,2024-02,Tienda Online,Córdoba,2,74826.0
2024-02-22,2024-02,Tienda Online,Mendoza,1,45360.0
2024-02-22,2024-02,Tienda Online,Santa Fe,1,19650.0
2024-02-22,2024-02,Tiendas Físicas,Buenos Aires,3,79860.0
2024-02-22,2024-02,Tiendas Físicas,Mendoza,2,47175.0
2024-02-22,2024-02,Tiendas Físicas,Santa Fe,3,50820.0
2024-02-23,2024-02,Tienda Online,Buenos Aires,5,125790.0
2024-02-23,2024-02,Tienda Online,Córdoba,1,45060.0
2024-02-23,2024-02,Tienda Online,Mendoza,2,47160.0
2024-02-23,2024-02,Tienda Online,Santa Fe,6,170850.0
2024-02-23,2024-02,Tiendas Físicas,Buenos Aires,6,129450.0
2024-02-23,2024-02,Tiendas Físicas,Córdoba,3,156090.0
2024-02-23,2024-02,Tiendas Físicas,Mendoza,1,14520.0
2024-02-23,2024-02,Tiendas Físicas,Santa Fe,5,264990.0
2024-02-24,2024-02,Tienda Online,Buenos Aires,8,287910.0
2024-02-24,2024-02,Tienda Online,Córdoba,4,121434.0
2024-02-24,2024-02,Tiendas Físicas,Buenos Aires,3,65340.0
2024-02-24,2024-02,Tiendas Físicas,Córdoba,6,246840.0
2024-02-24,2024-02,Tiendas Físicas,Mendoza,2,79860.0
2024-02-24,2024-02,Tiendas Físicas,Santa Fe,11,395670.0
2024-02-25,2024-02,Tienda Online,Buenos Aires,7,276798.0
2024-02-25,2024-02,Tienda Online,Córdoba,2,32040.0
2024-02-25,2024-02,Tienda Online,Mendoza,2,68940.0
2024-02-25,2024-02,Tienda Online,Santa Fe,3,111900.0
2024-02-26,2024-02,Tienda Online,Buenos Aires,2,53220.0
2024-02-26,2024-02,Tienda Online,Córdoba,6,185370.0
2024-02-26,2024-02,Tienda Online,Mendoza,3,78000.0
2024-02-26,2024-02,Tienda Online,Santa Fe,2,61080.0
2024-02-26,2024-02,Tiendas Físicas,Buenos Aires,2,87120.0
2024-02-26,2024-02,Tiendas Físicas,Mendoza,2,50820.0
2024-02-26,2024-02,Tiendas Físicas,Santa Fe,1,19650.0
2024-02-27,2024-02,Tienda Online,Buenos Aires,3,125094.0
2024-02-27,2024-02,Tienda Online,Córdoba,5,178788.0
2024-02-27,2024-02,Tienda Online,Santa Fe,3,338001.0
2024-02-27,2024-02,Tiendas Físicas,Buenos Aires,3,85305.0
2024-02-27,2024-02,Tiendas Físicas,Mendoza,1,47190.0
2024-02-28,2024-02,Tienda Online,Buenos Aires,1,37500.0
2024-02-28,2024-02,Tienda Online,Córdoba,5,229560.0
2024-02-28,2024-02,Tienda Online,Mendoza,2,36270.0
2024-02-28,2024-02,Tienda Online,Santa Fe,1,16020.0
2024-02-28,2024-02,Tiendas Físicas,Buenos Aires,4,534517.5
2024-02-28,2024-02,Tiendas Físicas,Córdoba,2,72600.0
2024-02-28,2024-02,Tiendas Físicas,Mendoza,6,148830.0
2024-02-28,2024-02,Tiendas Físicas,Santa Fe,3,97380.0
2024-02-29,2024-02,Tienda Online,Buenos Aires,4,214140.0
2024-02-29,2024-02,Tienda Online,Córdoba,2,32040.0
2024-02-29,2024-02,Tienda Online,Mendoza,1,19950.0
2024-02-29,2024-02,Tienda Online,Santa Fe,1,37800.0
2024-02-29,2024-02,Tiendas Físicas,Buenos Aires,2,70170.0
2024-02-29,2024-02,Tiendas Físicas,Córdoba,2,52320.0
2024-02-29,2024-02,Tiendas Físicas,Mendoza,2,87120.0
2024-03-01,2024-03,Tienda Online,Buenos Aires,7,203220.0
2024-03-01,2024-03,Tienda Online,Córdoba,3,93750.0
2024-03-01,2024-03,Tiendas Físicas,Buenos Aires,4,199650.0
2024-03-01,2024-03,Tiendas Físicas,Córdoba,7,308550.0
2024-03-01,2024-03,Tiendas Físicas,Mendoza,3,132465.0
2024-03-01,2024-03,Tiendas Físicas,Santa Fe,2,72600.0
2024-03-02,2024-03,Tienda Online,Buenos Aires,4,94098.0
2024-03-02,2024-03,Tienda Online,Córdoba,3,130050.0
2024-03-02,2024-03,Tiendas Físicas,Buenos Aires,7,222630.0
2024-03-02,2024-03,Tiendas Físicas,Córdoba,3,98010.0
2024-03-02,2024-03,Tiendas Físicas,Mendoza,3,121242.0
2024-03-02,2024-03,Tiendas Físicas,Santa Fe,5,145200.0
2024-03-03,2024-03,Tienda Online,Buenos Aires,3,83460.0
2024-03-03,2024-03,Tienda Online,Córdoba,3,104640.0
2024-03-03,2024-03,Tienda Online,Santa Fe,3,47334.0
2024-03-04,2024-03,Tienda Online,Buenos Aires,7,191130.0
2024-03-04,2024-03,Tienda Online,Córdoba,2,70470.0
2024-03-04,2024-03,Tienda Online,Mendoza,2,54420.0
2024-03-04,2024-03,Tienda Online,Santa Fe,5,245895.0
2024-03-04,2024-03,Tiendas Físicas,Buenos Aires,2,60258.0
2024-03-04,2024-03,Tiendas Físicas,Córdoba,2,29040.0
2024-03-04,2024-03,Tiendas Físicas,Mendoza,2,54450.0
2024-03-05,2024-03,Tienda Online,Buenos Aires,3,123390.0
2024-03-05,2024-03,Tienda Online,Córdoba,1,19650.0
2024-03-05,2024-03,Tienda Online,Santa Fe,5,140902.5
2024-03-05,2024-03,Tiendas Físicas,Buenos Aires,3,90750.0
2024-03-05,2024-03,Tiendas Físicas,Santa Fe,4,97284.0
2024-03-06,2024-03,Tienda Online,Buenos Aires,2,110100.0
2024-03-06,2024-03,Tienda Online,Córdoba,1,19650.0
2024-03-06,2024-03,Tienda Online,Santa Fe,1,35985.0
2024-03-06,2024-03,Tiendas Físicas,Buenos Aires,3,65340.0
2024-03-06,2024-03,Tiendas Físicas,Córdoba,5,78408.0
2024-03-06,2024-03,Tiendas Físicas,Mendoza,2,112530.0
2024-03-06,2024-03,Tiendas Físicas,Santa Fe,4,119790.0
2024-03-07,2024-03,Tienda Online,Buenos Aires,2,60480.0
2024-03-07,2024-03,Tienda Online,Mendoza,1,34470.0
2024-03-07,2024-03,Tienda Online,Santa Fe,1,16020.0
2024-03-07,2024-03,Tiendas Físicas,Buenos Aires,1,18150.0
2024-03-07,2024-03,Tiendas Físicas,Córdoba,2,61710.0
2024-03-07,2024-03,Tiendas Físicas,Mendoza,3,88920.0
2024-03-07,2024-03,Tiendas Físicas,Santa Fe,4,166980.0
2024-03-08,2024-03,Tienda Online,Buenos Aires,5,193741.5
2024-03-08,2024-03,Tienda Online,Córdoba,2,88620.0
2024-03-08,2024-03,Tienda Online,Mendoza,1,16320.0
2024-03-08,2024-03,Tiendas Físicas,Buenos Aires,3,130680.0
2024-03-08,2024-03,Tiendas Físicas,Córdoba,3,108900.0
2024-03-08,2024-03,Tiendas Físicas,Mendoza,2,50820.0
2024-03-08,2024-03,Tiendas Físicas,Santa Fe,1,14520.0
2024-03-09,2024-03,Tienda Online,Buenos Aires,1,44760.0
2024-03-09,2024-03,Tienda Online,Córdoba,2,61080.0
2024-03-09,2024-03,Tienda Online,Mendoza,1,45360.0
2024-03-09,2024-03,Tienda Online,Santa Fe,2,95020.5
2024-03-09,2024-03,Tiendas Físicas,Buenos Aires,6,270435.0
2024-03-09,2024-03,Tiendas Físicas,Córdoba,2,29040.0
2024-03-09,2024-03,Tiendas Físicas,Mendoza,1,43560.0
2024-03-09,2024-03,Tiendas Físicas,Santa Fe,4,204732.0
2024-03-10,2024-03,Tienda Online,Buenos Aires,5,151200.0
2024-03-10,2024-03,Tienda Online,Mendoza,1,16320.0
2024-03-11,2024-03,Tienda Online,Buenos Aires,3,72570.0
2024-03-11,2024-03,Tienda Online,Córdoba,1,16020.0
2024-03-11,2024-03,Tienda Online,Mendoza,2,54420.0
2024-03-11,2024-03,Tienda Online,Santa Fe,2,74100.0
2024-03-11,2024-03,Tiendas Físicas,Buenos Aires,1,18150.0
2024-03-11,2024-03,Tiendas Físicas,Córdoba,3,95880.0
2024-03-11,2024-03,Tiendas Físicas,Mendoza,1,32670.0
2024-03-12,2024-03,Tienda Online,Buenos Aires,4,132828.0
2024-03-12,2024-03,Tienda Online,Córdoba,2,32040.0
2024-03-12,2024-03,Tienda Online,Mendoza,2,126672.0
2024-03-12,2024-03,Tienda Online,Santa Fe,1,68970.0
2024-03-12,2024-03,Tiendas Físicas,Buenos Aires,2,72600.0
2024-03-12,2024-03,Tiendas Físicas,Córdoba,1,54450.0
2024-03-12,2024-03,Tiendas Físicas,Mendoza,1,29040.0
2024-03-12,2024-03,Tiendas Físicas,Santa Fe,3,47190.0
2024-03-13,2024-03,Tienda Online,Buenos Aires,4,209310.0
2024-03-13,2024-03,Tienda Online,Córdoba,4,170028.0
2024-03-13,2024-03,Tienda Online,Mendoza,2,36270.0
2024-03-13,2024-03,Tienda Online,Santa Fe,2,61080.0
2024-03-13,2024-03,Tiendas Físicas,Buenos Aires,1,14520.0
2024-03-13,2024-03,Tiendas Físicas,Córdoba,3,94380.0
2024-03-13,2024-03,Tiendas Físicas,Mendoza,1,14520.0
2024-03-14,2024-03,Tienda Online,Buenos Aires,1,37500.0
2024-03-14,2024-03,Tienda Online,Córdoba,1,37800.0
2024-03-14,2024-03,Tienda Online,Mendoza,1,19950.0
2024-03-14,2024-03,Tienda Online,Santa Fe,2,50190.0
2024-03-14,2024-03,Tiendas Físicas,Buenos Aires,1,79860.0
2024-03-14,2024-03,Tiendas Físicas,Córdoba,5,188760.0
2024-03-14,2024-03,Tiendas Físicas,Mendoza,1,14520.0
2024-03-14,2024-03,Tiendas Físicas,Santa Fe,2,50820.0
2024-03-15,2024-03,Tienda Online,Buenos Aires,3,169380.0
2024-03-15,2024-03,Tienda Online,Córdoba,1,53227.5
2024-03-15,2024-03,Tiendas Físicas,Buenos Aires,4,163350.0
2024-03-15,2024-03,Tiendas Físicas,Córdoba,2,83490.0
2024-03-15,2024-03,Tiendas Físicas,Santa Fe,4,141570.0
2024-03-16,2024-03,Tienda Online,Buenos Aires,1,37500.0
2024-03-16,2024-03,Tienda Online,Córdoba,2,50190.0
2024-03-16,2024-03,Tiendas Físicas,Buenos Aires,2,101640.0
2024-03-16,2024-03,Tiendas Físicas,Córdoba,2,43560.0
2024-03-16,2024-03,Tiendas Físicas,Mendoza,2,112530.0
2024-03-16,2024-03,Tiendas Físicas,Santa Fe,2,90750.0
2024-03-17,2024-03,Tienda Online,Buenos Aires,4,135480.0
2024-03-17,2024-03,Tienda Online,Santa Fe,2,215670.0
2024-03-18,2024-03,Tienda Online,Buenos Aires,4,174210.0
2024-03-18,2024-03,Tienda Online,Córdoba,2,97380.0
2024-03-18,2024-03,Tiendas Físicas,Buenos Aires,4,108285.0
2024-03-18,2024-03,Tiendas Físicas,Córdoba,2,65340.0
2024-03-18,2024-03,Tiendas Físicas,Mendoza,1,30840.0
2024-03-18,2024-03,Tiendas Físicas,Santa Fe,5,168480.0
2024-03-19,2024-03,Tienda Online,Buenos Aires,6,147862.5
2024-03-19,2024-03,Tienda Online,Córdoba,3,209910.0
2024-03-19,2024-03,Tienda Online,Mendoza,4,235920.0
2024-03-19,2024-03,Tiendas Físicas,Buenos Aires,4,119790.0
2024-03-19,2024-03,Tiendas Físicas,Córdoba,2,65340.0
2024-03-19,2024-03,Tiendas Físicas,Mendoza,2,29040.0
2024-03-19,2024-03,Tiendas Físicas,Santa Fe,3,90750.0
2024-03-20,2024-03,Tienda Online,Buenos Aires,1,15720.0
2024-03-20,2024-03,Tienda Online,Córdoba,1,30540.0
2024-03-20,2024-03,Tienda Online,Mendoza,1,16320.0
2024-03-20,2024-03,Tienda Online,Santa Fe,4,175110.0
2024-03-20,2024-03,Tiendas Físicas,Buenos Aires,2,105270.0
2024-03-20,2024-03,Tiendas Físicas,Córdoba,5,185130.0
2024-03-20,2024-03,Tiendas Físicas,Mendoza,1,18150.0
2024-03-20,2024-03,Tiendas Físicas,Santa Fe,3,192390.0
2024-03-21,2024-03,Tienda Online,Buenos Aires,4,91920.0
2024-03-21,2024-03,Tienda Online,Córdoba,1,19650.0
2024-03-21,2024-03,Tienda Online,Mendoza,2,79830.0
2024-03-21,2024-03,Tienda Online,Santa Fe,2,57450.0
2024-03-21,2024-03,Tiendas Físicas,Córdoba,5,272250.0
2024-03-21,2024-03,Tiendas Físicas,Santa Fe,1,18150.0
2024-03-22,2024-03,Tienda Online,Buenos Aires,1,19350.0
2024-03-22,2024-03,Tienda Online,Córdoba,3,109770.0
2024-03-22,2024-03,Tienda Online,Mendoza,2,88920.0
2024-03-22,2024-03,Tiendas Físicas,Buenos Aires,1,58080.0
2024-03-22,2024-03,Tiendas Físicas,Córdoba,1,14520.0
2024-03-22,2024-03,Tiendas Físicas,Santa Fe,1,29040.0
2024-03-23,2024-03,Tienda Online,Buenos Aires,4,95550.0
2024-03-23,2024-03,Tienda Online,Santa Fe,5,281880.0
2024-03-23,2024-03,Tiendas Físicas,Buenos Aires,3,85668.0
2024-03-23,2024-03,Tiendas Físicas,Córdoba,3,88572.0
2024-03-23,2024-03,Tiendas Físicas,Mendoza,1,13068.0
2024-03-23,2024-03,Tiendas Físicas,Santa Fe,3,112530.0
2024-03-24,2024-03,Tienda Online,Buenos Aires,3,114930.0
2024-03-24,2024-03,Tienda Online,Córdoba,2,181500.0
2024-03-24,2024-03,Tienda Online,Mendoza,1,30840.0
2024-03-24,2024-03,Tienda Online,Santa Fe,3,73470.0
2024-03-25,2024-03,Tienda Online,Buenos Aires,3,83460.0
2024-03-25,2024-03,Tienda Online,Santa Fe,1,16020.0
2024-03-25,2024-03,Tiendas Físicas,Buenos Aires,2,61710.0
2024-03-25,2024-03,Tiendas Físicas,Santa Fe,2,65340.0
2024-03-26,2024-03,Tienda Online,Buenos Aires,5,134028.0
2024-03-26,2024-03,Tienda Online,Córdoba,1,43971.0
2024-03-26,2024-03,Tienda Online,Santa Fe,9,377493.0
2024-03-26,2024-03,Tiendas Físicas,Buenos Aires,2,48390.0
2024-03-26,2024-03,Tiendas Físicas,Córdoba,2,47190.0
2024-03-26,2024-03,Tiendas Físicas,Santa Fe,2,50820.0
2024-03-27,2024-03,Tienda Online,Buenos Aires,4,250440.0
2024-03-27,2024-03,Tienda Online,Córdoba,2,74100.0
2024-03-27,2024-03,Tienda Online,Mendoza,1,54450.0
2024-03-27,2024-03,Tienda Online,Santa Fe,4,196890.0
2024-03-27,2024-03,Tiendas Físicas,Buenos Aires,3,65340.0
2024-03-27,2024-03,Tiendas Físicas,Córdoba,1,47190.0
2024-03-27,2024-03,Tiendas Físicas,Mendoza,1,18150.0
2024-03-27,2024-03,Tiendas Físicas,Santa Fe,1,36300.0
2024-03-28,2024-03,Tienda Online,Buenos Aires,2,77430.0
2024-03-28,2024-03,Tienda Online,Córdoba,2,99510.0
2024-03-28,2024-03,Tienda Online,Mendoza,2,79830.0
2024-03-28,2024-03,Tienda Online,Santa Fe,1,34170.0
2024-03-28,2024-03,Tiendas Físicas,Buenos Aires,2,87120.0
2024-03-28,2024-03,Tiendas Físicas,Córdoba,1,36300.0
2024-03-28,2024-03,Tiendas Físicas,Mendoza,2,54450.0
2024-03-29,2024-03,Tienda Online,Buenos Aires,3,97980.0
2024-03-29,2024-03,Tienda Online,Córdoba,2,35670.0
2024-03-29,2024-03,Tienda Online,Mendoza,2,105240.0
2024-03-29,2024-03,Tienda Online,Santa Fe,1,19650.0
2024-03-29,2024-03,Tiendas Físicas,Buenos Aires,2,87120.0
2024-03-29,2024-03,Tiendas Físicas,Córdoba,3,79860.0
2024-03-29,2024-03,Tiendas Físicas,Mendoza,2,34470.0
2024-03-29,2024-03,Tiendas Físicas,Santa Fe,4,127050.0
2024-03-30,2024-03,Tienda Online,Buenos Aires,7,277050.0
2024-03-30,2024-03,Tienda Online,Santa Fe,2,103140.0
2024-03-30,2024-03,Tiendas Físicas,Buenos Aires,2,47190.0
2024-03-30,2024-03,Tiendas Físicas,Córdoba,1,29040.0
2024-03-30,2024-03,Tiendas Físicas,Mendoza,3,79860.0
2024-03-30,2024-03,Tiendas Físicas,Santa Fe,1,36300.0
2024-03-31,2024-03,Tienda Online,Buenos Aires,5,193560.0
2024-03-31,2024-03,Tienda Online,Córdoba,5,120030.0
2024-03-31,2024-03,Tienda Online,Mendoza,2,36270.0
2024-03-31,2024-03,Tienda Online,Santa Fe,2,46560.0
2024-04-01,2024-04,Tienda Online,Buenos Aires,5,244380.0
2024-04-01,2024-04,Tienda Online,Córdoba,3,102510.0
2024-04-01,2024-04,Tienda Online,Mendoza,3,128820.0
2024-04-01,2024-04,Tienda Online,Santa Fe,3,87990.0
2024-04-01,2024-04,Tiendas Físicas,Buenos Aires,1,47190.0
2024-04-01,2024-04,Tiendas Físicas,Córdoba,1,14520.0
2024-04-01,2024-04,Tiendas Físicas,Mendoza,3,148830.0
2024-04-01,2024-04,Tiendas Físicas,Santa Fe,5,166980.0
2024-04-02,2024-04,Tienda Online,Buenos Aires,2,49590.0
2024-04-02,2024-04,Tienda Online,Córdoba,1,16020.0
2024-04-02,2024-04,Tienda Online,Santa Fe,1,30540.0
2024-04-02,2024-04,Tiendas Físicas,Buenos Aires,1,36300.0
2024-04-02,2024-04,Tiendas Físicas,Córdoba,1,29040.0
2024-04-02,2024-04,Tiendas Físicas,Mendoza,2,141570.0
2024-04-03,2024-04,Tienda Online,Buenos Aires,5,188730.0
2024-04-03,2024-04,Tienda Online,Santa Fe,1,83490.0
2024-04-03,2024-04,Tiendas Físicas,Buenos Aires,1,29040.0
2024-04-03,2024-04,Tiendas Físicas,Córdoba,2,106770.0
2024-04-03,2024-04,Tiendas Físicas,Santa Fe,2,43560.0
2024-04-04,2024-04,Tienda Online,Buenos Aires,4,146370.0
2024-04-04,2024-04,Tienda Online,Córdoba,3,183000.0
2024-04-04,2024-04,Tienda Online,Mendoza,2,78030.0
2024-04-04,2024-04,Tienda Online,Santa Fe,1,16020.0
2024-04-04,2024-04,Tiendas Físicas,Buenos Aires,4,98010.0
2024-04-04,2024-04,Tiendas Físicas,Córdoba,1,45738.0
2024-04-04,2024-04,Tiendas Físicas,Mendoza,1,14520.0
2024-04-04,2024-04,Tiendas Físicas,Santa Fe,1,36300.0
2024-04-05,2024-04,Tienda Online,Buenos Aires,2,35070.0
2024-04-05,2024-04,Tienda Online,Córdoba,3,95250.0
2024-04-05,2024-04,Tienda Online,Mendoza,1,36285.0
2024-04-05,2024-04,Tienda Online,Santa Fe,3,48060.0
2024-04-05,2024-04,Tiendas Físicas,Buenos Aires,1,43560.0
2024-04-05,2024-04,Tiendas Físicas,Córdoba,3,174240.0
2024-04-05,2024-04,Tiendas Físicas,Mendoza,2,65340.0
2024-04-05,2024-04,Tiendas Físicas,Santa Fe,2,119790.0
2024-04-06,2024-04,Tienda Online,Buenos Aires,4,163320.0
2024-04-06,2024-04,Tienda Online,Córdoba,2,84990.0
2024-04-06,2024-04,Tienda Online,Mendoza,1,72600.0
2024-04-06,2024-04,Tiendas Físicas,Buenos Aires,3,67518.0
2024-04-06,2024-04,Tiendas Físicas,Córdoba,7,243210.0
2024-04-06,2024-04,Tiendas Físicas,Mendoza,2,43560.0
2024-04-06,2024-04,Tiendas Físicas,Santa Fe,5,355740.0
2024-04-07,2024-04,Tienda Online,Buenos Aires,3,116130.0
2024-04-07,2024-04,Tienda Online,Córdoba,4,164220.0
2024-04-07,2024-04,Tienda Online,Santa Fe,4,175110.0
2024-04-08,2024-04,Tienda Online,Buenos Aires,2,56850.0
2024-04-08,2024-04,Tienda Online,Córdoba,1,45060.0
2024-04-08,2024-04,Tienda Online,Mendoza,2,74400.0
2024-04-08,2024-04,Tiendas Físicas,Buenos Aires,3,105270.0
2024-04-08,2024-04,Tiendas Físicas,Córdoba,2,54450.0
2024-04-08,2024-04,Tiendas Físicas,Mendoza,2,108900.0
2024-04-08,2024-04,Tiendas Físicas,Santa Fe,2,97647.0
2024-04-09,2024-04,Tienda Online,Buenos Aires,10,270093.0
2024-04-09,2024-04,Tienda Online,Córdoba,3,63306.0
2024-04-09,2024-04,Tienda Online,Mendoza,2,39900.0
2024-04-09,2024-04,Tienda Online,Santa Fe,5,239361.0
2024-04-09,2024-04,Tiendas Físicas,Buenos Aires,2,30240.0
2024-04-09,2024-04,Tiendas Físicas,Córdoba,1,14520.0
2024-04-09,2024-04,Tiendas Físicas,Santa Fe,3,101640.0
2024-04-10,2024-04,Tienda Online,Buenos Aires,3,68940.0
2024-04-10,2024-04,Tienda Online,Córdoba,1,65340.0
2024-04-10,2024-04,Tienda Online,Mendoza,1,34470.0
2024-04-10,2024-04,Tienda Online,Santa Fe,2,84990.0
2024-04-10,2024-04,Tiendas Físicas,Buenos Aires,1,14520.0
2024-04-10,2024-04,Tiendas Físicas,Córdoba,1,29040.0
2024-04-10,2024-04,Tiendas Físicas,Mendoza,1,65340.0
2024-04-10,2024-04,Tiendas Físicas,Santa Fe,3,137940.0
2024-04-11,2024-04,Tienda Online,Buenos Aires,3,83460.0
2024-04-11,2024-04,Tienda Online,Córdoba,2,32040.0
2024-04-11,2024-04,Tienda Online,Mendoza,1,16320.0
2024-04-11,2024-04,Tienda Online,Santa Fe,5,193260.0
2024-04-11,2024-04,Tiendas Físicas,Mendoza,3,98010.0
2024-04-11,2024-04,Tiendas Físicas,Santa Fe,2,130680.0
2024-04-12,2024-04,Tienda Online,Buenos Aires,1,15720.0
2024-04-12,2024-04,Tienda Online,Córdoba,1,19650.0
2024-04-12,2024-04,Tienda Online,Mendoza,1,16320.0
2024-04-12,2024-04,Tienda Online,Santa Fe,3,122790.0
2024-04-12,2024-04,Tiendas Físicas,Buenos Aires,5,174240.0
2024-04-12,2024-04,Tiendas Físicas,Mendoza,2,65340.0
2024-04-12,2024-04,Tiendas Físicas,Santa Fe,2,76230.0
2024-04-13,2024-04,Tienda Online,Buenos Aires,5,171780.0
2024-04-13,2024-04,Tienda Online,Santa Fe,1,61710.0
2024-04-13,2024-04,Tiendas Físicas,Buenos Aires,1,14520.0
2024-04-13,2024-04,Tiendas Físicas,Córdoba,4,109263.0
2024-04-13,2024-04,Tiendas Físicas,Santa Fe,2,72600.0
2024-04-14,2024-04,Tienda Online,Buenos Aires,2,85890.0
2024-04-14,2024-04,Tienda Online,Córdoba,1,65340.0
2024-04-14,2024-04,Tienda Online,Mendoza,1,58080.0
2024-04-14,2024-04,Tienda Online,Santa Fe,2,50190.0
2024-04-15,2024-04,Tienda Online,Buenos Aires,2,73800.0
2024-04-15,2024-04,Tienda Online,Córdoba,1,19650.0
2024-04-15,2024-04,Tienda Online,Santa Fe,6,124252.5
2024-04-15,2024-04,Tiendas Físicas,Buenos Aires,2,50820.0
2024-04-15,2024-04,Tiendas Físicas,Córdoba,1,58080.0
2024-04-15,2024-04,Tiendas Físicas,Mendoza,1,18150.0
2024-04-16,2024-04,Tienda Online,Buenos Aires,1,54450.0
2024-04-16,2024-04,Tienda Online,Mendoza,3,97980.0
2024-04-16,2024-04,Tiendas Físicas,Córdoba,2,50820.0
2024-04-16,2024-04,Tiendas Físicas,Mendoza,2,61710.0
2024-04-16,2024-04,Tiendas Físicas,Santa Fe,3,163350.0
2024-04-17,2024-04,Tienda Online,Buenos Aires,3,61680.0
2024-04-17,2024-04,Tienda Online,Santa Fe,3,133680.0
2024-04-17,2024-04,Tiendas Físicas,Buenos Aires,5,112530.0
2024-04-17,2024-04,Tiendas Físicas,Córdoba,2,79860.0
2024-04-17,2024-04,Tiendas Físicas,Mendoza,2,43560.0
2024-04-17,2024-04,Tiendas Físicas,Santa Fe,2,61710.0
2024-04-18,2024-04,Tienda Online,Buenos Aires,3,105240.0
2024-04-18,2024-04,Tienda Online,Córdoba,2,53094.0
2024-04-18,2024-04,Tienda Online,Mendoza,1,19950.0
2024-04-18,2024-04,Tienda Online,Santa Fe,1,61710.0
2024-04-18,2024-04,Tiendas Físicas,Santa Fe,3,63888.0
2024-04-19,2024-04,Tienda Online,Buenos Aires,3,57142.5
2024-04-19,2024-04,Tienda Online,Córdoba,1,16020.0
2024-04-19,2024-04,Tienda Online,Santa Fe,1,19650.0
2024-04-19,2024-04,Tiendas Físicas,Buenos Aires,4,117360.0
2024-04-19,2024-04,Tiendas Físicas,Córdoba,3,145200.0
2024-04-19,2024-04,Tiendas Físicas,Mendoza,4,127050.0
2024-04-19,2024-04,Tiendas Físicas,Santa Fe,2,87120.0
2024-04-20,2024-04,Tienda Online,Buenos Aires,2,59754.0
2024-04-20,2024-04,Tienda Online,Mendoza,3,192390.0
2024-04-20,2024-04,Tiendas Físicas,Buenos Aires,2,29040.0
2024-04-20,2024-04,Tiendas Físicas,Mendoza,3,81675.0
2024-04-20,2024-04,Tiendas Físicas,Santa Fe,6,159720.0
2024-04-21,2024-04,Tienda Online,Buenos Aires,2,95580.0
2024-04-21,2024-04,Tienda Online,Córdoba,5,232416.0
2024-04-21,2024-04,Tienda Online,Santa Fe,1,19650.0
2024-04-22,2024-04,Tienda Online,Buenos Aires,5,124590.0
2024-04-22,2024-04,Tienda Online,Córdoba,3,150330.0
2024-04-22,2024-04,Tienda Online,Santa Fe,2,84990.0
2024-04-22,2024-04,Tiendas Físicas,Buenos Aires,2,130680.0
2024-04-22,2024-04,Tiendas Físicas,Córdoba,3,98010.0
2024-04-22,2024-04,Tiendas Físicas,Santa Fe,1,29040.0
2024-04-23,2024-04,Tienda Online,Buenos Aires,3,60591.0
2024-04-23,2024-04,Tienda Online,Córdoba,2,32040.0
2024-04-23,2024-04,Tienda Online,Mendoza,3,69832.5
2024-04-23,2024-04,Tiendas Físicas,Buenos Aires,1,18150.0
2024-04-23,2024-04,Tiendas Físicas,Córdoba,1,14520.0
2024-04-23,2024-04,Tiendas Físicas,Mendoza,3,54450.0
2024-04-23,2024-04,Tiendas Físicas,Santa Fe,2,29040.0
2024-04-24,2024-04,Tienda Online,Buenos Aires,5,167424.0
2024-04-24,2024-04,Tienda Online,Córdoba,3,51690.0
2024-04-24,2024-04,Tienda Online,Mendoza,2,50790.0
2024-04-24,2024-04,Tiendas Físicas,Buenos Aires,2,83490.0
2024-04-24,2024-04,Tiendas Físicas,Mendoza,2,101640.0
2024-04-24,2024-04,Tiendas Físicas,Santa Fe,2,68970.0
2024-04-25,2024-04,Tienda Online,Córdoba,3,66210.0
2024-04-25,2024-04,Tienda Online,Mendoza,2,46434.0
2024-04-25,2024-04,Tienda Online,Santa Fe,1,37800.0
2024-04-25,2024-04,Tiendas Físicas,Buenos Aires,2,108900.0
2024-04-25,2024-04,Tiendas Físicas,Córdoba,3,105996.0
2024-04-25,2024-04,Tiendas Físicas,Mendoza,1,14520.0
2024-04-25,2024-04,Tiendas Físicas,Santa Fe,2,32670.0
2024-04-26,2024-04,Tienda Online,Buenos Aires,5,215340.0
2024-04-26,2024-04,Tienda Online,Mendoza,1,16320.0
2024-04-26,2024-04,Tienda Online,Santa Fe,5,215040.0
2024-04-26,2024-04,Tiendas Físicas,Buenos Aires,3,143748.0
2024-04-26,2024-04,Tiendas Físicas,Córdoba,1,87120.0
2024-04-26,2024-04,Tiendas Físicas,Mendoza,1,18150.0
2024-04-26,2024-04,Tiendas Físicas,Santa Fe,3,98010.0
2024-04-27,2024-04,Tienda Online,Buenos Aires,2,53220.0
2024-04-27,2024-04,Tienda Online,Córdoba,2,68340.0
2024-04-27,2024-04,Tienda Online,Mendoza,1,38100.0
2024-04-27,2024-04,Tiendas Físicas,Buenos Aires,1,30240.0
2024-04-27,2024-04,Tiendas Físicas,Mendoza,2,32670.0
2024-04-27,2024-04,Tiendas Físicas,Santa Fe,3,50820.0
2024-04-28,2024-04,Tienda Online,Buenos Aires,4,102336.0
2024-04-28,2024-04,Tienda Online,Mendoza,1,30840.0
2024-04-28,2024-04,Tienda Online,Santa Fe,4,156234.0
2024-04-29,2024-04,Tienda Online,Buenos Aires,5,244380.0
2024-04-29,2024-04,Tienda Online,Córdoba,2,50190.0
2024-04-29,2024-04,Tienda Online,Santa Fe,2,35670.0
2024-04-29,2024-04,Tiendas Físicas,Mendoza,1,18150.0
2024-04-29,2024-04,Tiendas Físicas,Santa Fe,4,119790.0
2024-04-30,2024-04,Tienda Online,Buenos Aires,5,192360.0
2024-04-30,2024-04,Tienda Online,Córdoba,1,58080.0
2024-04-30,2024-04,Tienda Online,Santa Fe,4,131550.0
2024-04-30,2024-04,Tiendas Físicas,Buenos Aires,2,116160.0
2024-04-30,2024-04,Tiendas Físicas,Córdoba,2,45060.0
2024-04-30,2024-04,Tiendas Físicas,Mendoza,2,79860.0
2024-05-01,2024-05,Tienda Online,Buenos Aires,4,117330.0
2024-05-01,2024-05,Tienda Online,Córdoba,1,52320.0
2024-05-02,2024-05,Tienda Online,Buenos Aires,4,152430.0
2024-05-02,2024-05,Tienda Online,Córdoba,2,77730.0
2024-05-02,2024-05,Tienda Online,Mendoza,1,16320.0
2024-05-02,2024-05,Tienda Online,Santa Fe,1,62073.0
2024-05-02,2024-05,Tiendas Físicas,Buenos Aires,3,94380.0
2024-05-02,2024-05,Tiendas Físicas,Córdoba,1,32670.0
2024-05-02,2024-05,Tiendas Físicas,Mendoza,1,50820.0
2024-05-02,2024-05,Tiendas Físicas,Santa Fe,2,87120.0
2024-05-03,2024-05,Tienda Online,Buenos Aires,1,19350.0
2024-05-03,2024-05,Tienda Online,Santa Fe,1,16020.0
2024-05-03,2024-05,Tiendas Físicas,Buenos Aires,2,119790.0
2024-05-03,2024-05,Tiendas Físicas,Córdoba,1,14520.0
2024-05-03,2024-05,Tiendas Físicas,Mendoza,2,50820.0
2024-05-03,2024-05,Tiendas Físicas,Santa Fe,1,50820.0
2024-05-04,2024-05,Tienda Online,Buenos Aires,1,19350.0
2024-05-04,2024-05,Tienda Online,Córdoba,1,16020.0
2024-05-04,2024-05,Tienda Online,Mendoza,1,45360.0
2024-05-04,2024-05,Tienda Online,Santa Fe,1,16020.0
2024-05-04,2024-05,Tiendas Físicas,Buenos Aires,1,14520.0
2024-05-04,2024-05,Tiendas Físicas,Mendoza,1,14520.0
2024-05-04,2024-05,Tiendas Físicas,Santa Fe,4,105270.0
2024-05-05,2024-05,Tienda Online,Buenos Aires,3,72570.0
2024-05-05,2024-05,Tienda Online,Córdoba,1,16020.0
2024-05-05,2024-05,Tienda Online,Mendoza,3,74370.0
2024-05-05,2024-05,Tienda Online,Santa Fe,1,94380.0
2024-05-06,2024-05,Tienda Online,Buenos Aires,4,163320.0
2024-05-06,2024-05,Tienda Online,Mendoza,1,45360.0
2024-05-06,2024-05,Tienda Online,Santa Fe,1,30540.0
2024-05-06,2024-05,Tiendas Físicas,Córdoba,1,36300.0
2024-05-06,2024-05,Tiendas Físicas,Mendoza,1,87120.0
2024-05-06,2024-05,Tiendas Físicas,Santa Fe,2,32670.0
2024-05-07,2024-05,Tienda Online,Buenos Aires,3,146400.0
2024-05-07,2024-05,Tienda Online,Córdoba,2,61080.0
2024-05-07,2024-05,Tienda Online,Mendoza,3,208710.0
2024-05-07,2024-05,Tienda Online,Santa Fe,3,73470.0
2024-05-07,2024-05,Tiendas Físicas,Buenos Aires,2,67155.0
2024-05-07,2024-05,Tiendas Físicas,Córdoba,2,141570.0
2024-05-07,2024-05,Tiendas Físicas,Mendoza,1,30840.0
2024-05-07,2024-05,Tiendas Físicas,Santa Fe,2,123420.0
2024-05-08,2024-05,Tienda Online,Buenos Aires,3,83460.0
2024-05-08,2024-05,Tienda Online,Mendoza,1,16320.0
2024-05-08,2024-05,Tienda Online,Santa Fe,2,82860.0
2024-05-08,2024-05,Tiendas Físicas,Buenos Aires,2,81060.0
2024-05-08,2024-05,Tiendas Físicas,Córdoba,2,105270.0
2024-05-08,2024-05,Tiendas Físicas,Mendoza,2,101640.0
2024-05-08,2024-05,Tiendas Físicas,Santa Fe,1,14520.0
2024-05-09,2024-05,Tienda Online,Buenos Aires,1,30240.0
2024-05-09,2024-05,Tienda Online,Córdoba,1,37800.0
2024-05-09,2024-05,Tienda Online,Mendoza,1,19950.0
2024-05-09,2024-05,Tienda Online,Santa Fe,1,16020.0
2024-05-09,2024-05,Tiendas Físicas,Buenos Aires,1,18150.0
2024-05-09,2024-05,Tiendas Físicas,Córdoba,2,65340.0
2024-05-09,2024-05,Tiendas Físicas,Santa Fe,2,72600.0
2024-05-10,2024-05,Tienda Online,Buenos Aires,3,118560.0
2024-05-10,2024-05,Tienda Online,Córdoba,3,183000.0
2024-05-10,2024-05,Tienda Online,Mendoza,2,47160.0
2024-05-10,2024-05,Tiendas Físicas,Buenos Aires,3,65340.0
2024-05-10,2024-05,Tiendas Físicas,Córdoba,1,14520.0
2024-05-10,2024-05,Tiendas Físicas,Mendoza,2,61710.0
2024-05-10,2024-05,Tiendas Físicas,Santa Fe,2,87120.0
2024-05-11,2024-05,Tienda Online,Buenos Aires,3,162120.0
2024-05-11,2024-05,Tiendas Físicas,Buenos Aires,5,181500.0
2024-05-11,2024-05,Tiendas Físicas,Córdoba,5,112893.0
2024-05-11,2024-05,Tiendas Físicas,Mendoza,2,27588.0
2024-05-11,2024-05,Tiendas Físicas,Santa Fe,1,18150.0
2024-05-12,2024-05,Tienda Online,Buenos Aires,4,91920.0
2024-05-12,2024-05,Tienda Online,Córdoba,1,45060.0
2024-05-13,2024-05,Tienda Online,Buenos Aires,15,333960.0
2024-05-13,2024-05,Tienda Online,Córdoba,8,177144.0
2024-05-13,2024-05,Tienda Online,Mendoza,2,55176.0
2024-05-13,2024-05,Tienda Online,Santa Fe,7,270798.0
2024-05-13,2024-05,Tiendas Físicas,Buenos Aires,3,63888.0
2024-05-13,2024-05,Tiendas Físicas,Mendoza,1,29040.0
2024-05-13,2024-05,Tiendas Físicas,Santa Fe,2,55539.0
2024-05-14,2024-05,Tienda Online,Buenos Aires,7,194568.0
2024-05-14,2024-05,Tienda Online,Córdoba,8,326700.0
2024-05-14,2024-05,Tienda Online,Mendoza,4,63888.0
2024-05-14,2024-05,Tienda Online,Santa Fe,4,90024.0
2024-05-14,2024-05,Tiendas Físicas,Buenos Aires,1,14520.0
2024-05-14,2024-05,Tiendas Físicas,Córdoba,2,50820.0
2024-05-14,2024-05,Tiendas Físicas,Mendoza,1,14520.0
2024-05-14,2024-05,Tiendas Físicas,Santa Fe,2,75141.0
2024-05-15,2024-05,Tienda Online,Buenos Aires,11,402930.0
2024-05-15,2024-05,Tienda Online,Córdoba,6,139392.0
2024-05-15,2024-05,Tienda Online,Mendoza,4,95832.0
2024-05-15,2024-05,Tienda Online,Santa Fe,7,130680.0
2024-05-15,2024-05,Tiendas Físicas,Buenos Aires,2,32670.0
2024-05-15,2024-05,Tiendas Físicas,Córdoba,2,30855.0
2024-05-15,2024-05,Tiendas Físicas,Mendoza,1,16335.0
2024-05-15,2024-05,Tiendas Físicas,Santa Fe,2,29088.0
2024-05-16,2024-05,Tienda Online,Buenos Aires,2,31440.0
2024-05-16,2024-05,Tienda Online,Córdoba,1,34170.0
2024-05-16,2024-05,Tienda Online,Mendoza,2,92550.0
2024-05-16,2024-05,Tiendas Físicas,Buenos Aires,1,61710.0
2024-05-16,2024-05,Tiendas Físicas,Córdoba,2,84216.0
2024-05-16,2024-05,Tiendas Físicas,Mendoza,2,112530.0
2024-05-16,2024-05,Tiendas Físicas,Santa Fe,1,26136.0
2024-05-17,2024-05,Tienda Online,Buenos Aires,3,89520.0
2024-05-17,2024-05,Tienda Online,Córdoba,1,45060.0
2024-05-17,2024-05,Tienda Online,Mendoza,4,138984.0
2024-05-17,2024-05,Tienda Online,Santa Fe,2,127098.0
2024-05-17,2024-05,Tiendas Físicas,Buenos Aires,4,148830.0
2024-05-17,2024-05,Tiendas Físicas,Córdoba,2,61710.0
2024-05-17,2024-05,Tiendas Físicas,Mendoza,2,36300.0
2024-05-18,2024-05,Tienda Online,Buenos Aires,2,49590.0
2024-05-18,2024-05,Tienda Online,Córdoba,2,74100.0
2024-05-18,2024-05,Tienda Online,Santa Fe,2,106770.0
2024-05-18,2024-05,Tiendas Físicas,Buenos Aires,3,130680.0
2024-05-18,2024-05,Tiendas Físicas,Córdoba,2,50820.0
2024-05-18,2024-05,Tiendas Físicas,Mendoza,2,91476.0
2024-05-18,2024-05,Tiendas Físicas,Santa Fe,2,181500.0
2024-05-19,2024-05,Tienda Online,Buenos Aires,5,235920.0
2024-05-19,2024-05,Tienda Online,Córdoba,2,52912.5
2024-05-19,2024-05,Tienda Online,Santa Fe,6,181740.0
2024-05-20,2024-05,Tienda Online,Buenos Aires,3,111300.0
2024-05-20,2024-05,Tienda Online,Córdoba,3,126420.0
2024-05-20,2024-05,Tienda Online,Mendoza,2,124131.0
2024-05-20,2024-05,Tienda Online,Santa Fe,3,108270.0
2024-05-20,2024-05,Tiendas Físicas,Buenos Aires,1,14268.0
2024-05-20,2024-05,Tiendas Físicas,Córdoba,1,29040.0
2024-05-20,2024-05,Tiendas Físicas,Santa Fe,4,181500.0
2024-05-21,2024-05,Tienda Online,Buenos Aires,1,19350.0
2024-05-21,2024-05,Tienda Online,Córdoba,1,30540.0
2024-05-21,2024-05,Tienda Online,Mendoza,2,88920.0
2024-05-21,2024-05,Tienda Online,Santa Fe,2,57450.0
2024-05-21,2024-05,Tiendas Físicas,Buenos Aires,1,61710.0
2024-05-21,2024-05,Tiendas Físicas,Córdoba,1,18150.0
2024-05-21,2024-05,Tiendas Físicas,Mendoza,1,50820.0
2024-05-21,2024-05,Tiendas Físicas,Santa Fe,2,47190.0
2024-05-22,2024-05,Tienda Online,Buenos Aires,1,54450.0
2024-05-22,2024-05,Tienda Online,Córdoba,3,55320.0
2024-05-22,2024-05,Tienda Online,Santa Fe,6,245580.0
2024-05-22,2024-05,Tiendas Físicas,Buenos Aires,2,50820.0
2024-05-22,2024-05,Tiendas Físicas,Córdoba,3,145200.0
2024-05-22,2024-05,Tiendas Físicas,Mendoza,2,43560.0
2024-05-22,2024-05,Tiendas Físicas,Santa Fe,2,87120.0
2024-05-23,2024-05,Tienda Online,Buenos Aires,5,114900.0
2024-05-23,2024-05,Tienda Online,Córdoba,2,39300.0
2024-05-23,2024-05,Tienda Online,Santa Fe,1,58080.0
2024-05-23,2024-05,Tiendas Físicas,Buenos Aires,3,275517.0
2024-05-23,2024-05,Tiendas Físicas,Córdoba,1,14520.0
2024-05-23,2024-05,Tiendas Físicas,Mendoza,1,47190.0
2024-05-23,2024-05,Tiendas Físicas,Santa Fe,1,18150.0
2024-05-24,2024-05,Tienda Online,Buenos Aires,2,67740.0
2024-05-24,2024-05,Tienda Online,Córdoba,4,114900.0
2024-05-24,2024-05,Tienda Online,Mendoza,1,30840.0
2024-05-24,2024-05,Tienda Online,Santa Fe,2,99510.0
2024-05-24,2024-05,Tiendas Físicas,Buenos Aires,4,159720.0
2024-05-24,2024-05,Tiendas Físicas,Córdoba,2,58080.0
2024-05-24,2024-05,Tiendas Físicas,Mendoza,1,18150.0
2024-05-24,2024-05,Tiendas Físicas,Santa Fe,2,68970.0
2024-05-25,2024-05,Tienda Online,Buenos Aires,3,68032.5
2024-05-25,2024-05,Tienda Online,Córdoba,1,30540.0
2024-05-25,2024-05,Tienda Online,Mendoza,1,16320.0
2024-05-25,2024-05,Tienda Online,Santa Fe,2,77730.0
2024-05-25,2024-05,Tiendas Físicas,Buenos Aires,3,101640.0
2024-05-25,2024-05,Tiendas Físicas,Mendoza,4,161520.0
2024-05-25,2024-05,Tiendas Físicas,Santa Fe,1,29040.0
2024-05-26,2024-05,Tienda Online,Buenos Aires,5,208080.0
2024-05-26,2024-05,Tienda Online,Córdoba,1,16020.0
2024-05-26,2024-05,Tienda Online,Mendoza,1,38100.0
2024-05-26,2024-05,Tienda Online,Santa Fe,3,169980.0
2024-05-27,2024-05,Tienda Online,Buenos Aires,5,142740.0
2024-05-27,2024-05,Tienda Online,Santa Fe,2,50190.0
2024-05-27,2024-05,Tiendas Físicas,Buenos Aires,2,33870.0
2024-05-27,2024-05,Tiendas Físicas,Córdoba,8,412912.5
2024-05-27,2024-05,Tiendas Físicas,Mendoza,1,16335.0
2024-05-27,2024-05,Tiendas Físicas,Santa Fe,3,87120.0
2024-05-28,2024-05,Tienda Online,Buenos Aires,3,137436.0
2024-05-28,2024-05,Tienda Online,Mendoza,2,52605.0
2024-05-28,2024-05,Tienda Online,Santa Fe,1,27636.0
2024-05-28,2024-05,Tiendas Físicas,Mendoza,2,43560.0
2024-05-29,2024-05,Tienda Online,Buenos Aires,7,316980.0
2024-05-29,2024-05,Tienda Online,Córdoba,1,16020.0
2024-05-29,2024-05,Tienda Online,Santa Fe,1,16020.0
2024-05-29,2024-05,Tiendas Físicas,Buenos Aires,1,72600.0
2024-05-29,2024-05,Tiendas Físicas,Córdoba,8,254100.0
2024-05-29,2024-05,Tiendas Físicas,Mendoza,2,32670.0
2024-05-29,2024-05,Tiendas Físicas,Santa Fe,2,67155.0
2024-05-30,2024-05,Tienda Online,Buenos Aires,4,97728.0
2024-05-30,2024-05,Tienda Online,Mendoza,1,54450.0
2024-05-30,2024-05,Tienda Online,Santa Fe,2,71970.0
2024-05-30,2024-05,Tiendas Físicas,Buenos Aires,2,36300.0
2024-05-30,2024-05,Tiendas Físicas,Córdoba,2,61710.0
2024-05-30,2024-05,Tiendas Físicas,Mendoza,2,90750.0
2024-05-31,2024-05,Tienda Online,Buenos Aires,3,105240.0
2024-05-31,2024-05,Tienda Online,Córdoba,3,132772.5
2024-05-31,2024-05,Tienda Online,Santa Fe,2,35670.0
2024-05-31,2024-05,Tiendas Físicas,Buenos Aires,3,101640.0
2024-05-31,2024-05,Tiendas Físicas,Córdoba,3,258637.5
2024-06-01,2024-06,Tienda Online,Buenos Aires,2,56850.0
2024-06-01,2024-06,Tienda Online,Córdoba,1,61710.0
2024-06-01,2024-06,Tiendas Físicas,Buenos Aires,3,68970.0
2024-06-01,2024-06,Tiendas Físicas,Córdoba,3,68970.0
2024-06-01,2024-06,Tiendas Físicas,Mendoza,2,95106.0
2024-06-01,2024-06,Tiendas Físicas,Santa Fe,5,145200.0
2024-06-02,2024-06,Tienda Online,Buenos Aires,4,164409.0
2024-06-02,2024-06,Tienda Online,Córdoba,1,19650.0
2024-06-02,2024-06,Tienda Online,Mendoza,2,54420.0
2024-06-02,2024-06,Tienda Online,Santa Fe,2,84990.0
2024-06-03,2024-06,Tienda Online,Buenos Aires,4,94824.0
2024-06-03,2024-06,Tienda Online,Córdoba,4,74970.0
2024-06-03,2024-06,Tienda Online,Mendoza,2,54420.0
2024-06-03,2024-06,Tienda Online,Santa Fe,1,16020.0
2024-06-03,2024-06,Tiendas Físicas,Buenos Aires,3,98010.0
2024-06-03,2024-06,Tiendas Físicas,Córdoba,4,144111.0
2024-06-03,2024-06,Tiendas Físicas,Mendoza,1,94380.0
2024-06-03,2024-06,Tiendas Físicas,Santa Fe,2,50820.0
2024-06-04,2024-06,Tienda Online,Buenos Aires,3,88905.0
2024-06-04,2024-06,Tienda Online,Córdoba,1,54450.0
2024-06-04,2024-06,Tienda Online,Mendoza,1,16320.0
2024-06-04,2024-06,Tienda Online,Santa Fe,6,179925.0
2024-06-04,2024-06,Tiendas Físicas,Buenos Aires,1,65340.0
2024-06-04,2024-06,Tiendas Físicas,Córdoba,2,65340.0
2024-06-04,2024-06,Tiendas Físicas,Mendoza,1,43560.0
2024-06-04,2024-06,Tiendas Físicas,Santa Fe,1,50820.0
2024-06-05,2024-06,Tienda Online,Buenos Aires,1,30240.0
2024-06-05,2024-06,Tienda Online,Córdoba,1,16020.0
2024-06-05,2024-06,Tienda Online,Mendoza,1,30840.0
2024-06-05,2024-06,Tienda Online,Santa Fe,4,102195.0
2024-06-05,2024-06,Tiendas Físicas,Buenos Aires,1,36300.0
2024-06-05,2024-06,Tiendas Físicas,Córdoba,2,32670.0
2024-06-05,2024-06,Tiendas Físicas,Mendoza,1,50820.0
2024-06-05,2024-06,Tiendas Físicas,Santa Fe,3,121290.0
2024-06-06,2024-06,Tienda Online,Buenos Aires,5,197190.0
2024-06-06,2024-06,Tienda Online,Córdoba,3,175740.0
2024-06-06,2024-06,Tienda Online,Mendoza,2,58050.0
2024-06-06,2024-06,Tienda Online,Santa Fe,5,170850.0
2024-06-06,2024-06,Tiendas Físicas,Buenos Aires,3,108900.0
2024-06-06,2024-06,Tiendas Físicas,Córdoba,2,90750.0
2024-06-06,2024-06,Tiendas Físicas,Mendoza,4,108900.0
2024-06-07,2024-06,Tienda Online,Buenos Aires,5,185100.0
2024-06-07,2024-06,Tienda Online,Córdoba,2,57450.0
2024-06-07,2024-06,Tienda Online,Mendoza,2,36270.0
2024-06-07,2024-06,Tienda Online,Santa Fe,5,171757.5
2024-06-07,2024-06,Tiendas Físicas,Buenos Aires,4,159720.0
2024-06-07,2024-06,Tiendas Físicas,Córdoba,1,18150.0
2024-06-07,2024-06,Tiendas Físicas,Mendoza,2,32670.0
2024-06-07,2024-06,Tiendas Físicas,Santa Fe,3,83490.0
2024-06-08,2024-06,Tienda Online,Buenos Aires,5,496917.0
2024-06-08,2024-06,Tienda Online,Córdoba,1,48690.0
2024-06-08,2024-06,Tienda Online,Mendoza,2,54420.0
2024-06-08,2024-06,Tiendas Físicas,Buenos Aires,8,221430.0
2024-06-08,2024-06,Tiendas Físicas,Córdoba,8,295530.0
2024-06-08,2024-06,Tiendas Físicas,Mendoza,5,174240.0
2024-06-08,2024-06,Tiendas Físicas,Santa Fe,1,47190.0
2024-06-09,2024-06,Tienda Online,Buenos Aires,4,145170.0
2024-06-09,2024-06,Tienda Online,Mendoza,2,57142.5
2024-06-09,2024-06,Tienda Online,Santa Fe,3,101010.0
2024-06-10,2024-06,Tienda Online,Buenos Aires,2,77430.0
2024-06-10,2024-06,Tienda Online,Córdoba,3,122790.0
2024-06-10,2024-06,Tienda Online,Mendoza,2,85290.0
2024-06-10,2024-06,Tienda Online,Santa Fe,1,19650.0
2024-06-10,2024-06,Tiendas Físicas,Buenos Aires,2,68970.0
2024-06-10,2024-06,Tiendas Físicas,Córdoba,2,32670.0
2024-06-10,2024-06,Tiendas Físicas,Mendoza,1,32670.0
2024-06-11,2024-06,Tienda Online,Buenos Aires,5,214140.0
2024-06-11,2024-06,Tienda Online,Córdoba,1,16020.0
2024-06-11,2024-06,Tienda Online,Mendoza,3,67110.0
2024-06-11,2024-06,Tienda Online,Santa Fe,3,121338.0
2024-06-11,2024-06,Tiendas Físicas,Buenos Aires,6,228690.0
2024-06-11,2024-06,Tiendas Físicas,Córdoba,2,76230.0
2024-06-11,2024-06,Tiendas Físicas,Mendoza,3,101640.0
2024-06-11,2024-06,Tiendas Físicas,Santa Fe,4,150015.0
2024-06-12,2024-06,Tienda Online,Buenos Aires,6,174180.0
2024-06-12,2024-06,Tienda Online,Córdoba,5,163590.0
2024-06-12,2024-06,Tienda Online,Mendoza,1,19950.0
2024-06-12,2024-06,Tienda Online,Santa Fe,4,160590.0
2024-06-12,2024-06,Tiendas Físicas,Buenos Aires,6,243210.0
2024-06-12,2024-06,Tiendas Físicas,Córdoba,3,68970.0
2024-06-12,2024-06,Tiendas Físicas,Mendoza,1,19950.0
2024-06-12,2024-06,Tiendas Físicas,Santa Fe,3,54450.0
2024-06-13,2024-06,Tienda Online,Buenos Aires,7,232260.0
2024-06-13,2024-06,Tienda Online,Córdoba,3,104640.0
2024-06-13,2024-06,Tienda Online,Mendoza,1,16320.0
2024-06-13,2024-06,Tienda Online,Santa Fe,3,144570.0
2024-06-13,2024-06,Tiendas Físicas,Buenos Aires,1,33870.0
2024-06-13,2024-06,Tiendas Físicas,Córdoba,7,255915.0
2024-06-13,2024-06,Tiendas Físicas,Mendoza,2,122512.5
2024-06-13,2024-06,Tiendas Físicas,Santa Fe,2,61710.0
2024-06-14,2024-06,Tienda Online,Buenos Aires,4,130650.0
2024-06-14,2024-06,Tienda Online,Córdoba,2,64710.0
2024-06-14,2024-06,Tienda Online,Mendoza,1,54450.0
2024-06-14,2024-06,Tienda Online,Santa Fe,3,71655.0
2024-06-14,2024-06,Tiendas Físicas,Buenos Aires,6,187671.0
2024-06-14,2024-06,Tiendas Físicas,Córdoba,1,50820.0
2024-06-14,2024-06,Tiendas Físicas,Mendoza,4,156090.0
2024-06-14,2024-06,Tiendas Físicas,Santa Fe,4,87120.0
2024-06-15,2024-06,Tienda Online,Córdoba,5,191130.0
2024-06-15,2024-06,Tienda Online,Mendoza,2,74400.0
2024-06-15,2024-06,Tienda Online,Santa Fe,2,82860.0
2024-06-15,2024-06,Tiendas Físicas,Buenos Aires,4,116160.0
2024-06-15,2024-06,Tiendas Físicas,Córdoba,9,352110.0
2024-06-15,2024-06,Tiendas Físicas,Mendoza,2,50820.0
2024-06-15,2024-06,Tiendas Físicas,Santa Fe,6,116160.0
2024-06-16,2024-06,Tienda Online,Buenos Aires,7,252840.0
2024-06-16,2024-06,Tienda Online,Córdoba,2,74100.0
2024-06-16,2024-06,Tienda Online,Mendoza,1,16320.0
2024-06-16,2024-06,Tienda Online,Santa Fe,2,77730.0
2024-06-17,2024-06,Tienda Online,Buenos Aires,10,337500.0
2024-06-17,2024-06,Tienda Online,Córdoba,5,141810.0
2024-06-17,2024-06,Tienda Online,Mendoza,3,134280.0
2024-06-17,2024-06,Tienda Online,Santa Fe,1,58080.0
2024-06-17,2024-06,Tiendas Físicas,Buenos Aires,2,58080.0
2024-06-17,2024-06,Tiendas Físicas,Santa Fe,1,29040.0
2024-06-18,2024-06,Tienda Online,Buenos Aires,2,141570.0
2024-06-18,2024-06,Tienda Online,Córdoba,7,287010.0
2024-06-18,2024-06,Tienda Online,Mendoza,2,54420.0
2024-06-18,2024-06,Tienda Online,Santa Fe,3,155460.0
2024-06-18,2024-06,Tiendas Físicas,Córdoba,1,54450.0
2024-06-18,2024-06,Tiendas Físicas,Mendoza,2,42108.0
2024-06-19,2024-06,Tienda Online,Buenos Aires,3,53512.5
2024-06-19,2024-06,Tienda Online,Córdoba,2,161220.0
2024-06-19,2024-06,Tienda Online,Mendoza,1,19950.0
2024-06-19,2024-06,Tienda Online,Santa Fe,2,86490.0
2024-06-19,2024-06,Tiendas Físicas,Buenos Aires,2,58080.0
2024-06-19,2024-06,Tiendas Físicas,Córdoba,1,18150.0
2024-06-19,2024-06,Tiendas Físicas,Mendoza,1,43560.0
2024-06-19,2024-06,Tiendas Físicas,Santa Fe,3,161898.0
2024-06-20,2024-06,Tienda Online,Buenos Aires,6,262530.0
2024-06-20,2024-06,Tienda Online,Córdoba,1,30540.0
2024-06-20,2024-06,Tienda Online,Mendoza,2,36270.0
2024-06-20,2024-06,Tienda Online,Santa Fe,1,16020.0
2024-06-20,2024-06,Tiendas Físicas,Córdoba,4,119790.0
2024-06-20,2024-06,Tiendas Físicas,Mendoza,1,18150.0
2024-06-20,2024-06,Tiendas Físicas,Santa Fe,3,136488.0
2024-06-21,2024-06,Tienda Online,Buenos Aires,5,164520.0
2024-06-21,2024-06,Tienda Online,Córdoba,1,16020.0
2024-06-21,2024-06,Tienda Online,Santa Fe,1,61710.0
2024-06-21,2024-06,Tiendas Físicas,Buenos Aires,2,188760.0
2024-06-21,2024-06,Tiendas Físicas,Córdoba,3,123420.0
2024-06-21,2024-06,Tiendas Físicas,Mendoza,4,98010.0
2024-06-21,2024-06,Tiendas Físicas,Santa Fe,2,65340.0
2024-06-22,2024-06,Tienda Online,Buenos Aires,3,83460.0
2024-06-22,2024-06,Tienda Online,Córdoba,1,16020.0
2024-06-22,2024-06,Tienda Online,Mendoza,1,19950.0
2024-06-22,2024-06,Tienda Online,Santa Fe,2,32040.0
2024-06-22,2024-06,Tiendas Físicas,Buenos Aires,3,87120.0
2024-06-22,2024-06,Tiendas Físicas,Córdoba,1,18150.0
2024-06-22,2024-06,Tiendas Físicas,Santa Fe,1,54450.0
2024-06-23,2024-06,Tienda Online,Buenos Aires,5,210510.0
2024-06-23,2024-06,Tienda Online,Córdoba,1,34170.0
2024-06-23,2024-06,Tienda Online,Mendoza,1,16320.0
2024-06-23,2024-06,Tienda Online,Santa Fe,4,171480.0
2024-06-24,2024-06,Tienda Online,Buenos Aires,6,204450.0
2024-06-24,2024-06,Tienda Online,Córdoba,1,19650.0
2024-06-24,2024-06,Tienda Online,Santa Fe,3,153330.0
2024-06-24,2024-06,Tiendas Físicas,Buenos Aires,3,112530.0
2024-06-24,2024-06,Tiendas Físicas,Córdoba,4,221430.0
2024-06-25,2024-06,Tienda Online,Buenos Aires,4,186552.0
2024-06-25,2024-06,Tienda Online,Córdoba,4,131053.5
2024-06-25,2024-06,Tienda Online,Santa Fe,2,61080.0
2024-06-25,2024-06,Tiendas Físicas,Buenos Aires,3,127050.0
2024-06-25,2024-06,Tiendas Físicas,Córdoba,4,119790.0
2024-06-25,2024-06,Tiendas Físicas,Mendoza,1,36300.0
2024-06-25,2024-06,Tiendas Físicas,Santa Fe,4,130680.0
2024-06-26,2024-06,Tienda Online,Buenos Aires,4,262560.0
2024-06-26,2024-06,Tienda Online,Córdoba,1,16020.0
2024-06-26,2024-06,Tienda Online,Mendoza,2,50790.0
2024-06-26,2024-06,Tienda Online,Santa Fe,1,16020.0
2024-06-26,2024-06,Tiendas Físicas,Buenos Aires,5,170610.0
2024-06-26,2024-06,Tiendas Físicas,Córdoba,4,127050.0
2024-06-26,2024-06,Tiendas Físicas,Santa Fe,2,65340.0
2024-06-27,2024-06,Tienda Online,Buenos Aires,2,53220.0
2024-06-27,2024-06,Tienda Online,Córdoba,2,52005.0
2024-06-27,2024-06,Tienda Online,Mendoza,3,99780.0
2024-06-27,2024-06,Tienda Online,Santa Fe,3,117030.0
2024-06-27,2024-06,Tiendas Físicas,Córdoba,2,47190.0
2024-06-27,2024-06,Tiendas Físicas,Mendoza,1,65340.0
2024-06-27,2024-06,Tiendas Físicas,Santa Fe,1,79860.0
2024-06-28,2024-06,Tienda Online,Buenos Aires,5,192360.0
2024-06-28,2024-06,Tienda Online,Córdoba,1,16020.0
2024-06-28,2024-06,Tienda Online,Mendoza,2,73492.5
2024-06-28,2024-06,Tienda Online,Santa Fe,1,19650.0
2024-06-28,2024-06,Tiendas Físicas,Buenos Aires,2,90750.0
2024-06-28,2024-06,Tiendas Físicas,Córdoba,4,116160.0
2024-06-28,2024-06,Tiendas Físicas,Mendoza,1,14520.0
2024-06-28,2024-06,Tiendas Físicas,Santa Fe,1,18150.0
2024-06-29,2024-06,Tienda Online,Buenos Aires,3,129450.0
2024-06-29,2024-06,Tienda Online,Córdoba,1,16020.0
2024-06-29,2024-06,Tienda Online,Mendoza,3,90720.0
2024-06-29,2024-06,Tienda Online,Santa Fe,1,16020.0
2024-06-29,2024-06,Tiendas Físicas,Buenos Aires,5,251670.0
2024-06-29,2024-06,Tiendas Físicas,Córdoba,2,79860.0
2024-06-29,2024-06,Tiendas Físicas,Mendoza,3,134310.0
2024-06-29,2024-06,Tiendas Físicas,Santa Fe,4,119790.0
2024-06-30,2024-06,Tienda Online,Buenos Aires,3,151230.0
2024-06-30,2024-06,Tienda Online,Córdoba,1,45060.0
2024-06-30,2024-06,Tienda Online,Mendoza,1,19950.0
2024-06-30,2024-06,Tienda Online,Santa Fe,1,16020.0
2024-07-01,2024-07,Tienda Online,Buenos Aires,6,148951.5
2024-07-01,2024-07,Tienda Online,Córdoba,1,19650.0
2024-07-01,2024-07,Tienda Online,Santa Fe,1,16020.0
2024-07-01,2024-07,Tiendas Físicas,Buenos Aires,2,48390.0
2024-07-01,2024-07,Tiendas Físicas,Mendoza,1,14520.0
2024-07-01,2024-07,Tiendas Físicas,Santa Fe,1,18150.0
2024-07-02,2024-07,Tienda Online,Buenos Aires,3,100410.0
2024-07-02,2024-07,Tienda Online,Mendoza,2,54420.0
2024-07-02,2024-07,Tienda Online,Santa Fe,1,16020.0
2024-07-02,2024-07,Tiendas Físicas,Buenos Aires,3,49005.0
2024-07-02,2024-07,Tiendas Físicas,Mendoza,2,72600.0
2024-07-03,2024-07,Tienda Online,Buenos Aires,1,52020.0
2024-07-03,2024-07,Tienda Online,Córdoba,2,155412.0
2024-07-03,2024-07,Tienda Online,Mendoza,2,163350.0
2024-07-03,2024-07,Tienda Online,Santa Fe,2,79230.0
2024-07-03,2024-07,Tiendas Físicas,Buenos Aires,3,231594.0
2024-07-03,2024-07,Tiendas Físicas,Córdoba,2,65340.0
2024-07-03,2024-07,Tiendas Físicas,Mendoza,2,36300.0
2024-07-03,2024-07,Tiendas Físicas,Santa Fe,2,47190.0
2024-07-04,2024-07,Tienda Online,Buenos Aires,4,159690.0
2024-07-04,2024-07,Tienda Online,Mendoza,1,19950.0
2024-07-04,2024-07,Tienda Online,Santa Fe,4,142440.0
2024-07-04,2024-07,Tiendas Físicas,Buenos Aires,3,119790.0
2024-07-04,2024-07,Tiendas Físicas,Córdoba,1,148104.0
2024-07-04,2024-07,Tiendas Físicas,Mendoza,1,14520.0
2024-07-04,2024-07,Tiendas Físicas,Santa Fe,3,77730.0
2024-07-05,2024-07,Tienda Online,Buenos Aires,3,165750.0
2024-07-05,2024-07,Tienda Online,Córdoba,2,35670.0
2024-07-05,2024-07,Tienda Online,Mendoza,2,36270.0
2024-07-05,2024-07,Tienda Online,Santa Fe,1,18742.5
2024-07-05,2024-07,Tiendas Físicas,Buenos Aires,1,18150.0
2024-07-05,2024-07,Tiendas Físicas,Córdoba,5,196020.0
2024-07-05,2024-07,Tiendas Físicas,Mendoza,5,217800.0
2024-07-05,2024-07,Tiendas Físicas,Santa Fe,3,98010.0
2024-07-06,2024-07,Tienda Online,Buenos Aires,3,114930.0
2024-07-06,2024-07,Tienda Online,Córdoba,1,37800.0
2024-07-06,2024-07,Tienda Online,Santa Fe,1,34170.0
2024-07-06,2024-07,Tiendas Físicas,Buenos Aires,2,101640.0
2024-07-06,2024-07,Tiendas Físicas,Córdoba,3,101640.0
2024-07-06,2024-07,Tiendas Físicas,Mendoza,1,29040.0
2024-07-06,2024-07,Tiendas Físicas,Santa Fe,4,193890.0
2024-07-07,2024-07,Tienda Online,Buenos Aires,4,166950.0
2024-07-07,2024-07,Tienda Online,Santa Fe,2,74100.0
2024-07-08,2024-07,Tienda Online,Buenos Aires,4,229890.0
2024-07-08,2024-07,Tienda Online,Santa Fe,2,46560.0
2024-07-08,2024-07,Tiendas Físicas,Buenos Aires,1,50820.0
2024-07-08,2024-07,Tiendas Físicas,Córdoba,1,32670.0
2024-07-08,2024-07,Tiendas Físicas,Mendoza,1,14520.0
2024-07-09,2024-07,Tienda Online,Buenos Aires,2,45960.0
2024-07-09,2024-07,Tienda Online,Córdoba,1,52320.0
2024-07-09,2024-07,Tienda Online,Mendoza,2,88920.0
2024-07-09,2024-07,Tienda Online,Santa Fe,3,68388.0
2024-07-09,2024-07,Tiendas Físicas,Córdoba,2,72600.0
2024-07-09,2024-07,Tiendas Físicas,Santa Fe,2,45060.0
2024-07-10,2024-07,Tienda Online,Buenos Aires,3,101610.0
2024-07-10,2024-07,Tienda Online,Mendoza,2,85290.0
2024-07-10,2024-07,Tienda Online,Santa Fe,1,19650.0
2024-07-10,2024-07,Tiendas Físicas,Buenos Aires,2,31218.0
2024-07-10,2024-07,Tiendas Físicas,Mendoza,1,14520.0
2024-07-10,2024-07,Tiendas Físicas,Santa Fe,1,16335.0
2024-07-11,2024-07,Tienda Online,Córdoba,1,16020.0
2024-07-11,2024-07,Tienda Online,Santa Fe,2,68340.0
2024-07-11,2024-07,Tiendas Físicas,Buenos Aires,4,134310.0
2024-07-11,2024-07,Tiendas Físicas,Mendoza,1,14520.0
2024-07-11,2024-07,Tiendas Físicas,Santa Fe,2,72600.0
2024-07-12,2024-07,Tienda Online,Buenos Aires,3,118560.0
2024-07-12,2024-07,Tienda Online,Santa Fe,3,91620.0
2024-07-12,2024-07,Tiendas Físicas,Buenos Aires,2,72600.0
2024-07-12,2024-07,Tiendas Físicas,Santa Fe,4,98010.0
2024-07-13,2024-07,Tienda Online,Buenos Aires,1,87120.0
2024-07-13,2024-07,Tienda Online,Córdoba,2,46560.0
2024-07-13,2024-07,Tienda Online,Mendoza,1,16320.0
2024-07-13,2024-07,Tiendas Físicas,Buenos Aires,3,54450.0
2024-07-13,2024-07,Tiendas Físicas,Córdoba,3,83490.0
2024-07-13,2024-07,Tiendas Físicas,Mendoza,5,196020.0
2024-07-13,2024-07,Tiendas Físicas,Santa Fe,2,65340.0
2024-07-14,2024-07,Tienda Online,Buenos Aires,6,281910.0
2024-07-14,2024-07,Tienda Online,Córdoba,1,30540.0
2024-07-14,2024-07,Tienda Online,Santa Fe,4,344812.5
2024-07-15,2024-07,Tienda Online,Buenos Aires,3,79830.0
2024-07-15,2024-07,Tienda Online,Mendoza,1,19950.0
2024-07-15,2024-07,Tienda Online,Santa Fe,1,101640.0
2024-07-15,2024-07,Tiendas Físicas,Buenos Aires,2,50820.0
2024-07-15,2024-07,Tiendas Físicas,Córdoba,2,50820.0
2024-07-15,2024-07,Tiendas Físicas,Santa Fe,1,43560.0
2024-07-16,2024-07,Tienda Online,Buenos Aires,6,148770.0
2024-07-16,2024-07,Tienda Online,Santa Fe,1,30540.0
2024-07-16,2024-07,Tiendas Físicas,Buenos Aires,2,95580.0
2024-07-16,2024-07,Tiendas Físicas,Córdoba,1,14520.0
2024-07-16,2024-07,Tiendas Físicas,Santa Fe,1,18150.0
2024-07-17,2024-07,Tienda Online,Buenos Aires,3,72570.0
2024-07-17,2024-07,Tienda Online,Córdoba,2,32040.0
2024-07-17,2024-07,Tienda Online,Mendoza,1,65340.0
2024-07-17,2024-07,Tienda Online,Santa Fe,1,42882.0
2024-07-17,2024-07,Tiendas Físicas,Buenos Aires,1,14520.0
2024-07-17,2024-07,Tiendas Físicas,Córdoba,2,72600.0
2024-07-17,2024-07,Tiendas Físicas,Mendoza,1,29040.0
2024-07-17,2024-07,Tiendas Físicas,Santa Fe,3,47190.0
2024-07-18,2024-07,Tienda Online,Buenos Aires,5,143214.0
2024-07-18,2024-07,Tienda Online,Mendoza,1,16320.0
2024-07-18,2024-07,Tiendas Físicas,Córdoba,5,141933.0
2024-07-19,2024-07,Tienda Online,Buenos Aires,1,30240.0
2024-07-19,2024-07,Tienda Online,Córdoba,1,30540.0
2024-07-19,2024-07,Tienda Online,Mendoza,2,58050.0
2024-07-19,2024-07,Tienda Online,Santa Fe,1,19650.0
2024-07-19,2024-07,Tiendas Físicas,Buenos Aires,1,32670.0
2024-07-19,2024-07,Tiendas Físicas,Córdoba,2,54450.0
2024-07-19,2024-07,Tiendas Físicas,Mendoza,2,48990.0
2024-07-20,2024-07,Tienda Online,Córdoba,1,34170.0
2024-07-20,2024-07,Tienda Online,Santa Fe,1,16020.0
2024-07-20,2024-07,Tiendas Físicas,Buenos Aires,4,101640.0
2024-07-20,2024-07,Tiendas Físicas,Córdoba,4,170610.0
2024-07-20,2024-07,Tiendas Físicas,Mendoza,6,225060.0
2024-07-20,2024-07,Tiendas Físicas,Santa Fe,1,18150.0
2024-07-21,2024-07,Tienda Online,Buenos Aires,4,95550.0
2024-07-21,2024-07,Tienda Online,Córdoba,2,31314.0
2024-07-21,2024-07,Tienda Online,Santa Fe,1,16020.0
2024-07-22,2024-07,Tienda Online,Buenos Aires,1,15720.0
2024-07-22,2024-07,Tienda Online,Mendoza,2,290022.0
2024-07-22,2024-07,Tienda Online,Santa Fe,1,61710.0
2024-07-22,2024-07,Tiendas Físicas,Buenos Aires,2,83490.0
2024-07-22,2024-07,Tiendas Físicas,Córdoba,1,14520.0
2024-07-22,2024-07,Tiendas Físicas,Santa Fe,1,36300.0
2024-07-23,2024-07,Tienda Online,Buenos Aires,2,73800.0
2024-07-23,2024-07,Tienda Online,Córdoba,1,16020.0
2024-07-23,2024-07,Tienda Online,Santa Fe,3,65484.0
2024-07-23,2024-07,Tiendas Físicas,Buenos Aires,1,14520.0
2024-07-23,2024-07,Tiendas Físicas,Mendoza,1,14520.0
2024-07-23,2024-07,Tiendas Físicas,Santa Fe,1,76230.0
2024-07-24,2024-07,Tienda Online,Buenos Aires,2,49590.0
2024-07-24,2024-07,Tienda Online,Córdoba,1,16020.0
2024-07-24,2024-07,Tienda Online,Mendoza,1,101640.0
2024-07-24,2024-07,Tienda Online,Santa Fe,1,154275.0
2024-07-24,2024-07,Tiendas Físicas,Buenos Aires,1,72600.0
2024-07-24,2024-07,Tiendas Físicas,Córdoba,1,29040.0
2024-07-24,2024-07,Tiendas Físicas,Mendoza,1,16320.0
2024-07-24,2024-07,Tiendas Físicas,Santa Fe,1,43560.0
2024-07-25,2024-07,Tienda Online,Buenos Aires,3,118560.0
2024-07-25,2024-07,Tienda Online,Córdoba,2,32040.0
2024-07-25,2024-07,Tienda Online,Santa Fe,1,16020.0
2024-07-25,2024-07,Tiendas Físicas,Buenos Aires,2,36300.0
2024-07-25,2024-07,Tiendas Físicas,Córdoba,1,72600.0
2024-07-25,2024-07,Tiendas Físicas,Mendoza,2,119064.0
2024-07-26,2024-07,Tienda Online,Buenos Aires,9,261270.0
2024-07-26,2024-07,Tienda Online,Córdoba,1,45060.0
2024-07-26,2024-07,Tienda Online,Mendoza,1,38100.0
2024-07-26,2024-07,Tienda Online,Santa Fe,2,46560.0
2024-07-26,2024-07,Tiendas Físicas,Buenos Aires,2,31218.0
2024-07-26,2024-07,Tiendas Físicas,Córdoba,3,58080.0
2024-07-26,2024-07,Tiendas Físicas,Mendoza,2,125598.0
2024-07-26,2024-07,Tiendas Físicas,Santa Fe,2,36300.0
2024-07-27,2024-07,Tienda Online,Buenos Aires,1,19350.0
2024-07-27,2024-07,Tienda Online,Mendoza,1,58080.0
2024-07-27,2024-07,Tienda Online,Santa Fe,2,53820.0
2024-07-27,2024-07,Tiendas Físicas,Buenos Aires,5,243210.0
2024-07-27,2024-07,Tiendas Físicas,Córdoba,3,148830.0
2024-07-27,2024-07,Tiendas Físicas,Mendoza,2,32670.0
2024-07-27,2024-07,Tiendas Físicas,Santa Fe,3,61710.0
2024-07-28,2024-07,Tienda Online,Buenos Aires,2,35070.0
2024-07-28,2024-07,Tienda Online,Córdoba,3,133680.0
2024-07-28,2024-07,Tienda Online,Mendoza,2,47160.0
2024-07-28,2024-07,Tienda Online,Santa Fe,1,45060.0
2024-07-29,2024-07,Tienda Online,Buenos Aires,2,75000.0
2024-07-29,2024-07,Tienda Online,Santa Fe,3,115530.0
2024-07-29,2024-07,Tiendas Físicas,Buenos Aires,2,77430.0
2024-07-29,2024-07,Tiendas Físicas,Córdoba,2,43560.0
2024-07-29,2024-07,Tiendas Físicas,Mendoza,1,14520.0
2024-07-29,2024-07,Tiendas Físicas,Santa Fe,1,34170.0
2024-07-30,2024-07,Tienda Online,Buenos Aires,3,125820.0
2024-07-30,2024-07,Tienda Online,Córdoba,4,147522.0
2024-07-30,2024-07,Tienda Online,Santa Fe,3,66210.0
2024-07-30,2024-07,Tiendas Físicas,Buenos Aires,3,112530.0
2024-07-30,2024-07,Tiendas Físicas,Córdoba,1,98736.0
2024-07-30,2024-07,Tiendas Físicas,Mendoza,1,16320.0
2024-07-30,2024-07,Tiendas Físicas,Santa Fe,2,43560.0
2024-07-31,2024-07,Tienda Online,Buenos Aires,2,131880.0
2024-07-31,2024-07,Tienda Online,Córdoba,6,181740.0
2024-07-31,2024-07,Tienda Online,Santa Fe,1,16020.0
2024-07-31,2024-07,Tiendas Físicas,Buenos Aires,2,98010.0
2024-07-31,2024-07,Tiendas Físicas,Córdoba,3,101640.0
2024-07-31,2024-07,Tiendas Físicas,Mendoza,1,14520.0
2024-08-01,2024-08,Tienda Online,Buenos Aires,8,263700.0
2024-08-01,2024-08,Tienda Online,Córdoba,2,82860.0
2024-08-01,2024-08,Tienda Online,Mendoza,1,16320.0
2024-08-01,2024-08,Tienda Online,Santa Fe,2,92250.0
2024-08-01,2024-08,Tiendas Físicas,Buenos Aires,1,50820.0
2024-08-01,2024-08,Tiendas Físicas,Córdoba,3,79860.0
2024-08-01,2024-08,Tiendas Físicas,Mendoza,3,127050.0
2024-08-01,2024-08,Tiendas Físicas,Santa Fe,2,50820.0
2024-08-02,2024-08,Tienda Online,Buenos Aires,3,65310.0
2024-08-02,2024-08,Tienda Online,Córdoba,2,35670.0
2024-08-02,2024-08,Tienda Online,Santa Fe,2,53820.0
2024-08-02,2024-08,Tiendas Físicas,Buenos Aires,2,83490.0
2024-08-02,2024-08,Tiendas Físicas,Mendoza,3,145200.0
2024-08-02,2024-08,Tiendas Físicas,Santa Fe,4,135810.0
2024-08-03,2024-08,Tienda Online,Buenos Aires,3,74748.0
2024-08-03,2024-08,Tienda Online,Santa Fe,2,68340.0
2024-08-03,2024-08,Tiendas Físicas,Buenos Aires,4,72600.0
2024-08-03,2024-08,Tiendas Físicas,Córdoba,2,34170.0
2024-08-03,2024-08,Tiendas Físicas,Mendoza,5,145200.0
2024-08-03,2024-08,Tiendas Físicas,Santa Fe,3,119790.0
2024-08-04,2024-08,Tienda Online,Buenos Aires,4,131850.0
2024-08-04,2024-08,Tienda Online,Córdoba,2,50190.0
2024-08-04,2024-08,Tienda Online,Santa Fe,3,108270.0
2024-08-05,2024-08,Tienda Online,Buenos Aires,2,102840.0
2024-08-05,2024-08,Tienda Online,Córdoba,2,46560.0
2024-08-05,2024-08,Tienda Online,Santa Fe,2,39300.0
2024-08-05,2024-08,Tiendas Físicas,Buenos Aires,1,14520.0
2024-08-05,2024-08,Tiendas Físicas,Córdoba,1,13068.0
2024-08-05,2024-08,Tiendas Físicas,Santa Fe,2,101640.0
2024-08-06,2024-08,Tienda Online,Buenos Aires,3,61680.0
2024-08-06,2024-08,Tienda Online,Córdoba,1,30540.0
2024-08-06,2024-08,Tiendas Físicas,Buenos Aires,4,130680.0
2024-08-06,2024-08,Tiendas Físicas,Córdoba,2,54450.0
2024-08-06,2024-08,Tiendas Físicas,Santa Fe,3,105270.0
2024-08-07,2024-08,Tienda Online,Buenos Aires,5,118530.0
2024-08-07,2024-08,Tienda Online,Córdoba,1,45060.0
2024-08-07,2024-08,Tienda Online,Santa Fe,3,148200.0
2024-08-07,2024-08,Tiendas Físicas,Buenos Aires,1,76230.0
2024-08-07,2024-08,Tiendas Físicas,Córdoba,1,14520.0
2024-08-07,2024-08,Tiendas Físicas,Mendoza,2,34470.0
2024-08-07,2024-08,Tiendas Físicas,Santa Fe,2,32670.0
2024-08-08,2024-08,Tienda Online,Buenos Aires,5,168150.0
2024-08-08,2024-08,Tienda Online,Córdoba,4,104010.0
2024-08-08,2024-08,Tienda Online,Mendoza,1,30840.0
2024-08-08,2024-08,Tiendas Físicas,Buenos Aires,1,14520.0
2024-08-08,2024-08,Tiendas Físicas,Córdoba,2,43560.0
2024-08-08,2024-08,Tiendas Físicas,Mendoza,1,54450.0
2024-08-08,2024-08,Tiendas Físicas,Santa Fe,2,72600.0
2024-08-09,2024-08,Tienda Online,Mendoza,1,16320.0
2024-08-09,2024-08,Tienda Online,Santa Fe,1,30540.0
2024-08-09,2024-08,Tiendas Físicas,Buenos Aires,2,90750.0
2024-08-09,2024-08,Tiendas Físicas,Córdoba,1,14520.0
2024-08-09,2024-08,Tiendas Físicas,Mendoza,1,32670.0
2024-08-09,2024-08,Tiendas Físicas,Santa Fe,1,36300.0
2024-08-10,2024-08,Tienda Online,Buenos Aires,3,118560.0
2024-08-10,2024-08,Tienda Online,Córdoba,3,61854.0
2024-08-10,2024-08,Tienda Online,Santa Fe,1,16020.0
2024-08-10,2024-08,Tiendas Físicas,Buenos Aires,7,299838.0
2024-08-10,2024-08,Tiendas Físicas,Córdoba,5,152460.0
2024-08-10,2024-08,Tiendas Físicas,Mendoza,2,29040.0
2024-08-10,2024-08,Tiendas Físicas,Santa Fe,2,74100.0
2024-08-11,2024-08,Tienda Online,Buenos Aires,2,45960.0
2024-08-11,2024-08,Tienda Online,Santa Fe,2,61080.0
2024-08-12,2024-08,Tienda Online,Buenos Aires,5,125790.0
2024-08-12,2024-08,Tienda Online,Córdoba,1,16020.0
2024-08-12,2024-08,Tienda Online,Mendoza,4,101580.0
2024-08-12,2024-08,Tienda Online,Santa Fe,1,30540.0
2024-08-12,2024-08,Tiendas Físicas,Buenos Aires,1,43560.0
2024-08-12,2024-08,Tiendas Físicas,Córdoba,1,47190.0
2024-08-12,2024-08,Tiendas Físicas,Mendoza,1,36300.0
2024-08-12,2024-08,Tiendas Físicas,Santa Fe,2,44286.0
2024-08-13,2024-08,Tienda Online,Buenos Aires,5,138384.0
2024-08-13,2024-08,Tienda Online,Córdoba,5,196938.0
2024-08-13,2024-08,Tienda Online,Mendoza,1,32836.5
2024-08-13,2024-08,Tienda Online,Santa Fe,3,50238.0
2024-08-13,2024-08,Tiendas Físicas,Buenos Aires,1,29040.0
2024-08-13,2024-08,Tiendas Físicas,Santa Fe,1,43560.0
2024-08-14,2024-08,Tienda Online,Buenos Aires,3,112500.0
2024-08-14,2024-08,Tienda Online,Córdoba,2,68340.0
2024-08-14,2024-08,Tienda Online,Mendoza,1,16320.0
2024-08-14,2024-08,Tienda Online,Santa Fe,2,32040.0
2024-08-14,2024-08,Tiendas Físicas,Córdoba,3,156090.0
2024-08-14,2024-08,Tiendas Físicas,Mendoza,2,45360.0
2024-08-14,2024-08,Tiendas Físicas,Santa Fe,1,36300.0
2024-08-15,2024-08,Tienda Online,Buenos Aires,7,325440.0
2024-08-15,2024-08,Tienda Online,Córdoba,2,95880.0
2024-08-15,2024-08,Tienda Online,Mendoza,3,116130.0
2024-08-15,2024-08,Tiendas Físicas,Córdoba,3,61710.0
2024-08-15,2024-08,Tiendas Físicas,Mendoza,1,29040.0
2024-08-15,2024-08,Tiendas Físicas,Santa Fe,3,94380.0
2024-08-16,2024-08,Tienda Online,Buenos Aires,4,142740.0
2024-08-16,2024-08,Tienda Online,Córdoba,4,135180.0
2024-08-16,2024-08,Tienda Online,Santa Fe,1,45060.0
2024-08-16,2024-08,Tiendas Físicas,Buenos Aires,6,228690.0
2024-08-16,2024-08,Tiendas Físicas,Córdoba,3,79860.0
2024-08-16,2024-08,Tiendas Físicas,Santa Fe,2,101640.0
2024-08-17,2024-08,Tienda Online,Buenos Aires,5,164520.0
2024-08-17,2024-08,Tienda Online,Córdoba,1,16020.0
2024-08-17,2024-08,Tienda Online,Santa Fe,2,32040.0
2024-08-17,2024-08,Tiendas Físicas,Buenos Aires,7,134058.0
2024-08-17,2024-08,Tiendas Físicas,Córdoba,3,148830.0
2024-08-17,2024-08,Tiendas Físicas,Mendoza,5,149556.0
2024-08-17,2024-08,Tiendas Físicas,Santa Fe,2,61710.0
2024-08-18,2024-08,Tienda Online,Buenos Aires,2,128250.0
2024-08-18,2024-08,Tienda Online,Córdoba,2,63984.0
2024-08-18,2024-08,Tienda Online,Mendoza,1,61710.0
2024-08-18,2024-08,Tienda Online,Santa Fe,1,19650.0
2024-08-19,2024-08,Tienda Online,Buenos Aires,2,64110.0
2024-08-19,2024-08,Tienda Online,Córdoba,3,126420.0
2024-08-19,2024-08,Tienda Online,Mendoza,1,34470.0
2024-08-19,2024-08,Tienda Online,Santa Fe,1,37800.0
2024-08-19,2024-08,Tiendas Físicas,Córdoba,1,18150.0
2024-08-19,2024-08,Tiendas Físicas,Mendoza,1,296208.0
2024-08-19,2024-08,Tiendas Físicas,Santa Fe,2,47190.0
2024-08-20,2024-08,Tienda Online,Buenos Aires,1,33870.0
2024-08-20,2024-08,Tienda Online,Córdoba,4,106866.0
2024-08-20,2024-08,Tienda Online,Santa Fe,1,37800.0
2024-08-20,2024-08,Tiendas Físicas,Buenos Aires,1,50820.0
2024-08-20,2024-08,Tiendas Físicas,Córdoba,2,130680.0
2024-08-20,2024-08,Tiendas Físicas,Mendoza,3,58080.0
2024-08-20,2024-08,Tiendas Físicas,Santa Fe,1,16020.0
2024-08-21,2024-08,Tienda Online,Buenos Aires,5,140310.0
2024-08-21,2024-08,Tienda Online,Córdoba,1,34170.0
2024-08-21,2024-08,Tienda Online,Santa Fe,1,19650.0
2024-08-21,2024-08,Tiendas Físicas,Buenos Aires,1,54450.0
2024-08-21,2024-08,Tiendas Físicas,Córdoba,2,58080.0
2024-08-21,2024-08,Tiendas Físicas,Mendoza,1,14520.0
2024-08-22,2024-08,Tienda Online,Buenos Aires,3,136710.0
2024-08-22,2024-08,Tienda Online,Córdoba,2,35670.0
2024-08-22,2024-08,Tienda Online,Mendoza,2,47160.0
2024-08-22,2024-08,Tienda Online,Santa Fe,2,124920.0
2024-08-22,2024-08,Tiendas Físicas,Buenos Aires,2,119790.0
2024-08-22,2024-08,Tiendas Físicas,Mendoza,2,58080.0
2024-08-22,2024-08,Tiendas Físicas,Santa Fe,1,29040.0
2024-08-23,2024-08,Tienda Online,Buenos Aires,7,230626.5
2024-08-23,2024-08,Tienda Online,Córdoba,1,52320.0
2024-08-23,2024-08,Tienda Online,Santa Fe,2,39300.0
2024-08-23,2024-08,Tiendas Físicas,Buenos Aires,4,148830.0
2024-08-23,2024-08,Tiendas Físicas,Córdoba,1,61710.0
2024-08-23,2024-08,Tiendas Físicas,Mendoza,1,14520.0
2024-08-23,2024-08,Tiendas Físicas,Santa Fe,1,14520.0
2024-08-24,2024-08,Tienda Online,Buenos Aires,6,269790.0
2024-08-24,2024-08,Tienda Online,Córdoba,2,184948.5
2024-08-24,2024-08,Tienda Online,Santa Fe,2,32040.0
2024-08-24,2024-08,Tiendas Físicas,Córdoba,2,68970.0
2024-08-24,2024-08,Tiendas Físicas,Mendoza,2,68970.0
2024-08-24,2024-08,Tiendas Físicas,Santa Fe,1,58080.0
2024-08-25,2024-08,Tienda Online,Buenos Aires,2,53220.0
2024-08-25,2024-08,Tienda Online,Mendoza,1,38100.0
2024-08-25,2024-08,Tienda Online,Santa Fe,2,61080.0
2024-08-26,2024-08,Tienda Online,Buenos Aires,1,33870.0
2024-08-26,2024-08,Tienda Online,Córdoba,4,149700.0
2024-08-26,2024-08,Tienda Online,Mendoza,1,72600.0
2024-08-26,2024-08,Tienda Online,Santa Fe,2,35670.0
2024-08-26,2024-08,Tiendas Físicas,Córdoba,1,14520.0
2024-08-26,2024-08,Tiendas Físicas,Santa Fe,1,72600.0
2024-08-27,2024-08,Tienda Online,Buenos Aires,5,234942.0
2024-08-27,2024-08,Tienda Online,Santa Fe,4,85860.0
2024-08-27,2024-08,Tiendas Físicas,Buenos Aires,1,14520.0
2024-08-27,2024-08,Tiendas Físicas,Córdoba,1,54450.0
2024-08-28,2024-08,Tienda Online,Buenos Aires,3,116130.0
2024-08-28,2024-08,Tienda Online,Córdoba,1,34170.0
2024-08-28,2024-08,Tienda Online,Santa Fe,2,35670.0
2024-08-28,2024-08,Tiendas Físicas,Córdoba,2,27588.0
2024-08-28,2024-08,Tiendas Físicas,Mendoza,2,87120.0
2024-08-28,2024-08,Tiendas Físicas,Santa Fe,3,76230.0
2024-08-29,2024-08,Tienda Online,Buenos Aires,6,217740.0
2024-08-29,2024-08,Tienda Online,Córdoba,1,16020.0
2024-08-29,2024-08,Tienda Online,Mendoza,1,38100.0
2024-08-29,2024-08,Tienda Online,Santa Fe,3,84360.0
2024-08-29,2024-08,Tiendas Físicas,Córdoba,3,163350.0
2024-08-29,2024-08,Tiendas Físicas,Mendoza,2,58080.0
2024-08-29,2024-08,Tiendas Físicas,Santa Fe,1,16020.0
2024-08-30,2024-08,Tienda Online,Buenos Aires,4,99180.0
2024-08-30,2024-08,Tienda Online,Mendoza,1,58080.0
2024-08-30,2024-08,Tienda Online,Santa Fe,1,19650.0
2024-08-30,2024-08,Tiendas Físicas,Buenos Aires,1,94380.0
2024-08-30,2024-08,Tiendas Físicas,Mendoza,3,152460.0
2024-08-30,2024-08,Tiendas Físicas,Santa Fe,3,50820.0
2024-08-31,2024-08,Tienda Online,Buenos Aires,2,88320.0
2024-08-31,2024-08,Tienda Online,Córdoba,2,64710.0
2024-08-31,2024-08,Tienda Online,Mendoza,2,87090.0
2024-08-31,2024-08,Tienda Online,Santa Fe,1,16020.0
2024-08-31,2024-08,Tiendas Físicas,Buenos Aires,6,200850.0
2024-08-31,2024-08,Tiendas Físicas,Córdoba,3,77730.0
2024-08-31,2024-08,Tiendas Físicas,Mendoza,6,233046.0
2024-08-31,2024-08,Tiendas Físicas,Santa Fe,2,29040.0
2024-09-01,2024-09,Tienda Online,Buenos Aires,3,101610.0
2024-09-01,2024-09,Tienda Online,Mendoza,2,114330.0
2024-09-01,2024-09,Tienda Online,Santa Fe,2,61080.0
2024-09-02,2024-09,Tienda Online,Buenos Aires,3,140340.0
2024-09-02,2024-09,Tienda Online,Córdoba,2,32040.0
2024-09-02,2024-09,Tienda Online,Santa Fe,2,35670.0
2024-09-02,2024-09,Tiendas Físicas,Buenos Aires,3,134310.0
2024-09-02,2024-09,Tiendas Físicas,Córdoba,1,14520.0
2024-09-02,2024-09,Tiendas Físicas,Santa Fe,2,29040.0
2024-09-03,2024-09,Tienda Online,Buenos Aires,5,125790.0
2024-09-03,2024-09,Tienda Online,Córdoba,1,58080.0
2024-09-03,2024-09,Tienda Online,Santa Fe,1,16020.0
2024-09-03,2024-09,Tiendas Físicas,Buenos Aires,2,61710.0
2024-09-03,2024-09,Tiendas Físicas,Córdoba,1,14520.0
2024-09-03,2024-09,Tiendas Físicas,Mendoza,1,47190.0
2024-09-03,2024-09,Tiendas Físicas,Santa Fe,1,32670.0
2024-09-04,2024-09,Tienda Online,Buenos Aires,2,31440.0
2024-09-04,2024-09,Tienda Online,Córdoba,5,182418.0
2024-09-04,2024-09,Tienda Online,Mendoza,2,107070.0
2024-09-04,2024-09,Tienda Online,Santa Fe,3,138810.0
2024-09-04,2024-09,Tiendas Físicas,Buenos Aires,1,58080.0
2024-09-04,2024-09,Tiendas Físicas,Córdoba,3,101640.0
2024-09-04,2024-09,Tiendas Físicas,Santa Fe,1,49005.0
2024-09-05,2024-09,Tienda Online,Buenos Aires,1,30240.0
2024-09-05,2024-09,Tienda Online,Córdoba,3,126420.0
2024-09-05,2024-09,Tienda Online,Mendoza,1,16320.0
2024-09-05,2024-09,Tienda Online,Santa Fe,1,16020.0
2024-09-05,2024-09,Tiendas Físicas,Buenos Aires,7,167454.0
2024-09-05,2024-09,Tiendas Físicas,Córdoba,2,162624.0
2024-09-05,2024-09,Tiendas Físicas,Mendoza,3,90750.0
2024-09-06,2024-09,Tienda Online,Buenos Aires,1,19350.0
2024-09-06,2024-09,Tienda Online,Córdoba,4,191760.0
2024-09-06,2024-09,Tienda Online,Santa Fe,3,87990.0
2024-09-06,2024-09,Tiendas Físicas,Buenos Aires,4,105270.0
2024-09-06,2024-09,Tiendas Físicas,Córdoba,3,105270.0
2024-09-06,2024-09,Tiendas Físicas,Mendoza,1,50820.0
2024-09-06,2024-09,Tiendas Físicas,Santa Fe,3,105270.0
2024-09-07,2024-09,Tienda Online,Buenos Aires,3,72570.0
2024-09-07,2024-09,Tienda Online,Córdoba,1,37800.0
2024-09-07,2024-09,Tienda Online,Santa Fe,2,99510.0
2024-09-07,2024-09,Tiendas Físicas,Buenos Aires,1,116160.0
2024-09-07,2024-09,Tiendas Físicas,Córdoba,5,146700.0
2024-09-07,2024-09,Tiendas Físicas,Mendoza,1,29040.0
2024-09-07,2024-09,Tiendas Físicas,Santa Fe,3,134310.0
2024-09-08,2024-09,Tienda Online,Buenos Aires,2,174240.0
2024-09-08,2024-09,Tienda Online,Córdoba,3,108270.0
2024-09-08,2024-09,Tienda Online,Mendoza,1,16320.0
2024-09-08,2024-09,Tienda Online,Santa Fe,2,50190.0
2024-09-09,2024-09,Tienda Online,Buenos Aires,3,116130.0
2024-09-09,2024-09,Tienda Online,Córdoba,1,19650.0
2024-09-09,2024-09,Tienda Online,Santa Fe,1,19650.0
2024-09-09,2024-09,Tiendas Físicas,Buenos Aires,5,143748.0
2024-09-09,2024-09,Tiendas Físicas,Córdoba,2,61710.0
2024-09-09,2024-09,Tiendas Físicas,Mendoza,1,36300.0
2024-09-09,2024-09,Tiendas Físicas,Santa Fe,2,87120.0
2024-09-10,2024-09,Tienda Online,Buenos Aires,6,239298.0
2024-09-10,2024-09,Tienda Online,Córdoba,3,57135.0
2024-09-10,2024-09,Tienda Online,Mendoza,1,19950.0
2024-09-10,2024-09,Tienda Online,Santa Fe,4,203376.0
2024-09-10,2024-09,Tiendas Físicas,Buenos Aires,5,206910.0
2024-09-10,2024-09,Tiendas Físicas,Mendoza,2,32670.0
2024-09-11,2024-09,Tienda Online,Buenos Aires,5,159730.5
2024-09-11,2024-09,Tienda Online,Córdoba,5,141810.0
2024-09-11,2024-09,Tienda Online,Santa Fe,1,19650.0
2024-09-11,2024-09,Tiendas Físicas,Buenos Aires,3,119790.0
2024-09-11,2024-09,Tiendas Físicas,Córdoba,1,32670.0
2024-09-11,2024-09,Tiendas Físicas,Mendoza,1,27936.0
2024-09-11,2024-09,Tiendas Físicas,Santa Fe,2,65340.0
2024-09-12,2024-09,Tienda Online,Buenos Aires,4,131850.0
2024-09-12,2024-09,Tienda Online,Córdoba,1,30540.0
2024-09-12,2024-09,Tienda Online,Santa Fe,1,34170.0
2024-09-12,2024-09,Tiendas Físicas,Buenos Aires,2,30240.0
2024-09-12,2024-09,Tiendas Físicas,Córdoba,5,181500.0
2024-09-12,2024-09,Tiendas Físicas,Mendoza,1,14520.0
2024-09-13,2024-09,Tienda Online,Buenos Aires,3,169380.0
2024-09-13,2024-09,Tienda Online,Mendoza,4,130620.0
2024-09-13,2024-09,Tienda Online,Santa Fe,3,80730.0
2024-09-13,2024-09,Tiendas Físicas,Mendoza,6,154986.0
2024-09-13,2024-09,Tiendas Físicas,Santa Fe,3,65340.0
2024-09-14,2024-09,Tienda Online,Buenos Aires,4,159690.0
2024-09-14,2024-09,Tienda Online,Córdoba,1,16020.0
2024-09-14,2024-09,Tienda Online,Santa Fe,3,66210.0
2024-09-14,2024-09,Tiendas Físicas,Buenos Aires,2,84690.0
2024-09-14,2024-09,Tiendas Físicas,Córdoba,3,50820.0
2024-09-14,2024-09,Tiendas Físicas,Mendoza,3,61710.0
2024-09-14,2024-09,Tiendas Físicas,Santa Fe,2,83490.0
2024-09-15,2024-09,Tienda Online,Buenos Aires,4,166950.0
2024-09-15,2024-09,Tienda Online,Córdoba,1,19650.0
2024-09-15,2024-09,Tienda Online,Mendoza,1,16320.0
2024-09-15,2024-09,Tienda Online,Santa Fe,2,106770.0
2024-09-16,2024-09,Tienda Online,Buenos Aires,3,50790.0
2024-09-16,2024-09,Tienda Online,Córdoba,1,37800.0
2024-09-16,2024-09,Tienda Online,Mendoza,1,19042.5
2024-09-16,2024-09,Tienda Online,Santa Fe,4,160590.0
2024-09-16,2024-09,Tiendas Físicas,Buenos Aires,2,65340.0
2024-09-16,2024-09,Tiendas Físicas,Córdoba,1,14520.0
2024-09-16,2024-09,Tiendas Físicas,Santa Fe,2,50820.0
2024-09-17,2024-09,Tienda Online,Buenos Aires,5,149022.0
2024-09-17,2024-09,Tienda Online,Córdoba,4,116896.5
2024-09-17,2024-09,Tienda Online,Santa Fe,2,35670.0
2024-09-17,2024-09,Tiendas Físicas,Buenos Aires,2,59280.0
2024-09-17,2024-09,Tiendas Físicas,Córdoba,3,54450.0
2024-09-17,2024-09,Tiendas Físicas,Mendoza,1,52620.0
2024-09-18,2024-09,Tienda Online,Buenos Aires,5,168150.0
2024-09-18,2024-09,Tienda Online,Córdoba,4,114900.0
2024-09-18,2024-09,Tienda Online,Santa Fe,3,119160.0
2024-09-18,2024-09,Tiendas Físicas,Córdoba,2,148830.0
2024-09-18,2024-09,Tiendas Físicas,Santa Fe,2,61710.0
2024-09-19,2024-09,Tienda Online,Buenos Aires,8,291792.0
2024-09-19,2024-09,Tienda Online,Córdoba,1,34170.0
2024-09-19,2024-09,Tienda Online,Santa Fe,3,108270.0
2024-09-19,2024-09,Tiendas Físicas,Buenos Aires,2,203280.0
2024-09-19,2024-09,Tiendas Físicas,Córdoba,1,18150.0
2024-09-19,2024-09,Tiendas Físicas,Mendoza,3,76230.0
2024-09-19,2024-09,Tiendas Físicas,Santa Fe,2,55539.0
2024-09-20,2024-09,Tienda Online,Buenos Aires,3,150030.0
2024-09-20,2024-09,Tienda Online,Córdoba,1,76230.0
2024-09-20,2024-09,Tienda Online,Mendoza,2,32640.0
2024-09-20,2024-09,Tienda Online,Santa Fe,2,106770.0
2024-09-20,2024-09,Tiendas Físicas,Buenos Aires,3,68970.0
2024-09-20,2024-09,Tiendas Físicas,Mendoza,4,79860.0
2024-09-21,2024-09,Tienda Online,Buenos Aires,3,83460.0
2024-09-21,2024-09,Tienda Online,Córdoba,2,35670.0
2024-09-21,2024-09,Tienda Online,Mendoza,1,43182.0
2024-09-21,2024-09,Tienda Online,Santa Fe,1,30540.0
2024-09-21,2024-09,Tiendas Físicas,Buenos Aires,2,32670.0
2024-09-21,2024-09,Tiendas Físicas,Córdoba,1,36300.0
2024-09-21,2024-09,Tiendas Físicas,Mendoza,5,163350.0
2024-09-21,2024-09,Tiendas Físicas,Santa Fe,3,76230.0
2024-09-22,2024-09,Tienda Online,Buenos Aires,2,88320.0
2024-09-22,2024-09,Tienda Online,Córdoba,2,53820.0
2024-09-22,2024-09,Tienda Online,Santa Fe,4,153330.0
2024-09-23,2024-09,Tienda Online,Buenos Aires,1,30240.0
2024-09-23,2024-09,Tienda Online,Córdoba,2,34944.0
2024-09-23,2024-09,Tienda Online,Santa Fe,1,19650.0
2024-09-23,2024-09,Tiendas Físicas,Buenos Aires,1,29040.0
2024-09-23,2024-09,Tiendas Físicas,Córdoba,2,66792.0
2024-09-23,2024-09,Tiendas Físicas,Santa Fe,4,146289.0
2024-09-24,2024-09,Tienda Online,Buenos Aires,4,110796.0
2024-09-24,2024-09,Tienda Online,Córdoba,1,37800.0
2024-09-24,2024-09,Tienda Online,Mendoza,4,143703.0
2024-09-24,2024-09,Tienda Online,Santa Fe,2,146700.0
2024-09-24,2024-09,Tiendas Físicas,Buenos Aires,1,14520.0
2024-09-24,2024-09,Tiendas Físicas,Córdoba,2,61710.0
2024-09-24,2024-09,Tiendas Físicas,Mendoza,1,54450.0
2024-09-24,2024-09,Tiendas Físicas,Santa Fe,1,72600.0
2024-09-25,2024-09,Tienda Online,Buenos Aires,6,126264.0
2024-09-25,2024-09,Tienda Online,Mendoza,1,19950.0
2024-09-25,2024-09,Tienda Online,Santa Fe,1,72600.0
2024-09-25,2024-09,Tiendas Físicas,Buenos Aires,1,29040.0
2024-09-25,2024-09,Tiendas Físicas,Córdoba,4,98736.0
2024-09-25,2024-09,Tiendas Físicas,Mendoza,4,78030.0
2024-09-25,2024-09,Tiendas Físicas,Santa Fe,3,83490.0
2024-09-26,2024-09,Tienda Online,Buenos Aires,2,45960.0
2024-09-26,2024-09,Tienda Online,Córdoba,1,83490.0
2024-09-26,2024-09,Tienda Online,Santa Fe,3,98880.0
2024-09-26,2024-09,Tiendas Físicas,Buenos Aires,2,29040.0
2024-09-26,2024-09,Tiendas Físicas,Córdoba,3,43560.0
2024-09-26,2024-09,Tiendas Físicas,Mendoza,3,116160.0
2024-09-26,2024-09,Tiendas Físicas,Santa Fe,1,36300.0
2024-09-27,2024-09,Tienda Online,Buenos Aires,2,113730.0
2024-09-27,2024-09,Tienda Online,Córdoba,2,68340.0
2024-09-27,2024-09,Tienda Online,Mendoza,1,58080.0
2024-09-27,2024-09,Tienda Online,Santa Fe,1,52320.0
2024-09-27,2024-09,Tiendas Físicas,Buenos Aires,1,18150.0
2024-09-27,2024-09,Tiendas Físicas,Córdoba,3,55950.0
2024-09-27,2024-09,Tiendas Físicas,Mendoza,1,39204.0
2024-09-27,2024-09,Tiendas Físicas,Santa Fe,1,130680.0
2024-09-28,2024-09,Tienda Online,Buenos Aires,4,134280.0
2024-09-28,2024-09,Tienda Online,Córdoba,1,58080.0
2024-09-28,2024-09,Tienda Online,Mendoza,1,38100.0
2024-09-28,2024-09,Tiendas Físicas,Buenos Aires,5,192390.0
2024-09-28,2024-09,Tiendas Físicas,Córdoba,1,68970.0
2024-09-28,2024-09,Tiendas Físicas,Mendoza,1,16335.0
2024-09-28,2024-09,Tiendas Físicas,Santa Fe,4,116160.0
2024-09-29,2024-09,Tienda Online,Buenos Aires,3,83460.0
2024-09-29,2024-09,Tienda Online,Córdoba,2,46560.0
2024-09-29,2024-09,Tienda Online,Mendoza,1,30840.0
2024-09-29,2024-09,Tienda Online,Santa Fe,3,69840.0
2024-09-30,2024-09,Tienda Online,Buenos Aires,2,110100.0
2024-09-30,2024-09,Tienda Online,Córdoba,3,95250.0
2024-09-30,2024-09,Tienda Online,Mendoza,1,65340.0
2024-09-30,2024-09,Tienda Online,Santa Fe,2,35670.0
2024-09-30,2024-09,Tiendas Físicas,Córdoba,1,36300.0
2024-09-30,2024-09,Tiendas Físicas,Mendoza,2,43560.0
2024-09-30,2024-09,Tiendas Físicas,Santa Fe,1,18150.0
2024-10-01,2024-10,Tienda Online,Buenos Aires,4,94824.0
2024-10-01,2024-10,Tienda Online,Mendoza,2,114330.0
2024-10-01,2024-10,Tienda Online,Santa Fe,4,135180.0
2024-10-01,2024-10,Tiendas Físicas,Buenos Aires,3,87120.0
2024-10-01,2024-10,Tiendas Físicas,Mendoza,3,65340.0
2024-10-02,2024-10,Tienda Online,Buenos Aires,3,65310.0
2024-10-02,2024-10,Tienda Online,Córdoba,2,68340.0
2024-10-02,2024-10,Tienda Online,Mendoza,2,36270.0
2024-10-02,2024-10,Tiendas Físicas,Buenos Aires,1,83490.0
2024-10-02,2024-10,Tiendas Físicas,Santa Fe,4,105270.0
2024-10-03,2024-10,Tienda Online,Buenos Aires,4,73770.0
2024-10-03,2024-10,Tienda Online,Córdoba,2,74100.0
2024-10-03,2024-10,Tienda Online,Mendoza,2,127050.0
2024-10-03,2024-10,Tienda Online,Santa Fe,3,122790.0
2024-10-03,2024-10,Tiendas Físicas,Buenos Aires,3,116160.0
2024-10-03,2024-10,Tiendas Físicas,Mendoza,1,32670.0
2024-10-03,2024-10,Tiendas Físicas,Santa Fe,2,43923.0
2024-10-04,2024-10,Tienda Online,Córdoba,2,50190.0
2024-10-04,2024-10,Tienda Online,Santa Fe,1,19650.0
2024-10-04,2024-10,Tiendas Físicas,Buenos Aires,1,14520.0
2024-10-04,2024-10,Tiendas Físicas,Córdoba,5,143070.0
2024-10-04,2024-10,Tiendas Físicas,Mendoza,2,50820.0
2024-10-04,2024-10,Tiendas Físicas,Santa Fe,1,14520.0
2024-10-05,2024-10,Tienda Online,Buenos Aires,1,19350.0
2024-10-05,2024-10,Tienda Online,Córdoba,1,16020.0
2024-10-05,2024-10,Tienda Online,Mendoza,3,188760.0
2024-10-05,2024-10,Tienda Online,Santa Fe,2,97380.0
2024-10-05,2024-10,Tiendas Físicas,Buenos Aires,2,32670.0
2024-10-05,2024-10,Tiendas Físicas,Córdoba,1,18150.0
2024-10-05,2024-10,Tiendas Físicas,Mendoza,1,14520.0
2024-10-05,2024-10,Tiendas Físicas,Santa Fe,1,16020.0
2024-10-06,2024-10,Tienda Online,Buenos Aires,4,202050.0
2024-10-06,2024-10,Tienda Online,Córdoba,2,99510.0
2024-10-06,2024-10,Tienda Online,Mendoza,1,38100.0
2024-10-06,2024-10,Tienda Online,Santa Fe,3,91620.0
2024-10-07,2024-10,Tienda Online,Buenos Aires,4,70140.0
2024-10-07,2024-10,Tienda Online,Córdoba,4,207780.0
2024-10-07,2024-10,Tienda Online,Mendoza,3,78000.0
2024-10-07,2024-10,Tienda Online,Santa Fe,2,46560.0
2024-10-07,2024-10,Tiendas Físicas,Buenos Aires,2,90750.0
2024-10-07,2024-10,Tiendas Físicas,Córdoba,2,76230.0
2024-10-07,2024-10,Tiendas Físicas,Mendoza,1,36300.0
2024-10-08,2024-10,Tienda Online,Buenos Aires,3,122190.0
2024-10-08,2024-10,Tienda Online,Córdoba,3,118797.0
2024-10-08,2024-10,Tienda Online,Mendoza,1,72600.0
2024-10-08,2024-10,Tienda Online,Santa Fe,6,234738.0
2024-10-08,2024-10,Tiendas Físicas,Buenos Aires,1,98736.0
2024-10-08,2024-10,Tiendas Físicas,Córdoba,3,94380.0
2024-10-08,2024-10,Tiendas Físicas,Mendoza,1,54450.0
2024-10-08,2024-10,Tiendas Físicas,Santa Fe,3,121290.0
2024-10-09,2024-10,Tienda Online,Buenos Aires,7,324240.0
2024-10-09,2024-10,Tienda Online,Córdoba,2,90120.0
2024-10-09,2024-10,Tienda Online,Santa Fe,1,37800.0
2024-10-09,2024-10,Tiendas Físicas,Buenos Aires,2,65340.0
2024-10-09,2024-10,Tiendas Físicas,Córdoba,3,61710.0
2024-10-09,2024-10,Tiendas Físicas,Mendoza,2,32670.0
2024-10-09,2024-10,Tiendas Físicas,Santa Fe,1,32670.0
2024-10-10,2024-10,Tienda Online,Buenos Aires,3,83460.0
2024-10-10,2024-10,Tienda Online,Córdoba,4,160590.0
2024-10-10,2024-10,Tienda Online,Mendoza,3,212340.0
2024-10-10,2024-10,Tienda Online,Santa Fe,6,193222.5
2024-10-10,2024-10,Tiendas Físicas,Buenos Aires,3,95580.0
2024-10-10,2024-10,Tiendas Físicas,Córdoba,2,90750.0
2024-10-10,2024-10,Tiendas Físicas,Mendoza,1,18150.0
2024-10-10,2024-10,Tiendas Físicas,Santa Fe,1,36300.0
2024-10-11,2024-10,Tienda Online,Buenos Aires,7,157230.0
2024-10-11,2024-10,Tienda Online,Córdoba,6,166542.0
2024-10-11,2024-10,Tienda Online,Mendoza,2,65310.0
2024-10-11,2024-10,Tienda Online,Santa Fe,4,155460.0
2024-10-11,2024-10,Tiendas Físicas,Buenos Aires,1,18150.0
2024-10-11,2024-10,Tiendas Físicas,Córdoba,2,87120.0
2024-10-11,2024-10,Tiendas Físicas,Mendoza,2,72600.0
2024-10-11,2024-10,Tiendas Físicas,Santa Fe,6,219300.0
2024-10-12,2024-10,Tienda Online,Buenos Aires,4,155334.0
2024-10-12,2024-10,Tienda Online,Mendoza,2,64402.5
2024-10-12,2024-10,Tienda Online,Santa Fe,4,171480.0
2024-10-12,2024-10,Tiendas Físicas,Buenos Aires,7,171810.0
2024-10-12,2024-10,Tiendas Físicas,Córdoba,3,108900.0
2024-10-12,2024-10,Tiendas Físicas,Mendoza,3,119790.0
2024-10-12,2024-10,Tiendas Físicas,Santa Fe,4,98010.0
2024-10-13,2024-10,Tienda Online,Buenos Aires,5,189930.0
2024-10-13,2024-10,Tienda Online,Córdoba,2,34762.5
2024-10-13,2024-10,Tienda Online,Santa Fe,7,239820.0
2024-10-14,2024-10,Tienda Online,Buenos Aires,6,298104.0
2024-10-14,2024-10,Tienda Online,Córdoba,3,55320.0
2024-10-14,2024-10,Tienda Online,Mendoza,3,92520.0
2024-10-14,2024-10,Tiendas Físicas,Buenos Aires,2,219978.0
2024-10-14,2024-10,Tiendas Físicas,Mendoza,2,32670.0
2024-10-14,2024-10,Tiendas Físicas,Santa Fe,1,72600.0
2024-10-15,2024-10,Tienda Online,Buenos Aires,1,18442.5
2024-10-15,2024-10,Tienda Online,Córdoba,4,191760.0
2024-10-15,2024-10,Tienda Online,Mendoza,2,68940.0
2024-10-15,2024-10,Tienda Online,Santa Fe,2,88620.0
2024-10-15,2024-10,Tiendas Físicas,Córdoba,3,106770.0
2024-10-15,2024-10,Tiendas Físicas,Mendoza,4,163350.0
2024-10-15,2024-10,Tiendas Físicas,Santa Fe,3,87120.0
2024-10-16,2024-10,Tienda Online,Buenos Aires,5,212617.5
2024-10-16,2024-10,Tienda Online,Córdoba,4,114900.0
2024-10-16,2024-10,Tienda Online,Mendoza,2,68940.0
2024-10-16,2024-10,Tiendas Físicas,Buenos Aires,2,83490.0
2024-10-16,2024-10,Tiendas Físicas,Córdoba,3,112530.0
2024-10-16,2024-10,Tiendas Físicas,Mendoza,2,43560.0
2024-10-16,2024-10,Tiendas Físicas,Santa Fe,5,180048.0
2024-10-17,2024-10,Tienda Online,Buenos Aires,4,112863.0
2024-10-17,2024-10,Tienda Online,Córdoba,2,53820.0
2024-10-17,2024-10,Tienda Online,Mendoza,2,114330.0
2024-10-17,2024-10,Tienda Online,Santa Fe,1,19650.0
2024-10-17,2024-10,Tiendas Físicas,Buenos Aires,3,111804.0
2024-10-17,2024-10,Tiendas Físicas,Córdoba,5,130680.0
2024-10-17,2024-10,Tiendas Físicas,Mendoza,5,203280.0
2024-10-17,2024-10,Tiendas Físicas,Santa Fe,2,55176.0
2024-10-18,2024-10,Tienda Online,Buenos Aires,8,256440.0
2024-10-18,2024-10,Tienda Online,Córdoba,1,15294.0
2024-10-18,2024-10,Tienda Online,Mendoza,1,30840.0
2024-10-18,2024-10,Tienda Online,Santa Fe,3,51690.0
2024-10-18,2024-10,Tiendas Físicas,Buenos Aires,5,185130.0
2024-10-18,2024-10,Tiendas Físicas,Córdoba,1,29040.0
2024-10-18,2024-10,Tiendas Físicas,Mendoza,1,36300.0
2024-10-19,2024-10,Tienda Online,Buenos Aires,4,116130.0
2024-10-19,2024-10,Tienda Online,Córdoba,2,35670.0
2024-10-19,2024-10,Tienda Online,Mendoza,1,16320.0
2024-10-19,2024-10,Tienda Online,Santa Fe,1,29088.0
2024-10-19,2024-10,Tiendas Físicas,Buenos Aires,3,139392.0
2024-10-19,2024-10,Tiendas Físicas,Córdoba,2,29040.0
2024-10-19,2024-10,Tiendas Físicas,Mendoza,4,107085.0
2024-10-19,2024-10,Tiendas Físicas,Santa Fe,6,177870.0
2024-10-20,2024-10,Tienda Online,Buenos Aires,4,119760.0
2024-10-20,2024-10,Tienda Online,Córdoba,2,68340.0
2024-10-20,2024-10,Tienda Online,Mendoza,3,93442.5
2024-10-20,2024-10,Tienda Online,Santa Fe,2,35670.0
2024-10-21,2024-10,Tienda Online,Buenos Aires,3,151230.0
2024-10-21,2024-10,Tienda Online,Córdoba,2,95880.0
2024-10-21,2024-10,Tienda Online,Mendoza,2,65310.0
2024-10-21,2024-10,Tiendas Físicas,Córdoba,1,29040.0
2024-10-21,2024-10,Tiendas Físicas,Santa Fe,1,16020.0
2024-10-22,2024-10,Tienda Online,Buenos Aires,6,176973.0
2024-10-22,2024-10,Tienda Online,Córdoba,1,19650.0
2024-10-22,2024-10,Tienda Online,Mendoza,2,122679.0
2024-10-22,2024-10,Tienda Online,Santa Fe,3,66210.0
2024-10-22,2024-10,Tiendas Físicas,Buenos Aires,1,29040.0
2024-10-22,2024-10,Tiendas Físicas,Córdoba,2,36300.0
2024-10-22,2024-10,Tiendas Físicas,Mendoza,1,45360.0
2024-10-22,2024-10,Tiendas Físicas,Santa Fe,1,43560.0
2024-10-23,2024-10,Tienda Online,Buenos Aires,1,19350.0
2024-10-23,2024-10,Tienda Online,Mendoza,2,114330.0
2024-10-23,2024-10,Tienda Online,Santa Fe,2,61080.0
2024-10-23,2024-10,Tiendas Físicas,Buenos Aires,5,83490.0
2024-10-23,2024-10,Tiendas Físicas,Mendoza,1,38100.0
2024-10-23,2024-10,Tiendas Físicas,Santa Fe,1,32670.0
2024-10-24,2024-10,Tienda Online,Buenos Aires,1,19350.0
2024-10-24,2024-10,Tienda Online,Córdoba,4,171480.0
2024-10-24,2024-10,Tienda Online,Mendoza,3,77092.5
2024-10-24,2024-10,Tienda Online,Santa Fe,3,51690.0
2024-10-24,2024-10,Tiendas Físicas,Buenos Aires,2,48390.0
2024-10-24,2024-10,Tiendas Físicas,Mendoza,1,47190.0
2024-10-25,2024-10,Tienda Online,Buenos Aires,1,37500.0
2024-10-25,2024-10,Tienda Online,Mendoza,1,16320.0
2024-10-25,2024-10,Tienda Online,Santa Fe,5,127290.0
2024-10-25,2024-10,Tiendas Físicas,Buenos Aires,1,14520.0
2024-10-25,2024-10,Tiendas Físicas,Córdoba,1,36300.0
2024-10-25,2024-10,Tiendas Físicas,Mendoza,1,68970.0
2024-10-25,2024-10,Tiendas Físicas,Santa Fe,3,58443.0
2024-10-26,2024-10,Tienda Online,Buenos Aires,1,44760.0
2024-10-26,2024-10,Tienda Online,Córdoba,2,68340.0
2024-10-26,2024-10,Tienda Online,Santa Fe,3,104640.0
2024-10-26,2024-10,Tiendas Físicas,Buenos Aires,2,54450.0
2024-10-26,2024-10,Tiendas Físicas,Córdoba,6,148830.0
2024-10-26,2024-10,Tiendas Físicas,Mendoza,1,72600.0
2024-10-26,2024-10,Tiendas Físicas,Santa Fe,3,43608.0
2024-10-27,2024-10,Tienda Online,Buenos Aires,2,91950.0
2024-10-27,2024-10,Tienda Online,Córdoba,6,165090.0
2024-10-27,2024-10,Tienda Online,Mendoza,1,19950.0
2024-10-27,2024-10,Tienda Online,Santa Fe,1,16020.0
2024-10-28,2024-10,Tienda Online,Buenos Aires,3,100410.0
2024-10-28,2024-10,Tienda Online,Córdoba,3,69840.0
2024-10-28,2024-10,Tienda Online,Mendoza,1,16320.0
2024-10-28,2024-10,Tienda Online,Santa Fe,2,61080.0
2024-10-28,2024-10,Tiendas Físicas,Buenos Aires,5,192390.0
2024-10-28,2024-10,Tiendas Físicas,Córdoba,1,13068.0
2024-10-28,2024-10,Tiendas Físicas,Mendoza,2,29040.0
2024-10-28,2024-10,Tiendas Físicas,Santa Fe,3,72600.0
2024-10-29,2024-10,Tienda Online,Buenos Aires,9,262500.0
2024-10-29,2024-10,Tienda Online,Córdoba,2,64710.0
2024-10-29,2024-10,Tienda Online,Mendoza,2,68940.0
2024-10-29,2024-10,Tienda Online,Santa Fe,2,53820.0
2024-10-29,2024-10,Tiendas Físicas,Buenos Aires,2,79860.0
2024-10-29,2024-10,Tiendas Físicas,Córdoba,1,14520.0
2024-10-29,2024-10,Tiendas Físicas,Santa Fe,3,127050.0
2024-10-30,2024-10,Tienda Online,Buenos Aires,3,118560.0
2024-10-30,2024-10,Tienda Online,Córdoba,5,236505.0
2024-10-30,2024-10,Tienda Online,Mendoza,1,16320.0
2024-10-30,2024-10,Tienda Online,Santa Fe,4,122160.0
2024-10-30,2024-10,Tiendas Físicas,Buenos Aires,2,54450.0
2024-10-30,2024-10,Tiendas Físicas,Córdoba,3,265897.5
2024-10-30,2024-10,Tiendas Físicas,Mendoza,2,50820.0
2024-10-31,2024-10,Tienda Online,Buenos Aires,5,104010.0
2024-10-31,2024-10,Tienda Online,Córdoba,1,19650.0
2024-10-31,2024-10,Tienda Online,Santa Fe,1,58080.0
2024-10-31,2024-10,Tiendas Físicas,Buenos Aires,4,148830.0
2024-10-31,2024-10,Tiendas Físicas,Córdoba,3,116160.0
2024-10-31,2024-10,Tiendas Físicas,Mendoza,2,243210.0
2024-10-31,2024-10,Tiendas Físicas,Santa Fe,2,29040.0
2024-11-01,2024-11,Tienda Online,Buenos Aires,1,15720.0
2024-11-01,2024-11,Tienda Online,Córdoba,2,61080.0
2024-11-01,2024-11,Tienda Online,Santa Fe,1,30540.0
2024-11-01,2024-11,Tiendas Físicas,Buenos Aires,3,50820.0
2024-11-01,2024-11,Tiendas Físicas,Córdoba,3,192390.0
2024-11-01,2024-11,Tiendas Físicas,Mendoza,2,76230.0
2024-11-01,2024-11,Tiendas Físicas,Santa Fe,5,172425.0
2024-11-02,2024-11,Tienda Online,Buenos Aires,3,63858.0
2024-11-02,2024-11,Tienda Online,Mendoza,1,45360.0
2024-11-02,2024-11,Tiendas Físicas,Buenos Aires,4,144948.0
2024-11-02,2024-11,Tiendas Físicas,Córdoba,4,87120.0
2024-11-02,2024-11,Tiendas Físicas,Mendoza,2,156090.0
2024-11-02,2024-11,Tiendas Físicas,Santa Fe,4,92565.0
2024-11-03,2024-11,Tienda Online,Buenos Aires,2,71370.0
2024-11-03,2024-11,Tienda Online,Córdoba,2,35670.0
2024-11-03,2024-11,Tienda Online,Mendoza,2,32640.0
2024-11-03,2024-11,Tienda Online,Santa Fe,2,64710.0
2024-11-04,2024-11,Tienda Online,Buenos Aires,14,361003.5
2024-11-04,2024-11,Tienda Online,Córdoba,4,101821.5
2024-11-04,2024-11,Tienda Online,Mendoza,5,145018.5
2024-11-04,2024-11,Tienda Online,Santa Fe,5,129591.0
2024-11-04,2024-11,Tiendas Físicas,Buenos Aires,1,13068.0
2024-11-04,2024-11,Tiendas Físicas,Mendoza,4,181500.0
2024-11-04,2024-11,Tiendas Físicas,Santa Fe,1,26136.0
2024-11-05,2024-11,Tienda Online,Buenos Aires,13,391858.5
2024-11-05,2024-11,Tienda Online,Córdoba,3,111078.0
2024-11-05,2024-11,Tienda Online,Mendoza,6,157360.5
2024-11-05,2024-11,Tienda Online,Santa Fe,5,107992.5
2024-11-05,2024-11,Tiendas Físicas,Buenos Aires,2,58080.0
2024-11-05,2024-11,Tiendas Físicas,Córdoba,2,31218.0
2024-11-05,2024-11,Tiendas Físicas,Santa Fe,2,61806.0
2024-11-06,2024-11,Tienda Online,Buenos Aires,15,450483.0
2024-11-06,2024-11,Tienda Online,Córdoba,9,317806.5
2024-11-06,2024-11,Tienda Online,Mendoza,4,138847.5
2024-11-06,2024-11,Tienda Online,Santa Fe,4,74052.0
2024-11-06,2024-11,Tiendas Físicas,Buenos Aires,3,89298.0
2024-11-06,2024-11,Tiendas Físicas,Córdoba,3,318169.5
2024-11-06,2024-11,Tiendas Físicas,Mendoza,1,50820.0
2024-11-06,2024-11,Tiendas Físicas,Santa Fe,1,54450.0
2024-11-07,2024-11,Tienda Online,Buenos Aires,6,186159.0
2024-11-07,2024-11,Tienda Online,Córdoba,5,138180.0
2024-11-07,2024-11,Tienda Online,Mendoza,1,30840.0
2024-11-07,2024-11,Tienda Online,Santa Fe,1,76230.0
2024-11-07,2024-11,Tiendas Físicas,Buenos Aires,3,83490.0
2024-11-07,2024-11,Tiendas Físicas,Córdoba,1,32670.0
2024-11-07,2024-11,Tiendas Físicas,Santa Fe,4,134310.0
2024-11-08,2024-11,Tienda Online,Buenos Aires,4,148800.0
2024-11-08,2024-11,Tienda Online,Córdoba,4,122160.0
2024-11-08,2024-11,Tienda Online,Mendoza,3,92520.0
2024-11-08,2024-11,Tiendas Físicas,Buenos Aires,2,83127.0
2024-11-08,2024-11,Tiendas Físicas,Córdoba,2,45060.0
2024-11-08,2024-11,Tiendas Físicas,Mendoza,1,14520.0
2024-11-08,2024-11,Tiendas Físicas,Santa Fe,3,61710.0
2024-11-09,2024-11,Tienda Online,Buenos Aires,4,141540.0
2024-11-09,2024-11,Tienda Online,Córdoba,6,232560.0
2024-11-09,2024-11,Tienda Online,Mendoza,3,145170.0
2024-11-09,2024-11,Tienda Online,Santa Fe,4,104010.0
2024-11-09,2024-11,Tiendas Físicas,Buenos Aires,6,203280.0
2024-11-09,2024-11,Tiendas Físicas,Santa Fe,3,105270.0
2024-11-10,2024-11,Tienda Online,Buenos Aires,3,76200.0
2024-11-10,2024-11,Tienda Online,Córdoba,1,37800.0
2024-11-10,2024-11,Tienda Online,Mendoza,1,16320.0
2024-11-10,2024-11,Tienda Online,Santa Fe,1,16020.0
2024-11-11,2024-11,Tienda Online,Buenos Aires,6,194760.0
2024-11-11,2024-11,Tienda Online,Córdoba,1,52320.0
2024-11-11,2024-11,Tienda Online,Santa Fe,2,124557.0
2024-11-11,2024-11,Tiendas Físicas,Buenos Aires,1,14520.0
2024-11-11,2024-11,Tiendas Físicas,Córdoba,4,339405.0
2024-11-11,2024-11,Tiendas Físicas,Mendoza,1,14520.0
2024-11-11,2024-11,Tiendas Físicas,Santa Fe,2,29040.0
2024-11-12,2024-11,Tienda Online,Buenos Aires,7,233712.0
2024-11-12,2024-11,Tienda Online,Córdoba,1,19650.0
2024-11-12,2024-11,Tienda Online,Mendoza,2,31188.0
2024-11-12,2024-11,Tienda Online,Santa Fe,4,149700.0
2024-11-12,2024-11,Tiendas Físicas,Buenos Aires,1,18150.0
2024-11-12,2024-11,Tiendas Físicas,Córdoba,1,18150.0
2024-11-12,2024-11,Tiendas Físicas,Mendoza,2,47190.0
2024-11-12,2024-11,Tiendas Físicas,Santa Fe,2,32670.0
2024-11-13,2024-11,Tienda Online,Buenos Aires,6,251640.0
2024-11-13,2024-11,Tienda Online,Córdoba,4,107640.0
2024-11-13,2024-11,Tienda Online,Mendoza,2,50790.0
2024-11-13,2024-11,Tienda Online,Santa Fe,1,16020.0
2024-11-13,2024-11,Tiendas Físicas,Buenos Aires,3,141570.0
2024-11-13,2024-11,Tiendas Físicas,Córdoba,3,54450.0
2024-11-13,2024-11,Tiendas Físicas,Santa Fe,3,148830.0
2024-11-14,2024-11,Tienda Online,Buenos Aires,10,295140.0
2024-11-14,2024-11,Tienda Online,Córdoba,2,53820.0
2024-11-14,2024-11,Tienda Online,Mendoza,3,121560.0
2024-11-14,2024-11,Tienda Online,Santa Fe,4,146070.0
2024-11-14,2024-11,Tiendas Físicas,Buenos Aires,3,112530.0
2024-11-14,2024-11,Tiendas Físicas,Mendoza,1,47190.0
2024-11-14,2024-11,Tiendas Físicas,Santa Fe,3,61710.0
2024-11-15,2024-11,Tienda Online,Buenos Aires,1,54450.0
2024-11-15,2024-11,Tienda Online,Córdoba,1,16020.0
2024-11-15,2024-11,Tienda Online,Mendoza,1,16320.0
2024-11-15,2024-11,Tienda Online,Santa Fe,1,37800.0
2024-11-15,2024-11,Tiendas Físicas,Buenos Aires,4,110715.0
2024-11-15,2024-11,Tiendas Físicas,Mendoza,2,101640.0
2024-11-15,2024-11,Tiendas Físicas,Santa Fe,1,61710.0
2024-11-16,2024-11,Tienda Online,Buenos Aires,2,60480.0
2024-11-16,2024-11,Tienda Online,Córdoba,1,30540.0
2024-11-16,2024-11,Tienda Online,Mendoza,4,234120.0
2024-11-16,2024-11,Tienda Online,Santa Fe,2,61080.0
2024-11-16,2024-11,Tiendas Físicas,Buenos Aires,3,68970.0
2024-11-16,2024-11,Tiendas Físicas,Córdoba,2,29040.0
2024-11-16,2024-11,Tiendas Físicas,Mendoza,2,87120.0
2024-11-16,2024-11,Tiendas Físicas,Santa Fe,3,127050.0
2024-11-17,2024-11,Tienda Online,Buenos Aires,2,85890.0
2024-11-17,2024-11,Tienda Online,Córdoba,1,34170.0
2024-11-18,2024-11,Tienda Online,Buenos Aires,7,280680.0
2024-11-18,2024-11,Tienda Online,Córdoba,2,97380.0
2024-11-18,2024-11,Tienda Online,Mendoza,2,39900.0
2024-11-18,2024-11,Tienda Online,Santa Fe,1,49779.0
2024-11-18,2024-11,Tiendas Físicas,Buenos Aires,3,67518.0
2024-11-18,2024-11,Tiendas Físicas,Córdoba,3,148830.0
2024-11-18,2024-11,Tiendas Físicas,Santa Fe,1,50820.0
2024-11-19,2024-11,Tienda Online,Buenos Aires,9,310890.0
2024-11-19,2024-11,Tienda Online,Córdoba,3,126420.0
2024-11-19,2024-11,Tienda Online,Santa Fe,3,195390.0
2024-11-19,2024-11,Tiendas Físicas,Buenos Aires,2,30855.0
2024-11-19,2024-11,Tiendas Físicas,Córdoba,1,14520.0
2024-11-19,2024-11,Tiendas Físicas,Mendoza,1,18150.0
2024-11-19,2024-11,Tiendas Físicas,Santa Fe,1,36300.0
2024-11-20,2024-11,Tienda Online,Buenos Aires,3,153660.0
2024-11-20,2024-11,Tienda Online,Córdoba,1,54450.0
2024-11-20,2024-11,Tienda Online,Santa Fe,2,68340.0
2024-11-20,2024-11,Tiendas Físicas,Buenos Aires,3,119790.0
2024-11-20,2024-11,Tiendas Físicas,Córdoba,2,40656.0
2024-11-20,2024-11,Tiendas Físicas,Mendoza,2,88920.0
2024-11-20,2024-11,Tiendas Físicas,Santa Fe,1,42471.0
2024-11-21,2024-11,Tienda Online,Córdoba,2,71970.0
2024-11-21,2024-11,Tienda Online,Mendoza,2,58050.0
2024-11-21,2024-11,Tiendas Físicas,Buenos Aires,1,14520.0
2024-11-21,2024-11,Tiendas Físicas,Córdoba,1,72600.0
2024-11-21,2024-11,Tiendas Físicas,Santa Fe,1,50820.0
2024-11-22,2024-11,Tienda Online,Buenos Aires,4,124590.0
2024-11-22,2024-11,Tienda Online,Córdoba,3,68932.5
2024-11-22,2024-11,Tienda Online,Santa Fe,3,69840.0
2024-11-22,2024-11,Tiendas Físicas,Buenos Aires,5,148578.0
2024-11-22,2024-11,Tiendas Físicas,Córdoba,1,61710.0
2024-11-22,2024-11,Tiendas Físicas,Mendoza,2,48990.0
2024-11-23,2024-11,Tienda Online,Buenos Aires,2,53220.0
2024-11-23,2024-11,Tienda Online,Córdoba,3,51690.0
2024-11-23,2024-11,Tienda Online,Mendoza,2,49338.0
2024-11-23,2024-11,Tienda Online,Santa Fe,1,37800.0
2024-11-23,2024-11,Tiendas Físicas,Buenos Aires,2,50820.0
2024-11-23,2024-11,Tiendas Físicas,Córdoba,1,14520.0
2024-11-23,2024-11,Tiendas Físicas,Mendoza,3,94380.0
2024-11-23,2024-11,Tiendas Físicas,Santa Fe,3,98010.0
2024-11-24,2024-11,Tienda Online,Buenos Aires,2,49590.0
2024-11-24,2024-11,Tienda Online,Córdoba,2,61080.0
2024-11-24,2024-11,Tienda Online,Mendoza,1,38100.0
2024-11-24,2024-11,Tienda Online,Santa Fe,3,77100.0
2024-11-25,2024-11,Tienda Online,Buenos Aires,6,236212.5
2024-11-25,2024-11,Tienda Online,Córdoba,3,120660.0
2024-11-25,2024-11,Tienda Online,Santa Fe,2,103140.0
2024-11-25,2024-11,Tiendas Físicas,Mendoza,1,54450.0
2024-11-25,2024-11,Tiendas Físicas,Santa Fe,1,18150.0
2024-11-26,2024-11,Tienda Online,Buenos Aires,4,136458.0
2024-11-26,2024-11,Tienda Online,Córdoba,5,166446.0
2024-11-26,2024-11,Tienda Online,Mendoza,1,16320.0
2024-11-26,2024-11,Tienda Online,Santa Fe,4,111633.0
2024-11-26,2024-11,Tiendas Físicas,Buenos Aires,3,47190.0
2024-11-26,2024-11,Tiendas Físicas,Santa Fe,1,36300.0
2024-11-27,2024-11,Tienda Online,Buenos Aires,6,105210.0
2024-11-27,2024-11,Tienda Online,Córdoba,4,71340.0
2024-11-27,2024-11,Tienda Online,Mendoza,2,65310.0
2024-11-27,2024-11,Tienda Online,Santa Fe,2,59628.0
2024-11-27,2024-11,Tiendas Físicas,Buenos Aires,3,47190.0
2024-11-27,2024-11,Tiendas Físicas,Córdoba,4,127050.0
2024-11-27,2024-11,Tiendas Físicas,Mendoza,3,152460.0
2024-11-27,2024-11,Tiendas Físicas,Santa Fe,2,32670.0
2024-11-28,2024-11,Tienda Online,Buenos Aires,3,89520.0
2024-11-28,2024-11,Tienda Online,Córdoba,4,104010.0
2024-11-28,2024-11,Tienda Online,Mendoza,2,88920.0
2024-11-28,2024-11,Tienda Online,Santa Fe,2,63802.5
2024-11-28,2024-11,Tiendas Físicas,Buenos Aires,3,110715.0
2024-11-28,2024-11,Tiendas Físicas,Córdoba,2,32670.0
2024-11-28,2024-11,Tiendas Físicas,Santa Fe,2,32670.0
2024-11-29,2024-11,Tienda Online,Buenos Aires,6,242383.5
2024-11-29,2024-11,Tienda Online,Córdoba,5,180288.0
2024-11-29,2024-11,Tienda Online,Mendoza,1,61710.0
2024-11-29,2024-11,Tienda Online,Santa Fe,4,140262.0
2024-11-29,2024-11,Tiendas Físicas,Buenos Aires,4,110715.0
2024-11-29,2024-11,Tiendas Físicas,Mendoza,1,18150.0
2024-11-29,2024-11,Tiendas Físicas,Santa Fe,1,16335.0
2024-11-30,2024-11,Tienda Online,Buenos Aires,6,209643.0
2024-11-30,2024-11,Tienda Online,Córdoba,4,132505.5
2024-11-30,2024-11,Tienda Online,Mendoza,2,86908.5
2024-11-30,2024-11,Tienda Online,Santa Fe,5,194215.5
2024-11-30,2024-11,Tiendas Físicas,Buenos Aires,3,44286.0
2024-11-30,2024-11,Tiendas Físicas,Córdoba,4,91113.0
2024-11-30,2024-11,Tiendas Físicas,Mendoza,4,104544.0
2024-11-30,2024-11,Tiendas Físicas,Santa Fe,4,145200.0
2024-12-01,2024-12,Tienda Online,Buenos Aires,7,241698.0
2024-12-01,2024-12,Tienda Online,Córdoba,7,211057.5
2024-12-01,2024-12,Tienda Online,Mendoza,4,156589.5
2024-12-01,2024-12,Tienda Online,Santa Fe,5,143262.0
2024-12-02,2024-12,Tienda Online,Buenos Aires,8,502110.0
2024-12-02,2024-12,Tienda Online,Mendoza,2,50790.0
2024-12-02,2024-12,Tienda Online,Santa Fe,6,194760.0
2024-12-02,2024-12,Tiendas Físicas,Buenos Aires,3,98010.0
2024-12-02,2024-12,Tiendas Físicas,Córdoba,3,72600.0
2024-12-02,2024-12,Tiendas Físicas,Santa Fe,2,65340.0
2024-12-03,2024-12,Tienda Online,Buenos Aires,4,198420.0
2024-12-03,2024-12,Tienda Online,Córdoba,5,138180.0
2024-12-03,2024-12,Tienda Online,Mendoza,5,190530.0
2024-12-03,2024-12,Tienda Online,Santa Fe,2,88620.0
2024-12-03,2024-12,Tiendas Físicas,Córdoba,4,81360.0
2024-12-03,2024-12,Tiendas Físicas,Mendoza,2,83490.0
2024-12-03,2024-12,Tiendas Físicas,Santa Fe,1,18150.0
2024-12-04,2024-12,Tienda Online,Buenos Aires,7,289140.0
2024-12-04,2024-12,Tienda Online,Córdoba,2,53820.0
2024-12-04,2024-12,Tienda Online,Santa Fe,5,265860.0
2024-12-04,2024-12,Tiendas Físicas,Buenos Aires,1,54450.0
2024-12-04,2024-12,Tiendas Físicas,Córdoba,1,18150.0
2024-12-04,2024-12,Tiendas Físicas,Mendoza,3,98010.0
2024-12-05,2024-12,Tienda Online,Buenos Aires,6,486975.0
2024-12-05,2024-12,Tienda Online,Córdoba,1,54450.0
2024-12-05,2024-12,Tienda Online,Mendoza,2,85290.0
2024-12-05,2024-12,Tiendas Físicas,Buenos Aires,4,188760.0
2024-12-05,2024-12,Tiendas Físicas,Córdoba,2,36300.0
2024-12-05,2024-12,Tiendas Físicas,Mendoza,2,68970.0
2024-12-05,2024-12,Tiendas Físicas,Santa Fe,1,18150.0
2024-12-06,2024-12,Tienda Online,Buenos Aires,4,187167.0
2024-12-06,2024-12,Tienda Online,Córdoba,2,77730.0
2024-12-06,2024-12,Tienda Online,Mendoza,1,19950.0
2024-12-06,2024-12,Tiendas Físicas,Buenos Aires,2,72600.0
2024-12-06,2024-12,Tiendas Físicas,Córdoba,4,105270.0
2024-12-06,2024-12,Tiendas Físicas,Mendoza,1,29040.0
2024-12-06,2024-12,Tiendas Físicas,Santa Fe,1,14520.0
2024-12-07,2024-12,Tienda Online,Buenos Aires,3,133080.0
2024-12-07,2024-12,Tienda Online,Mendoza,2,139740.0
2024-12-07,2024-12,Tienda Online,Santa Fe,1,16020.0
2024-12-07,2024-12,Tiendas Físicas,Buenos Aires,5,145926.0
2024-12-07,2024-12,Tiendas Físicas,Córdoba,4,177870.0
2024-12-07,2024-12,Tiendas Físicas,Mendoza,2,76230.0
2024-12-07,2024-12,Tiendas Físicas,Santa Fe,2,68970.0
2024-12-08,2024-12,Tienda Online,Buenos Aires,4,107962.5
2024-12-08,2024-12,Tienda Online,Córdoba,3,108814.5
2024-12-08,2024-12,Tienda Online,Mendoza,5,170550.0
2024-12-08,2024-12,Tienda Online,Santa Fe,2,64710.0
2024-12-09,2024-12,Tienda Online,Buenos Aires,3,125820.0
2024-12-09,2024-12,Tienda Online,Córdoba,5,266490.0
2024-12-09,2024-12,Tienda Online,Mendoza,3,99780.0
2024-12-09,2024-12,Tienda Online,Santa Fe,4,117804.0
2024-12-09,2024-12,Tiendas Físicas,Buenos Aires,3,47190.0
2024-12-09,2024-12,Tiendas Físicas,Mendoza,3,79860.0
2024-12-09,2024-12,Tiendas Físicas,Santa Fe,2,76230.0
2024-12-10,2024-12,Tienda Online,Buenos Aires,12,460194.0
2024-12-10,2024-12,Tienda Online,Córdoba,6,283513.5
2024-12-10,2024-12,Tienda Online,Mendoza,3,137910.0
2024-12-10,2024-12,Tienda Online,Santa Fe,10,393742.5
2024-12-10,2024-12,Tiendas Físicas,Buenos Aires,4,172062.0
2024-12-10,2024-12,Tiendas Físicas,Córdoba,5,152460.0
2024-12-10,2024-12,Tiendas Físicas,Mendoza,1,13068.0
2024-12-10,2024-12,Tiendas Físicas,Santa Fe,3,130680.0
2024-12-11,2024-12,Tienda Online,Buenos Aires,3,83460.0
2024-12-11,2024-12,Tienda Online,Córdoba,5,192534.0
2024-12-11,2024-12,Tienda Online,Mendoza,1,19950.0
2024-12-11,2024-12,Tienda Online,Santa Fe,5,180106.5
2024-12-11,2024-12,Tiendas Físicas,Buenos Aires,2,65340.0
2024-12-11,2024-12,Tiendas Físicas,Córdoba,4,145200.0
2024-12-11,2024-12,Tiendas Físicas,Mendoza,4,153186.0
2024-12-11,2024-12,Tiendas Físicas,Santa Fe,2,108900.0
2024-12-12,2024-12,Tienda Online,Buenos Aires,11,348390.0
2024-12-12,2024-12,Tienda Online,Córdoba,3,175740.0
2024-12-12,2024-12,Tienda Online,Mendoza,4,90690.0
2024-12-12,2024-12,Tienda Online,Santa Fe,6,260100.0
2024-12-12,2024-12,Tiendas Físicas,Buenos Aires,5,168180.0
2024-12-12,2024-12,Tiendas Físicas,Córdoba,5,135810.0
2024-12-12,2024-12,Tiendas Físicas,Mendoza,3,123420.0
2024-12-12,2024-12,Tiendas Físicas,Santa Fe,4,281325.0
2024-12-13,2024-12,Tienda Online,Buenos Aires,7,232260.0
2024-12-13,2024-12,Tienda Online,Córdoba,2,53820.0
2024-12-13,2024-12,Tienda Online,Mendoza,3,97980.0
2024-12-13,2024-12,Tienda Online,Santa Fe,1,19650.0
2024-12-13,2024-12,Tiendas Físicas,Buenos Aires,12,435348.0
2024-12-13,2024-12,Tiendas Físicas,Córdoba,8,210540.0
2024-12-13,2024-12,Tiendas Físicas,Mendoza,4,123420.0
2024-12-13,2024-12,Tiendas Físicas,Santa Fe,3,98010.0
2024-12-14,2024-12,Tienda Online,Buenos Aires,6,176610.0
2024-12-14,2024-12,Tienda Online,Córdoba,3,95250.0
2024-12-14,2024-12,Tienda Online,Mendoza,2,69847.5
2024-12-14,2024-12,Tienda Online,Santa Fe,3,87990.0
2024-12-14,2024-12,Tiendas Físicas,Buenos Aires,9,252285.0
2024-12-14,2024-12,Tiendas Físicas,Córdoba,3,82038.0
2024-12-14,2024-12,Tiendas Físicas,Mendoza,3,127050.0
2024-12-14,2024-12,Tiendas Físicas,Santa Fe,2,79860.0
2024-12-15,2024-12,Tienda Online,Buenos Aires,12,378630.0
2024-12-15,2024-12,Tienda Online,Córdoba,4,228060.0
2024-12-15,2024-12,Tienda Online,Mendoza,4,161490.0
2024-12-15,2024-12,Tienda Online,Santa Fe,5,202020.0
2024-12-16,2024-12,Tienda Online,Buenos Aires,8,234660.0
2024-12-16,2024-12,Tienda Online,Córdoba,3,101010.0
2024-12-16,2024-12,Tienda Online,Santa Fe,6,210780.0
2024-12-16,2024-12,Tiendas Físicas,Buenos Aires,3,108900.0
2024-12-16,2024-12,Tiendas Físicas,Córdoba,5,141570.0
2024-12-16,2024-12,Tiendas Físicas,Mendoza,3,129954.0
2024-12-16,2024-12,Tiendas Físicas,Santa Fe,5,254826.0
2024-12-17,2024-12,Tienda Online,Buenos Aires,14,719961.0
2024-12-17,2024-12,Tienda Online,Córdoba,4,112177.5
2024-12-17,2024-12,Tienda Online,Mendoza,2,107070.0
2024-12-17,2024-12,Tienda Online,Santa Fe,7,217410.0
2024-12-17,2024-12,Tiendas Físicas,Buenos Aires,7,280236.0
2024-12-17,2024-12,Tiendas Físicas,Córdoba,2,47190.0
2024-12-17,2024-12,Tiendas Físicas,Mendoza,1,72600.0
2024-12-17,2024-12,Tiendas Físicas,Santa Fe,5,210540.0
2024-12-18,2024-12,Tienda Online,Buenos Aires,10,396447.0
2024-12-18,2024-12,Tienda Online,Córdoba,6,181740.0
2024-12-18,2024-12,Tienda Online,Mendoza,3,88890.0
2024-12-18,2024-12,Tienda Online,Santa Fe,4,111270.0
2024-12-18,2024-12,Tiendas Físicas,Buenos Aires,3,134310.0
2024-12-18,2024-12,Tiendas Físicas,Córdoba,7,214170.0
2024-12-18,2024-12,Tiendas Físicas,Mendoza,6,192390.0
2024-12-18,2024-12,Tiendas Físicas,Santa Fe,1,36300.0
2024-12-19,2024-12,Tienda Online,Buenos Aires,7,287940.0
2024-12-19,2024-12,Tienda Online,Córdoba,2,61080.0
2024-12-19,2024-12,Tienda Online,Mendoza,2,92550.0
2024-12-19,2024-12,Tienda Online,Santa Fe,3,231642.0
2024-12-19,2024-12,Tiendas Físicas,Buenos Aires,4,116160.0
2024-12-19,2024-12,Tiendas Físicas,Córdoba,5,227238.0
2024-12-19,2024-12,Tiendas Físicas,Mendoza,3,107070.0
2024-12-19,2024-12,Tiendas Físicas,Santa Fe,1,13068.0
2024-12-20,2024-12,Tienda Online,Buenos Aires,8,279450.0
2024-12-20,2024-12,Tienda Online,Córdoba,3,119160.0
2024-12-20,2024-12,Tienda Online,Mendoza,2,50790.0
2024-12-20,2024-12,Tienda Online,Santa Fe,3,87990.0
2024-12-20,2024-12,Tiendas Físicas,Buenos Aires,8,214170.0
2024-12-20,2024-12,Tiendas Físicas,Córdoba,6,191301.0
2024-12-20,2024-12,Tiendas Físicas,Mendoza,5,163350.0
2024-12-20,2024-12,Tiendas Físicas,Santa Fe,3,117660.0
2024-12-21,2024-12,Tienda Online,Buenos Aires,8,262500.0
2024-12-21,2024-12,Tienda Online,Córdoba,2,95880.0
2024-12-21,2024-12,Tienda Online,Mendoza,1,68970.0
2024-12-21,2024-12,Tienda Online,Santa Fe,2,39300.0
2024-12-21,2024-12,Tiendas Físicas,Buenos Aires,1,43560.0
2024-12-21,2024-12,Tiendas Físicas,Córdoba,7,183000.0
2024-12-21,2024-12,Tiendas Físicas,Mendoza,5,180033.0
2024-12-21,2024-12,Tiendas Físicas,Santa Fe,4,108900.0
2024-12-22,2024-12,Tienda Online,Buenos Aires,8,191100.0
2024-12-22,2024-12,Tienda Online,Córdoba,1,34170.0
2024-12-22,2024-12,Tienda Online,Mendoza,2,90720.0
2024-12-22,2024-12,Tienda Online,Santa Fe,2,73422.0
2024-12-23,2024-12,Tienda Online,Buenos Aires,7,179010.0
2024-12-23,2024-12,Tienda Online,Córdoba,4,175110.0
2024-12-23,2024-12,Tienda Online,Mendoza,2,68940.0
2024-12-23,2024-12,Tienda Online,Santa Fe,8,291232.5
2024-12-23,2024-12,Tiendas Físicas,Buenos Aires,4,108900.0
2024-12-23,2024-12,Tiendas Físicas,Córdoba,3,47190.0
2024-12-23,2024-12,Tiendas Físicas,Mendoza,2,101640.0
2024-12-23,2024-12,Tiendas Físicas,Santa Fe,2,84216.0
2024-12-24,2024-12,Tienda Online,Buenos Aires,8,213858.0
2024-12-24,2024-12,Tienda Online,Córdoba,5,200205.0
2024-12-24,2024-12,Tienda Online,Mendoza,3,80541.0
2024-12-24,2024-12,Tienda Online,Santa Fe,3,119160.0
2024-12-24,2024-12,Tiendas Físicas,Buenos Aires,7,215370.0
2024-12-24,2024-12,Tiendas Físicas,Córdoba,3,105270.0
2024-12-24,2024-12,Tiendas Físicas,Mendoza,2,32670.0
2024-12-24,2024-12,Tiendas Físicas,Santa Fe,2,36300.0
2024-12-25,2024-12,Tienda Online,Buenos Aires,6,166920.0
2024-12-25,2024-12,Tienda Online,Córdoba,2,39300.0
2024-12-25,2024-12,Tienda Online,Mendoza,1,16320.0
2024-12-25,2024-12,Tienda Online,Santa Fe,2,57450.0
2024-12-26,2024-12,Tienda Online,Buenos Aires,5,127786.5
2024-12-26,2024-12,Tienda Online,Córdoba,1,19650.0
2024-12-26,2024-12,Tienda Online,Mendoza,2,58050.0
2024-12-26,2024-12,Tienda Online,Santa Fe,1,48690.0
2024-12-26,2024-12,Tiendas Físicas,Buenos Aires,3,134310.0
2024-12-26,2024-12,Tiendas Físicas,Córdoba,1,68970.0
2024-12-26,2024-12,Tiendas Físicas,Santa Fe,1,36300.0
2024-12-27,2024-12,Tienda Online,Buenos Aires,7,491401.5
2024-12-27,2024-12,Tienda Online,Córdoba,2,32040.0
2024-12-27,2024-12,Tienda Online,Mendoza,2,72570.0
2024-12-27,2024-12,Tienda Online,Santa Fe,2,86490.0
2024-12-27,2024-12,Tiendas Físicas,Buenos Aires,3,43560.0
2024-12-27,2024-12,Tiendas Físicas,Córdoba,3,166980.0
2024-12-27,2024-12,Tiendas Físicas,Mendoza,2,79860.0
2024-12-27,2024-12,Tiendas Físicas,Santa Fe,1,36300.0
2024-12-28,2024-12,Tienda Online,Buenos Aires,8,302430.0
2024-12-28,2024-12,Tienda Online,Córdoba,1,37800.0
2024-12-28,2024-12,Tienda Online,Santa Fe,1,48690.0
2024-12-28,2024-12,Tiendas Físicas,Buenos Aires,5,228690.0
2024-12-28,2024-12,Tiendas Físicas,Córdoba,5,117660.0
2024-12-28,2024-12,Tiendas Físicas,Mendoza,3,79860.0
2024-12-28,2024-12,Tiendas Físicas,Santa Fe,4,76230.0
2024-12-29,2024-12,Tienda Online,Buenos Aires,4,148800.0
2024-12-29,2024-12,Tienda Online,Córdoba,2,35670.0
2024-12-29,2024-12,Tienda Online,Santa Fe,2,39300.0
2024-12-30,2024-12,Tienda Online,Buenos Aires,2,94602.0
2024-12-30,2024-12,Tienda Online,Córdoba,3,162720.0
2024-12-30,2024-12,Tienda Online,Mendoza,2,54420.0
2024-12-30,2024-12,Tienda Online,Santa Fe,3,77100.0
2024-12-30,2024-12,Tiendas Físicas,Buenos Aires,2,42108.0
2024-12-30,2024-12,Tiendas Físicas,Córdoba,3,101640.0
2024-12-31,2024-12,Tienda Online,Buenos Aires,5,135480.0
2024-12-31,2024-12,Tienda Online,Mendoza,3,97980.0
2024-12-31,2024-12,Tiendas Físicas,Buenos Aires,4,239580.0
2024-12-31,2024-12,Tiendas Físicas,Córdoba,1,79860.0
2024-12-31,2024-12,Tiendas Físicas,Mendoza,1,61710.0
2024-12-31,2024-12,Tiendas Físicas,Santa Fe,1,36300.0
2025-01-01,2025-01,Tienda Online,Buenos Aires,5,118530.0
2025-01-01,2025-01,Tienda Online,Córdoba,3,103914.0
2025-01-01,2025-01,Tienda Online,Mendoza,3,185100.0
2025-01-01,2025-01,Tienda Online,Santa Fe,3,51690.0
2025-01-02,2025-01,Tienda Online,Buenos Aires,5,207606.0
2025-01-02,2025-01,Tienda Online,Córdoba,3,86490.0
2025-01-02,2025-01,Tienda Online,Mendoza,1,38100.0
2025-01-02,2025-01,Tienda Online,Santa Fe,2,53820.0
2025-01-02,2025-01,Tiendas Físicas,Buenos Aires,1,47190.0
2025-01-02,2025-01,Tiendas Físicas,Córdoba,2,130680.0
2025-01-02,2025-01,Tiendas Físicas,Mendoza,2,47190.0
2025-01-02,2025-01,Tiendas Físicas,Santa Fe,3,47190.0
2025-01-03,2025-01,Tienda Online,Buenos Aires,2,38700.0
2025-01-03,2025-01,Tienda Online,Córdoba,2,97380.0
2025-01-03,2025-01,Tienda Online,Santa Fe,2,50190.0
2025-01-03,2025-01,Tiendas Físicas,Buenos Aires,4,144111.0
2025-01-03,2025-01,Tiendas Físicas,Córdoba,1,16335.0
2025-01-03,2025-01,Tiendas Físicas,Mendoza,3,70785.0
2025-01-03,2025-01,Tiendas Físicas,Santa Fe,3,79860.0
2025-01-04,2025-01,Tienda Online,Buenos Aires,4,117330.0
2025-01-04,2025-01,Tienda Online,Córdoba,2,92250.0
2025-01-04,2025-01,Tienda Online,Mendoza,3,170610.0
2025-01-04,2025-01,Tienda Online,Santa Fe,4,173610.0
2025-01-04,2025-01,Tiendas Físicas,Buenos Aires,5,250470.0
2025-01-04,2025-01,Tiendas Físicas,Córdoba,1,16335.0
2025-01-04,2025-01,Tiendas Físicas,Mendoza,4,134310.0
2025-01-04,2025-01,Tiendas Físicas,Santa Fe,6,194568.0
2025-01-05,2025-01,Tienda Online,Buenos Aires,10,328425.0
2025-01-05,2025-01,Tienda Online,Córdoba,1,16020.0
2025-01-05,2025-01,Tienda Online,Santa Fe,4,114900.0
2025-01-06,2025-01,Tienda Online,Buenos Aires,5,136680.0
2025-01-06,2025-01,Tienda Online,Córdoba,3,148200.0
2025-01-06,2025-01,Tienda Online,Mendoza,1,19950.0
2025-01-06,2025-01,Tienda Online,Santa Fe,3,119160.0
2025-01-06,2025-01,Tiendas Físicas,Buenos Aires,3,87594.0
2025-01-06,2025-01,Tiendas Físicas,Córdoba,3,101640.0
2025-01-06,2025-01,Tiendas Físicas,Santa Fe,2,159720.0
2025-01-07,2025-01,Tienda Online,Buenos Aires,9,244350.0
2025-01-07,2025-01,Tienda Online,Córdoba,3,106140.0
2025-01-07,2025-01,Tienda Online,Mendoza,2,97980.0
2025-01-07,2025-01,Tienda Online,Santa Fe,1,16020.0
2025-01-07,2025-01,Tiendas Físicas,Buenos Aires,3,87120.0
2025-01-07,2025-01,Tiendas Físicas,Córdoba,1,18150.0
2025-01-07,2025-01,Tiendas Físicas,Santa Fe,1,36300.0
2025-01-08,2025-01,Tienda Online,Buenos Aires,3,54420.0
2025-01-08,2025-01,Tienda Online,Mendoza,4,123360.0
2025-01-08,2025-01,Tienda Online,Santa Fe,3,111900.0
2025-01-08,2025-01,Tiendas Físicas,Buenos Aires,3,148830.0
2025-01-08,2025-01,Tiendas Físicas,Córdoba,1,14520.0
2025-01-08,2025-01,Tiendas Físicas,Mendoza,2,36300.0
2025-01-08,2025-01,Tiendas Físicas,Santa Fe,4,84990.0
2025-01-09,2025-01,Tienda Online,Buenos Aires,3,87090.0
2025-01-09,2025-01,Tienda Online,Córdoba,5,202335.0
2025-01-09,2025-01,Tienda Online,Mendoza,2,107070.0
2025-01-09,2025-01,Tienda Online,Santa Fe,1,19650.0
2025-01-09,2025-01,Tiendas Físicas,Buenos Aires,4,116160.0
2025-01-09,2025-01,Tiendas Físicas,Santa Fe,1,16020.0
2025-01-10,2025-01,Tienda Online,Buenos Aires,2,67740.0
2025-01-10,2025-01,Tienda Online,Córdoba,2,53820.0
2025-01-10,2025-01,Tienda Online,Mendoza,1,30840.0
2025-01-10,2025-01,Tienda Online,Santa Fe,1,34170.0
2025-01-10,2025-01,Tiendas Físicas,Buenos Aires,3,87120.0
2025-01-10,2025-01,Tiendas Físicas,Córdoba,2,34485.0
2025-01-10,2025-01,Tiendas Físicas,Mendoza,3,67140.0
2025-01-10,2025-01,Tiendas Físicas,Santa Fe,3,94380.0
2025-01-11,2025-01,Tienda Online,Buenos Aires,3,155586.0
2025-01-11,2025-01,Tienda Online,Córdoba,1,16020.0
2025-01-11,2025-01,Tienda Online,Mendoza,1,38100.0
2025-01-11,2025-01,Tienda Online,Santa Fe,1,19650.0
2025-01-11,2025-01,Tiendas Físicas,Buenos Aires,4,170610.0
2025-01-11,2025-01,Tiendas Físicas,Córdoba,5,130680.0
2025-01-11,2025-01,Tiendas Físicas,Mendoza,3,174240.0
2025-01-11,2025-01,Tiendas Físicas,Santa Fe,2,83490.0
2025-01-12,2025-01,Tienda Online,Buenos Aires,3,81645.0
2025-01-12,2025-01,Tienda Online,Córdoba,4,177240.0
2025-01-12,2025-01,Tienda Online,Mendoza,2,91642.5
2025-01-12,2025-01,Tienda Online,Santa Fe,6,245580.0
2025-01-13,2025-01,Tienda Online,Buenos Aires,7,221370.0
2025-01-13,2025-01,Tienda Online,Córdoba,1,37800.0
2025-01-13,2025-01,Tienda Online,Santa Fe,2,71970.0
2025-01-13,2025-01,Tiendas Físicas,Buenos Aires,2,79860.0
2025-01-13,2025-01,Tiendas Físicas,Córdoba,3,116160.0
2025-01-13,2025-01,Tiendas Físicas,Mendoza,2,90750.0
2025-01-13,2025-01,Tiendas Físicas,Santa Fe,5,125646.0
2025-01-14,2025-01,Tienda Online,Buenos Aires,5,93846.0
2025-01-14,2025-01,Tienda Online,Córdoba,1,50505.0
2025-01-14,2025-01,Tienda Online,Mendoza,4,187641.0
2025-01-14,2025-01,Tienda Online,Santa Fe,1,34170.0
2025-01-14,2025-01,Tiendas Físicas,Buenos Aires,4,119790.0
2025-01-14,2025-01,Tiendas Físicas,Córdoba,1,54450.0
2025-01-14,2025-01,Tiendas Físicas,Mendoza,1,76230.0
2025-01-14,2025-01,Tiendas Físicas,Santa Fe,4,63525.0
2025-01-15,2025-01,Tienda Online,Buenos Aires,3,54420.0
2025-01-15,2025-01,Tienda Online,Mendoza,3,88890.0
2025-01-15,2025-01,Tienda Online,Santa Fe,1,19650.0
2025-01-15,2025-01,Tiendas Físicas,Buenos Aires,2,43560.0
2025-01-15,2025-01,Tiendas Físicas,Mendoza,3,123420.0
2025-01-15,2025-01,Tiendas Físicas,Santa Fe,5,177870.0
2025-01-16,2025-01,Tienda Online,Buenos Aires,8,267330.0
2025-01-16,2025-01,Tienda Online,Córdoba,3,93750.0
2025-01-16,2025-01,Tienda Online,Mendoza,1,52620.0
2025-01-16,2025-01,Tienda Online,Santa Fe,3,115530.0
2025-01-16,2025-01,Tiendas Físicas,Buenos Aires,3,47190.0
2025-01-16,2025-01,Tiendas Físicas,Córdoba,2,61710.0
2025-01-16,2025-01,Tiendas Físicas,Santa Fe,4,170610.0
2025-01-17,2025-01,Tienda Online,Buenos Aires,2,64110.0
2025-01-17,2025-01,Tienda Online,Córdoba,1,19650.0
2025-01-17,2025-01,Tienda Online,Mendoza,2,99265.5
2025-01-17,2025-01,Tienda Online,Santa Fe,3,73470.0
2025-01-17,2025-01,Tiendas Físicas,Buenos Aires,1,54450.0
2025-01-17,2025-01,Tiendas Físicas,Córdoba,5,166980.0
2025-01-17,2025-01,Tiendas Físicas,Mendoza,4,188760.0
2025-01-18,2025-01,Tienda Online,Buenos Aires,5,136680.0
2025-01-18,2025-01,Tienda Online,Santa Fe,1,72600.0
2025-01-18,2025-01,Tiendas Físicas,Buenos Aires,10,388410.0
2025-01-18,2025-01,Tiendas Físicas,Córdoba,1,72600.0
2025-01-18,2025-01,Tiendas Físicas,Mendoza,1,72600.0
2025-01-18,2025-01,Tiendas Físicas,Santa Fe,3,101640.0
2025-01-19,2025-01,Tienda Online,Córdoba,2,57450.0
2025-01-19,2025-01,Tienda Online,Mendoza,4,168750.0
2025-01-19,2025-01,Tienda Online,Santa Fe,1,54450.0
2025-01-20,2025-01,Tienda Online,Buenos Aires,10,311182.5
2025-01-20,2025-01,Tienda Online,Córdoba,6,139680.0
2025-01-20,2025-01,Tienda Online,Santa Fe,2,117660.0
2025-01-20,2025-01,Tiendas Físicas,Córdoba,2,76230.0
2025-01-20,2025-01,Tiendas Físicas,Mendoza,2,32670.0
2025-01-21,2025-01,Tienda Online,Buenos Aires,3,96780.0
2025-01-21,2025-01,Tienda Online,Córdoba,1,19650.0
2025-01-21,2025-01,Tienda Online,Mendoza,2,50790.0
2025-01-21,2025-01,Tienda Online,Santa Fe,2,95880.0
2025-01-21,2025-01,Tiendas Físicas,Buenos Aires,3,101640.0
2025-01-21,2025-01,Tiendas Físicas,Córdoba,2,68970.0
2025-01-21,2025-01,Tiendas Físicas,Mendoza,2,83490.0
2025-01-21,2025-01,Tiendas Físicas,Santa Fe,2,50820.0
2025-01-22,2025-01,Tienda Online,Buenos Aires,3,122190.0
2025-01-22,2025-01,Tienda Online,Córdoba,5,129420.0
2025-01-22,2025-01,Tienda Online,Mendoza,2,39900.0
2025-01-22,2025-01,Tiendas Físicas,Buenos Aires,4,102840.0
2025-01-22,2025-01,Tiendas Físicas,Córdoba,4,206910.0
2025-01-22,2025-01,Tiendas Físicas,Mendoza,2,85290.0
2025-01-22,2025-01,Tiendas Físicas,Santa Fe,3,84990.0
2025-01-23,2025-01,Tienda Online,Buenos Aires,5,181762.5
2025-01-23,2025-01,Tienda Online,Córdoba,3,126420.0
2025-01-23,2025-01,Tienda Online,Santa Fe,3,150330.0
2025-01-23,2025-01,Tiendas Físicas,Buenos Aires,3,181500.0
2025-01-23,2025-01,Tiendas Físicas,Córdoba,1,14520.0
2025-01-23,2025-01,Tiendas Físicas,Santa Fe,2,127413.0
2025-01-24,2025-01,Tienda Online,Buenos Aires,3,123390.0
2025-01-24,2025-01,Tienda Online,Córdoba,1,37800.0
2025-01-24,2025-01,Tienda Online,Mendoza,1,30840.0
2025-01-24,2025-01,Tienda Online,Santa Fe,5,158460.0
2025-01-24,2025-01,Tiendas Físicas,Buenos Aires,5,152460.0
2025-01-24,2025-01,Tiendas Físicas,Córdoba,3,86805.0
2025-01-25,2025-01,Tienda Online,Buenos Aires,2,45960.0
2025-01-25,2025-01,Tienda Online,Córdoba,1,16020.0
2025-01-25,2025-01,Tienda Online,Mendoza,3,137910.0
2025-01-25,2025-01,Tienda Online,Santa Fe,5,93712.5
2025-01-25,2025-01,Tiendas Físicas,Buenos Aires,2,72600.0
2025-01-25,2025-01,Tiendas Físicas,Córdoba,7,353610.0
2025-01-25,2025-01,Tiendas Físicas,Mendoza,3,112530.0
2025-01-25,2025-01,Tiendas Físicas,Santa Fe,1,76230.0
2025-01-26,2025-01,Tienda Online,Buenos Aires,5,163612.5
2025-01-26,2025-01,Tienda Online,Córdoba,2,74100.0
2025-01-26,2025-01,Tienda Online,Mendoza,3,63480.0
2025-01-26,2025-01,Tienda Online,Santa Fe,2,132180.0
2025-01-27,2025-01,Tienda Online,Buenos Aires,7,248010.0
2025-01-27,2025-01,Tienda Online,Córdoba,4,149700.0
2025-01-27,2025-01,Tienda Online,Santa Fe,3,91620.0
2025-01-27,2025-01,Tiendas Físicas,Buenos Aires,3,88935.0
2025-01-27,2025-01,Tiendas Físicas,Córdoba,2,61710.0
2025-01-27,2025-01,Tiendas Físicas,Mendoza,1,101640.0
2025-01-27,2025-01,Tiendas Físicas,Santa Fe,2,76230.0
2025-01-28,2025-01,Tienda Online,Buenos Aires,2,35070.0
2025-01-28,2025-01,Tienda Online,Córdoba,5,93531.0
2025-01-28,2025-01,Tienda Online,Mendoza,3,121575.0
2025-01-28,2025-01,Tienda Online,Santa Fe,2,128913.0
2025-01-28,2025-01,Tiendas Físicas,Buenos Aires,2,83490.0
2025-01-28,2025-01,Tiendas Físicas,Córdoba,2,61710.0
2025-01-28,2025-01,Tiendas Físicas,Mendoza,1,54450.0
2025-01-28,2025-01,Tiendas Físicas,Santa Fe,1,54450.0
2025-01-29,2025-01,Tienda Online,Buenos Aires,7,291318.0
2025-01-29,2025-01,Tienda Online,Córdoba,2,64710.0
2025-01-29,2025-01,Tienda Online,Mendoza,1,38100.0
2025-01-29,2025-01,Tienda Online,Santa Fe,2,75600.0
2025-01-29,2025-01,Tiendas Físicas,Córdoba,2,90750.0
2025-01-29,2025-01,Tiendas Físicas,Mendoza,1,14520.0
2025-01-29,2025-01,Tiendas Físicas,Santa Fe,5,148830.0
2025-01-30,2025-01,Tienda Online,Buenos Aires,8,325440.0
2025-01-30,2025-01,Tienda Online,Córdoba,4,122160.0
2025-01-30,2025-01,Tienda Online,Mendoza,1,38100.0
2025-01-30,2025-01,Tienda Online,Santa Fe,1,19650.0
2025-01-30,2025-01,Tiendas Físicas,Buenos Aires,7,243210.0
2025-01-30,2025-01,Tiendas Físicas,Córdoba,2,50820.0
2025-01-30,2025-01,Tiendas Físicas,Mendoza,1,18150.0
2025-01-30,2025-01,Tiendas Físicas,Santa Fe,3,87120.0
2025-01-31,2025-01,Tienda Online,Buenos Aires,3,87090.0
2025-01-31,2025-01,Tienda Online,Santa Fe,1,54450.0
2025-01-31,2025-01,Tiendas Físicas,Buenos Aires,2,32670.0
2025-01-31,2025-01,Tiendas Físicas,Córdoba,9,339090.0
2025-01-31,2025-01,Tiendas Físicas,Mendoza,1,14520.0
2025-01-31,2025-01,Tiendas Físicas,Santa Fe,3,127050.0
2025-02-01,2025-02,Tienda Online,Buenos Aires,3,107670.0
2025-02-01,2025-02,Tienda Online,Córdoba,4,177240.0
2025-02-01,2025-02,Tienda Online,Santa Fe,3,91620.0
2025-02-01,2025-02,Tiendas Físicas,Buenos Aires,7,262560.0
2025-02-01,2025-02,Tiendas Físicas,Córdoba,2,130680.0
2025-02-01,2025-02,Tiendas Físicas,Mendoza,6,116160.0
2025-02-01,2025-02,Tiendas Físicas,Santa Fe,4,200376.0
2025-02-02,2025-02,Tienda Online,Buenos Aires,5,136680.0
2025-02-02,2025-02,Tienda Online,Córdoba,1,19650.0
2025-02-02,2025-02,Tienda Online,Mendoza,1,34470.0
2025-02-02,2025-02,Tienda Online,Santa Fe,2,50190.0
2025-02-03,2025-02,Tienda Online,Buenos Aires,5,189093.0
2025-02-03,2025-02,Tienda Online,Córdoba,2,50190.0
2025-02-03,2025-02,Tienda Online,Mendoza,2,61680.0
2025-02-03,2025-02,Tienda Online,Santa Fe,2,32040.0
2025-02-03,2025-02,Tiendas Físicas,Buenos Aires,3,116160.0
2025-02-03,2025-02,Tiendas Físicas,Córdoba,1,18150.0
2025-02-03,2025-02,Tiendas Físicas,Mendoza,1,50820.0
2025-02-03,2025-02,Tiendas Físicas,Santa Fe,3,68970.0
2025-02-04,2025-02,Tienda Online,Buenos Aires,5,168150.0
2025-02-04,2025-02,Tienda Online,Mendoza,3,116130.0
2025-02-04,2025-02,Tienda Online,Santa Fe,1,37800.0
2025-02-04,2025-02,Tiendas Físicas,Buenos Aires,3,108900.0
2025-02-04,2025-02,Tiendas Físicas,Córdoba,2,47553.0
2025-02-04,2025-02,Tiendas Físicas,Mendoza,2,36300.0
2025-02-04,2025-02,Tiendas Físicas,Santa Fe,3,123420.0
2025-02-05,2025-02,Tienda Online,Buenos Aires,1,19350.0
2025-02-05,2025-02,Tienda Online,Córdoba,2,35670.0
2025-02-05,2025-02,Tienda Online,Mendoza,1,36285.0
2025-02-05,2025-02,Tienda Online,Santa Fe,2,249562.5
2025-02-05,2025-02,Tiendas Físicas,Buenos Aires,3,159720.0
2025-02-05,2025-02,Tiendas Físicas,Córdoba,2,32670.0
2025-02-05,2025-02,Tiendas Físicas,Santa Fe,2,105270.0
2025-02-06,2025-02,Tienda Online,Buenos Aires,7,146340.0
2025-02-06,2025-02,Tienda Online,Córdoba,1,19650.0
2025-02-06,2025-02,Tienda Online,Mendoza,2,39900.0
2025-02-06,2025-02,Tienda Online,Santa Fe,3,73470.0
2025-02-06,2025-02,Tiendas Físicas,Buenos Aires,6,247566.0
2025-02-06,2025-02,Tiendas Físicas,Córdoba,5,214170.0
2025-02-06,2025-02,Tiendas Físicas,Mendoza,3,116160.0
2025-02-06,2025-02,Tiendas Físicas,Santa Fe,2,87120.0
2025-02-07,2025-02,Tienda Online,Buenos Aires,3,122190.0
2025-02-07,2025-02,Tienda Online,Córdoba,3,150330.0
2025-02-07,2025-02,Tienda Online,Mendoza,2,96180.0
2025-02-07,2025-02,Tienda Online,Santa Fe,4,171480.0
2025-02-07,2025-02,Tiendas Físicas,Buenos Aires,4,90750.0
2025-02-07,2025-02,Tiendas Físicas,Córdoba,1,50820.0
2025-02-07,2025-02,Tiendas Físicas,Mendoza,3,78408.0
2025-02-07,2025-02,Tiendas Físicas,Santa Fe,3,116160.0
2025-02-08,2025-02,Tienda Online,Buenos Aires,3,108870.0
2025-02-08,2025-02,Tienda Online,Córdoba,1,16020.0
2025-02-08,2025-02,Tienda Online,Mendoza,4,126990.0
2025-02-08,2025-02,Tienda Online,Santa Fe,1,19650.0
2025-02-08,2025-02,Tiendas Físicas,Buenos Aires,5,188760.0
2025-02-08,2025-02,Tiendas Físicas,Córdoba,5,159720.0
2025-02-08,2025-02,Tiendas Físicas,Mendoza,1,54450.0
2025-02-08,2025-02,Tiendas Físicas,Santa Fe,2,65340.0
2025-02-09,2025-02,Tienda Online,Buenos Aires,3,72570.0
2025-02-09,2025-02,Tienda Online,Córdoba,3,87990.0
2025-02-09,2025-02,Tienda Online,Mendoza,3,130650.0
2025-02-09,2025-02,Tienda Online,Santa Fe,3,278058.0
2025-02-10,2025-02,Tienda Online,Buenos Aires,5,151200.0
2025-02-10,2025-02,Tienda Online,Córdoba,2,77730.0
2025-02-10,2025-02,Tienda Online,Santa Fe,2,53820.0
2025-02-10,2025-02,Tiendas Físicas,Buenos Aires,1,18150.0
2025-02-10,2025-02,Tiendas Físicas,Córdoba,4,84990.0
2025-02-10,2025-02,Tiendas Físicas,Mendoza,1,47190.0
2025-02-10,2025-02,Tiendas Físicas,Santa Fe,3,164076.0
2025-02-11,2025-02,Tienda Online,Buenos Aires,6,273672.0
2025-02-11,2025-02,Tienda Online,Córdoba,5,184596.0
2025-02-11,2025-02,Tienda Online,Mendoza,1,16320.0
2025-02-11,2025-02,Tienda Online,Santa Fe,2,33855.0
2025-02-11,2025-02,Tiendas Físicas,Buenos Aires,4,87120.0
2025-02-11,2025-02,Tiendas Físicas,Córdoba,3,50820.0
2025-02-11,2025-02,Tiendas Físicas,Mendoza,1,58080.0
2025-02-11,2025-02,Tiendas Físicas,Santa Fe,2,36300.0
2025-02-12,2025-02,Tienda Online,Buenos Aires,6,273420.0
2025-02-12,2025-02,Tienda Online,Córdoba,1,19650.0
2025-02-12,2025-02,Tienda Online,Mendoza,3,166950.0
2025-02-12,2025-02,Tienda Online,Santa Fe,1,30540.0
2025-02-12,2025-02,Tiendas Físicas,Buenos Aires,2,52020.0
2025-02-12,2025-02,Tiendas Físicas,Córdoba,1,47190.0
2025-02-12,2025-02,Tiendas Físicas,Mendoza,5,127050.0
2025-02-12,2025-02,Tiendas Físicas,Santa Fe,2,47190.0
2025-02-13,2025-02,Tienda Online,Buenos Aires,8,205620.0
2025-02-13,2025-02,Tienda Online,Mendoza,2,88920.0
2025-02-13,2025-02,Tienda Online,Santa Fe,1,45060.0
2025-02-13,2025-02,Tiendas Físicas,Buenos Aires,2,65340.0
2025-02-13,2025-02,Tiendas Físicas,Mendoza,2,47190.0
2025-02-13,2025-02,Tiendas Físicas,Santa Fe,4,101688.0
2025-02-14,2025-02,Tienda Online,Buenos Aires,8,341160.0
2025-02-14,2025-02,Tienda Online,Córdoba,3,95250.0
2025-02-14,2025-02,Tienda Online,Mendoza,2,247732.5
2025-02-14,2025-02,Tienda Online,Santa Fe,2,35670.0
2025-02-14,2025-02,Tiendas Físicas,Buenos Aires,1,18150.0
2025-02-14,2025-02,Tiendas Físicas,Córdoba,4,84990.0
2025-02-14,2025-02,Tiendas Físicas,Mendoza,4,143370.0
2025-02-14,2025-02,Tiendas Físicas,Santa Fe,2,36300.0
2025-02-15,2025-02,Tienda Online,Buenos Aires,9,364140.0
2025-02-15,2025-02,Tienda Online,Córdoba,1,19650.0
2025-02-15,2025-02,Tienda Online,Mendoza,1,58080.0
2025-02-15,2025-02,Tienda Online,Santa Fe,1,19650.0
2025-02-15,2025-02,Tiendas Físicas,Buenos Aires,6,203280.0
2025-02-15,2025-02,Tiendas Físicas,Córdoba,6,256278.0
2025-02-15,2025-02,Tiendas Físicas,Mendoza,5,250470.0
2025-02-15,2025-02,Tiendas Físicas,Santa Fe,5,217800.0
2025-02-16,2025-02,Tienda Online,Buenos Aires,8,279450.0
2025-02-16,2025-02,Tienda Online,Córdoba,4,180870.0
2025-02-16,2025-02,Tienda Online,Mendoza,3,52590.0
2025-02-16,2025-02,Tienda Online,Santa Fe,1,30540.0
2025-02-17,2025-02,Tienda Online,Buenos Aires,7,269538.0
2025-02-17,2025-02,Tienda Online,Córdoba,3,84360.0
2025-02-17,2025-02,Tienda Online,Mendoza,2,32640.0
2025-02-17,2025-02,Tienda Online,Santa Fe,3,102510.0
2025-02-17,2025-02,Tiendas Físicas,Buenos Aires,2,48390.0
2025-02-17,2025-02,Tiendas Físicas,Córdoba,1,29040.0
2025-02-17,2025-02,Tiendas Físicas,Santa Fe,4,105270.0
2025-02-18,2025-02,Tienda Online,Buenos Aires,12,351768.0
2025-02-18,2025-02,Tienda Online,Córdoba,5,128742.0
2025-02-18,2025-02,Tienda Online,Mendoza,4,125190.0
2025-02-18,2025-02,Tienda Online,Santa Fe,1,19650.0
2025-02-18,2025-02,Tiendas Físicas,Buenos Aires,3,65340.0
2025-02-18,2025-02,Tiendas Físicas,Córdoba,4,105270.0
2025-02-18,2025-02,Tiendas Físicas,Mendoza,3,87120.0
2025-02-18,2025-02,Tiendas Físicas,Santa Fe,2,29040.0
2025-02-19,2025-02,Tienda Online,Buenos Aires,5,172869.0
2025-02-19,2025-02,Tienda Online,Córdoba,1,34170.0
2025-02-19,2025-02,Tienda Online,Mendoza,2,47160.0
2025-02-19,2025-02,Tienda Online,Santa Fe,2,74100.0
2025-02-19,2025-02,Tiendas Físicas,Buenos Aires,3,105270.0
2025-02-19,2025-02,Tiendas Físicas,Córdoba,3,119790.0
2025-02-19,2025-02,Tiendas Físicas,Mendoza,1,18150.0
2025-02-19,2025-02,Tiendas Físicas,Santa Fe,1,47190.0
2025-02-20,2025-02,Tienda Online,Buenos Aires,4,151704.0
2025-02-20,2025-02,Tienda Online,Córdoba,2,93750.0
2025-02-20,2025-02,Tienda Online,Mendoza,1,48990.0
2025-02-20,2025-02,Tienda Online,Santa Fe,1,19650.0
2025-02-20,2025-02,Tiendas Físicas,Buenos Aires,3,83490.0
2025-02-20,2025-02,Tiendas Físicas,Córdoba,1,65340.0
2025-02-20,2025-02,Tiendas Físicas,Mendoza,1,47190.0
2025-02-20,2025-02,Tiendas Físicas,Santa Fe,1,18150.0
2025-02-21,2025-02,Tienda Online,Buenos Aires,6,174180.0
2025-02-21,2025-02,Tienda Online,Córdoba,4,156960.0
2025-02-21,2025-02,Tienda Online,Mendoza,1,19950.0
2025-02-21,2025-02,Tienda Online,Santa Fe,2,74100.0
2025-02-21,2025-02,Tiendas Físicas,Buenos Aires,3,217800.0
2025-02-21,2025-02,Tiendas Físicas,Córdoba,5,175329.0
2025-02-21,2025-02,Tiendas Físicas,Mendoza,1,58080.0
2025-02-21,2025-02,Tiendas Físicas,Santa Fe,4,105270.0
2025-02-22,2025-02,Tienda Online,Buenos Aires,5,157260.0
2025-02-22,2025-02,Tienda Online,Córdoba,4,89490.0
2025-02-22,2025-02,Tienda Online,Santa Fe,3,137310.0
2025-02-22,2025-02,Tiendas Físicas,Buenos Aires,7,188760.0
2025-02-22,2025-02,Tiendas Físicas,Córdoba,5,168480.0
2025-02-22,2025-02,Tiendas Físicas,Mendoza,3,92550.0
2025-02-22,2025-02,Tiendas Físicas,Santa Fe,3,145200.0
2025-02-23,2025-02,Tienda Online,Buenos Aires,3,97980.0
2025-02-23,2025-02,Tienda Online,Córdoba,5,182370.0
2025-02-23,2025-02,Tienda Online,Mendoza,3,81630.0
2025-02-23,2025-02,Tienda Online,Santa Fe,7,307338.0
2025-02-24,2025-02,Tienda Online,Buenos Aires,3,47160.0
2025-02-24,2025-02,Tienda Online,Córdoba,4,118530.0
2025-02-24,2025-02,Tienda Online,Mendoza,2,36270.0
2025-02-24,2025-02,Tienda Online,Santa Fe,1,45060.0
2025-02-24,2025-02,Tiendas Físicas,Buenos Aires,4,141570.0
2025-02-24,2025-02,Tiendas Físicas,Córdoba,2,213262.5
2025-02-24,2025-02,Tiendas Físicas,Mendoza,2,78771.0
2025-02-25,2025-02,Tienda Online,Buenos Aires,7,304275.0
2025-02-25,2025-02,Tienda Online,Córdoba,4,397629.0
2025-02-25,2025-02,Tienda Online,Mendoza,1,14868.0
2025-02-25,2025-02,Tienda Online,Santa Fe,5,216540.0
2025-02-25,2025-02,Tiendas Físicas,Buenos Aires,4,174240.0
2025-02-25,2025-02,Tiendas Físicas,Córdoba,5,127050.0
2025-02-25,2025-02,Tiendas Físicas,Mendoza,1,101640.0
2025-02-25,2025-02,Tiendas Físicas,Santa Fe,2,53724.0
2025-02-26,2025-02,Tienda Online,Buenos Aires,5,114900.0
2025-02-26,2025-02,Tienda Online,Córdoba,2,128550.0
2025-02-26,2025-02,Tienda Online,Mendoza,1,38100.0
2025-02-26,2025-02,Tienda Online,Santa Fe,2,117660.0
2025-02-26,2025-02,Tiendas Físicas,Córdoba,3,87120.0
2025-02-26,2025-02,Tiendas Físicas,Santa Fe,2,101640.0
2025-02-27,2025-02,Tienda Online,Buenos Aires,3,150030.0
2025-02-27,2025-02,Tienda Online,Córdoba,5,225930.0
2025-02-27,2025-02,Tienda Online,Mendoza,1,38100.0
2025-02-27,2025-02,Tienda Online,Santa Fe,3,58950.0
2025-02-27,2025-02,Tiendas Físicas,Buenos Aires,4,111078.0
2025-02-27,2025-02,Tiendas Físicas,Córdoba,3,78408.0
2025-02-27,2025-02,Tiendas Físicas,Mendoza,2,32670.0
2025-02-28,2025-02,Tienda Online,Buenos Aires,8,278220.0
2025-02-28,2025-02,Tienda Online,Córdoba,3,62580.0
2025-02-28,2025-02,Tienda Online,Mendoza,1,30840.0
2025-02-28,2025-02,Tienda Online,Santa Fe,5,229560.0
2025-02-28,2025-02,Tiendas Físicas,Buenos Aires,7,280962.0
2025-02-28,2025-02,Tiendas Físicas,Córdoba,1,29040.0
2025-02-28,2025-02,Tiendas Físicas,Mendoza,2,45738.0
2025-02-28,2025-02,Tiendas Físicas,Santa Fe,3,70470.0
2025-03-01,2025-03,Tienda Online,Buenos Aires,8,257599.5
2025-03-01,2025-03,Tienda Online,Córdoba,2,35670.0
2025-03-01,2025-03,Tienda Online,Mendoza,2,32640.0
2025-03-01,2025-03,Tiendas Físicas,Buenos Aires,11,337590.0
2025-03-01,2025-03,Tiendas Físicas,Córdoba,3,98010.0
2025-03-01,2025-03,Tiendas Físicas,Mendoza,7,192753.0
2025-03-01,2025-03,Tiendas Físicas,Santa Fe,4,81360.0
2025-03-02,2025-03,Tienda Online,Buenos Aires,4,141540.0
2025-03-02,2025-03,Tienda Online,Córdoba,4,177240.0
2025-03-02,2025-03,Tienda Online,Mendoza,4,97950.0
2025-03-02,2025-03,Tienda Online,Santa Fe,3,179370.0
2025-03-03,2025-03,Tienda Online,Buenos Aires,3,179070.0
2025-03-03,2025-03,Tienda Online,Córdoba,3,50964.0
2025-03-03,2025-03,Tienda Online,Mendoza,3,127020.0
2025-03-03,2025-03,Tienda Online,Santa Fe,3,78552.0
2025-03-03,2025-03,Tiendas Físicas,Buenos Aires,2,47190.0
2025-03-03,2025-03,Tiendas Físicas,Córdoba,2,76230.0
2025-03-03,2025-03,Tiendas Físicas,Mendoza,3,73326.0
2025-03-03,2025-03,Tiendas Físicas,Santa Fe,2,68970.0
2025-03-04,2025-03,Tienda Online,Buenos Aires,6,202020.0
2025-03-04,2025-03,Tienda Online,Córdoba,1,34170.0
2025-03-04,2025-03,Tienda Online,Mendoza,1,38100.0
2025-03-04,2025-03,Tienda Online,Santa Fe,1,16020.0
2025-03-04,2025-03,Tiendas Físicas,Buenos Aires,2,176418.0
2025-03-04,2025-03,Tiendas Físicas,Córdoba,1,58080.0
2025-03-04,2025-03,Tiendas Físicas,Santa Fe,1,18150.0
2025-03-05,2025-03,Tienda Online,Buenos Aires,5,290118.0
2025-03-05,2025-03,Tienda Online,Córdoba,2,79230.0
2025-03-05,2025-03,Tienda Online,Mendoza,2,47160.0
2025-03-05,2025-03,Tienda Online,Santa Fe,3,66210.0
2025-03-05,2025-03,Tiendas Físicas,Buenos Aires,3,76230.0
2025-03-05,2025-03,Tiendas Físicas,Córdoba,4,110715.0
2025-03-05,2025-03,Tiendas Físicas,Mendoza,1,54450.0
2025-03-05,2025-03,Tiendas Físicas,Santa Fe,1,18150.0
2025-03-06,2025-03,Tienda Online,Buenos Aires,8,296400.0
2025-03-06,2025-03,Tienda Online,Córdoba,4,111270.0
2025-03-06,2025-03,Tienda Online,Santa Fe,5,109140.0
2025-03-06,2025-03,Tiendas Físicas,Córdoba,4,134310.0
2025-03-06,2025-03,Tiendas Físicas,Mendoza,5,284940.0
2025-03-06,2025-03,Tiendas Físicas,Santa Fe,2,47190.0
2025-03-07,2025-03,Tienda Online,Buenos Aires,7,237090.0
2025-03-07,2025-03,Tienda Online,Córdoba,2,35670.0
2025-03-07,2025-03,Tienda Online,Mendoza,3,105240.0
2025-03-07,2025-03,Tienda Online,Santa Fe,2,32040.0
2025-03-07,2025-03,Tiendas Físicas,Buenos Aires,2,76230.0
2025-03-07,2025-03,Tiendas Físicas,Córdoba,2,43560.0
2025-03-07,2025-03,Tiendas Físicas,Mendoza,4,123420.0
2025-03-07,2025-03,Tiendas Físicas,Santa Fe,3,105270.0
2025-03-08,2025-03,Tienda Online,Buenos Aires,6,126264.0
2025-03-08,2025-03,Tienda Online,Córdoba,2,106770.0
2025-03-08,2025-03,Tienda Online,Santa Fe,1,16020.0
2025-03-08,2025-03,Tiendas Físicas,Buenos Aires,7,283140.0
2025-03-08,2025-03,Tiendas Físicas,Córdoba,3,77730.0
2025-03-08,2025-03,Tiendas Físicas,Mendoza,4,81675.0
2025-03-08,2025-03,Tiendas Físicas,Santa Fe,5,237402.0
2025-03-09,2025-03,Tienda Online,Buenos Aires,2,31440.0
2025-03-09,2025-03,Tienda Online,Córdoba,2,64710.0
2025-03-09,2025-03,Tienda Online,Mendoza,4,134250.0
2025-03-09,2025-03,Tienda Online,Santa Fe,3,69840.0
2025-03-10,2025-03,Tienda Online,Buenos Aires,3,118560.0
2025-03-10,2025-03,Tienda Online,Córdoba,4,96750.0
2025-03-10,2025-03,Tienda Online,Mendoza,1,30840.0
2025-03-10,2025-03,Tienda Online,Santa Fe,6,371760.0
2025-03-10,2025-03,Tiendas Físicas,Buenos Aires,4,170610.0
2025-03-10,2025-03,Tiendas Físicas,Córdoba,2,141570.0
2025-03-10,2025-03,Tiendas Físicas,Mendoza,1,14520.0
2025-03-10,2025-03,Tiendas Físicas,Santa Fe,1,18150.0
2025-03-11,2025-03,Tienda Online,Buenos Aires,5,127968.0
2025-03-11,2025-03,Tienda Online,Córdoba,2,372667.5
2025-03-11,2025-03,Tienda Online,Mendoza,3,100506.0
2025-03-11,2025-03,Tienda Online,Santa Fe,4,118530.0
2025-03-11,2025-03,Tiendas Físicas,Córdoba,2,32670.0
2025-03-11,2025-03,Tiendas Físicas,Mendoza,2,32670.0
2025-03-11,2025-03,Tiendas Físicas,Santa Fe,2,47190.0
2025-03-12,2025-03,Tienda Online,Buenos Aires,8,350124.0
2025-03-12,2025-03,Tienda Online,Córdoba,2,57450.0
2025-03-12,2025-03,Tienda Online,Mendoza,5,234090.0
2025-03-12,2025-03,Tienda Online,Santa Fe,3,148200.0
2025-03-12,2025-03,Tiendas Físicas,Buenos Aires,3,79860.0
2025-03-12,2025-03,Tiendas Físicas,Córdoba,4,88620.0
2025-03-12,2025-03,Tiendas Físicas,Mendoza,1,32670.0
2025-03-13,2025-03,Tienda Online,Córdoba,2,68340.0
2025-03-13,2025-03,Tienda Online,Mendoza,3,81630.0
2025-03-13,2025-03,Tienda Online,Santa Fe,3,66210.0
2025-03-13,2025-03,Tiendas Físicas,Buenos Aires,2,72600.0
2025-03-13,2025-03,Tiendas Físicas,Córdoba,1,88209.0
2025-03-13,2025-03,Tiendas Físicas,Santa Fe,2,43560.0
2025-03-14,2025-03,Tienda Online,Buenos Aires,2,35070.0
2025-03-14,2025-03,Tienda Online,Mendoza,3,74370.0
2025-03-14,2025-03,Tienda Online,Santa Fe,1,54450.0
2025-03-14,2025-03,Tiendas Físicas,Buenos Aires,5,210540.0
2025-03-14,2025-03,Tiendas Físicas,Córdoba,1,29040.0
2025-03-14,2025-03,Tiendas Físicas,Mendoza,1,36300.0
2025-03-14,2025-03,Tiendas Físicas,Santa Fe,2,83490.0
2025-03-15,2025-03,Tienda Online,Buenos Aires,3,50790.0
2025-03-15,2025-03,Tienda Online,Córdoba,1,19650.0
2025-03-15,2025-03,Tienda Online,Mendoza,2,50790.0
2025-03-15,2025-03,Tienda Online,Santa Fe,3,151830.0
2025-03-15,2025-03,Tiendas Físicas,Buenos Aires,4,182226.0
2025-03-15,2025-03,Tiendas Físicas,Córdoba,7,319440.0
2025-03-15,2025-03,Tiendas Físicas,Mendoza,1,68970.0
2025-03-15,2025-03,Tiendas Físicas,Santa Fe,3,119790.0
2025-03-16,2025-03,Tienda Online,Buenos Aires,2,60480.0
2025-03-16,2025-03,Tienda Online,Córdoba,2,79230.0
2025-03-16,2025-03,Tienda Online,Mendoza,2,36270.0
2025-03-16,2025-03,Tienda Online,Santa Fe,1,16020.0
2025-03-17,2025-03,Tienda Online,Buenos Aires,5,166950.0
2025-03-17,2025-03,Tienda Online,Córdoba,3,102510.0
2025-03-17,2025-03,Tienda Online,Mendoza,4,90690.0
2025-03-17,2025-03,Tienda Online,Santa Fe,3,146700.0
2025-03-17,2025-03,Tiendas Físicas,Córdoba,1,14520.0
2025-03-17,2025-03,Tiendas Físicas,Mendoza,1,18150.0
2025-03-18,2025-03,Tienda Online,Buenos Aires,6,202020.0
2025-03-18,2025-03,Tienda Online,Córdoba,3,55320.0
2025-03-18,2025-03,Tienda Online,Mendoza,3,81630.0
2025-03-18,2025-03,Tiendas Físicas,Buenos Aires,3,131880.0
2025-03-18,2025-03,Tiendas Físicas,Córdoba,1,65340.0
2025-03-18,2025-03,Tiendas Físicas,Santa Fe,1,14520.0
2025-03-19,2025-03,Tienda Online,Buenos Aires,5,178314.0
2025-03-19,2025-03,Tienda Online,Córdoba,1,19650.0
2025-03-19,2025-03,Tienda Online,Mendoza,2,52605.0
2025-03-19,2025-03,Tienda Online,Santa Fe,4,85860.0
2025-03-19,2025-03,Tiendas Físicas,Buenos Aires,4,169158.0
2025-03-19,2025-03,Tiendas Físicas,Mendoza,1,36300.0
2025-03-19,2025-03,Tiendas Físicas,Santa Fe,3,47190.0
2025-03-20,2025-03,Tienda Online,Buenos Aires,6,212910.0
2025-03-20,2025-03,Tienda Online,Córdoba,1,30540.0
2025-03-20,2025-03,Tienda Online,Mendoza,1,68970.0
2025-03-20,2025-03,Tiendas Físicas,Buenos Aires,2,73800.0
2025-03-20,2025-03,Tiendas Físicas,Córdoba,4,148830.0
2025-03-20,2025-03,Tiendas Físicas,Mendoza,1,14520.0
2025-03-20,2025-03,Tiendas Físicas,Santa Fe,3,111078.0
2025-03-21,2025-03,Tienda Online,Buenos Aires,4,127020.0
2025-03-21,2025-03,Tienda Online,Córdoba,1,98010.0
2025-03-21,2025-03,Tienda Online,Mendoza,1,45360.0
2025-03-21,2025-03,Tienda Online,Santa Fe,2,50190.0
2025-03-21,2025-03,Tiendas Físicas,Buenos Aires,2,49368.0
2025-03-21,2025-03,Tiendas Físicas,Córdoba,3,45738.0
2025-03-21,2025-03,Tiendas Físicas,Mendoza,3,137940.0
2025-03-22,2025-03,Tienda Online,Buenos Aires,8,158430.0
2025-03-22,2025-03,Tienda Online,Córdoba,1,16020.0
2025-03-22,2025-03,Tienda Online,Mendoza,1,19950.0
2025-03-22,2025-03,Tienda Online,Santa Fe,3,131550.0
2025-03-22,2025-03,Tiendas Físicas,Buenos Aires,8,159468.0
2025-03-22,2025-03,Tiendas Físicas,Córdoba,4,185130.0
2025-03-22,2025-03,Tiendas Físicas,Mendoza,3,116160.0
2025-03-22,2025-03,Tiendas Físicas,Santa Fe,4,140118.0
2025-03-23,2025-03,Tienda Online,Buenos Aires,2,71370.0
2025-03-23,2025-03,Tienda Online,Córdoba,4,113400.0
2025-03-23,2025-03,Tienda Online,Mendoza,1,48990.0
2025-03-24,2025-03,Tienda Online,Buenos Aires,5,82230.0
2025-03-24,2025-03,Tienda Online,Córdoba,2,32040.0
2025-03-24,2025-03,Tienda Online,Mendoza,1,76230.0
2025-03-24,2025-03,Tienda Online,Santa Fe,4,164220.0
2025-03-24,2025-03,Tiendas Físicas,Buenos Aires,2,72600.0
2025-03-24,2025-03,Tiendas Físicas,Córdoba,2,54450.0
2025-03-24,2025-03,Tiendas Físicas,Mendoza,2,50820.0
2025-03-24,2025-03,Tiendas Físicas,Santa Fe,1,36300.0
2025-03-25,2025-03,Tienda Online,Buenos Aires,5,144555.0
2025-03-25,2025-03,Tienda Online,Córdoba,4,156912.0
2025-03-25,2025-03,Tienda Online,Santa Fe,1,19650.0
2025-03-25,2025-03,Tiendas Físicas,Buenos Aires,2,65340.0
2025-03-25,2025-03,Tiendas Físicas,Córdoba,5,159720.0
2025-03-25,2025-03,Tiendas Físicas,Mendoza,1,29040.0
2025-03-26,2025-03,Tienda Online,Buenos Aires,2,110100.0
2025-03-26,2025-03,Tienda Online,Córdoba,1,68970.0
2025-03-26,2025-03,Tienda Online,Mendoza,2,72570.0
2025-03-26,2025-03,Tienda Online,Santa Fe,2,46560.0
2025-03-26,2025-03,Tiendas Físicas,Buenos Aires,1,29040.0
2025-03-26,2025-03,Tiendas Físicas,Córdoba,1,18150.0
2025-03-26,2025-03,Tiendas Físicas,Santa Fe,2,30855.0
2025-03-27,2025-03,Tienda Online,Buenos Aires,2,131880.0
2025-03-27,2025-03,Tienda Online,Córdoba,2,88620.0
2025-03-27,2025-03,Tienda Online,Mendoza,3,81630.0
2025-03-27,2025-03,Tienda Online,Santa Fe,2,53820.0
2025-03-27,2025-03,Tiendas Físicas,Buenos Aires,2,43560.0
2025-03-27,2025-03,Tiendas Físicas,Córdoba,1,29040.0
2025-03-27,2025-03,Tiendas Físicas,Mendoza,3,156090.0
2025-03-27,2025-03,Tiendas Físicas,Santa Fe,1,58080.0
2025-03-28,2025-03,Tienda Online,Buenos Aires,4,162120.0
2025-03-28,2025-03,Tienda Online,Córdoba,3,102510.0
2025-03-28,2025-03,Tienda Online,Mendoza,2,97980.0
2025-03-28,2025-03,Tiendas Físicas,Buenos Aires,4,119790.0
2025-03-28,2025-03,Tiendas Físicas,Córdoba,1,14520.0
2025-03-28,2025-03,Tiendas Físicas,Mendoza,2,58080.0
2025-03-28,2025-03,Tiendas Físicas,Santa Fe,5,151371.0
2025-03-29,2025-03,Tienda Online,Buenos Aires,6,194760.0
2025-03-29,2025-03,Tienda Online,Córdoba,1,72600.0
2025-03-29,2025-03,Tienda Online,Santa Fe,1,30540.0
2025-03-29,2025-03,Tiendas Físicas,Buenos Aires,2,72963.0
2025-03-29,2025-03,Tiendas Físicas,Córdoba,3,87120.0
2025-03-29,2025-03,Tiendas Físicas,Mendoza,2,68970.0
2025-03-29,2025-03,Tiendas Físicas,Santa Fe,1,47190.0
2025-03-30,2025-03,Tienda Online,Buenos Aires,7,221370.0
2025-03-30,2025-03,Tienda Online,Córdoba,2,79230.0
2025-03-30,2025-03,Tienda Online,Mendoza,2,113059.5
2025-03-30,2025-03,Tienda Online,Santa Fe,2,45108.0
2025-03-31,2025-03,Tienda Online,Buenos Aires,1,87120.0
2025-03-31,2025-03,Tienda Online,Córdoba,1,30540.0
2025-03-31,2025-03,Tienda Online,Mendoza,3,92520.0
2025-03-31,2025-03,Tienda Online,Santa Fe,2,117660.0
2025-03-31,2025-03,Tiendas Físicas,Buenos Aires,3,91950.0
2025-03-31,2025-03,Tiendas Físicas,Córdoba,1,58080.0
2025-03-31,2025-03,Tiendas Físicas,Mendoza,1,29040.0
2025-03-31,2025-03,Tiendas Físicas,Santa Fe,2,47190.0
2025-04-01,2025-04,Tienda Online,Buenos Aires,6,121908.0
2025-04-01,2025-04,Tienda Online,Córdoba,1,16020.0
2025-04-01,2025-04,Tienda Online,Mendoza,3,110670.0
2025-04-01,2025-04,Tienda Online,Santa Fe,1,19650.0
2025-04-01,2025-04,Tiendas Físicas,Buenos Aires,1,18150.0
2025-04-01,2025-04,Tiendas Físicas,Córdoba,1,18150.0
2025-04-01,2025-04,Tiendas Físicas,Mendoza,1,76230.0
2025-04-01,2025-04,Tiendas Físicas,Santa Fe,2,72600.0
2025-04-02,2025-04,Tienda Online,Buenos Aires,8,436296.0
2025-04-02,2025-04,Tienda Online,Córdoba,3,109770.0
2025-04-02,2025-04,Tienda Online,Santa Fe,2,35670.0
2025-04-02,2025-04,Tiendas Físicas,Buenos Aires,4,159720.0
2025-04-02,2025-04,Tiendas Físicas,Córdoba,3,79860.0
2025-04-03,2025-04,Tienda Online,Buenos Aires,2,49590.0
2025-04-03,2025-04,Tienda Online,Córdoba,2,32040.0
2025-04-03,2025-04,Tienda Online,Mendoza,1,29388.0
2025-04-03,2025-04,Tienda Online,Santa Fe,1,37800.0
2025-04-03,2025-04,Tiendas Físicas,Buenos Aires,6,287970.0
2025-04-03,2025-04,Tiendas Físicas,Córdoba,2,65340.0
2025-04-03,2025-04,Tiendas Físicas,Mendoza,1,76230.0
2025-04-03,2025-04,Tiendas Físicas,Santa Fe,2,69018.0
2025-04-04,2025-04,Tienda Online,Buenos Aires,4,165750.0
2025-04-04,2025-04,Tienda Online,Córdoba,1,72600.0
2025-04-04,2025-04,Tienda Online,Mendoza,1,76230.0
2025-04-04,2025-04,Tienda Online,Santa Fe,3,62580.0
2025-04-04,2025-04,Tiendas Físicas,Buenos Aires,3,76230.0
2025-04-04,2025-04,Tiendas Físicas,Córdoba,2,68970.0
2025-04-04,2025-04,Tiendas Físicas,Mendoza,1,75141.0
2025-04-04,2025-04,Tiendas Físicas,Santa Fe,3,72600.0
2025-04-05,2025-04,Tienda Online,Buenos Aires,4,139110.0
2025-04-05,2025-04,Tienda Online,Córdoba,2,50190.0
2025-04-05,2025-04,Tienda Online,Santa Fe,3,101010.0
2025-04-05,2025-04,Tiendas Físicas,Buenos Aires,2,106470.0
2025-04-05,2025-04,Tiendas Físicas,Córdoba,1,19650.0
2025-04-05,2025-04,Tiendas Físicas,Santa Fe,2,79860.0
2025-04-06,2025-04,Tienda Online,Buenos Aires,7,166920.0
2025-04-06,2025-04,Tienda Online,Córdoba,6,121530.0
2025-04-06,2025-04,Tienda Online,Mendoza,1,38100.0
2025-04-06,2025-04,Tienda Online,Santa Fe,3,113400.0
2025-04-07,2025-04,Tienda Online,Buenos Aires,3,79830.0
2025-04-07,2025-04,Tienda Online,Córdoba,1,34170.0
2025-04-07,2025-04,Tienda Online,Mendoza,1,74052.0
2025-04-07,2025-04,Tienda Online,Santa Fe,1,45060.0
2025-04-07,2025-04,Tiendas Físicas,Córdoba,2,65340.0
2025-04-07,2025-04,Tiendas Físicas,Santa Fe,1,32670.0
2025-04-08,2025-04,Tienda Online,Buenos Aires,5,187500.0
2025-04-08,2025-04,Tienda Online,Córdoba,5,258600.0
2025-04-08,2025-04,Tienda Online,Mendoza,2,49338.0
2025-04-08,2025-04,Tienda Online,Santa Fe,7,194493.0
2025-04-08,2025-04,Tiendas Físicas,Buenos Aires,3,134310.0
2025-04-08,2025-04,Tiendas Físicas,Córdoba,6,181500.0
2025-04-08,2025-04,Tiendas Físicas,Santa Fe,1,29040.0
2025-04-09,2025-04,Tienda Online,Buenos Aires,4,99180.0
2025-04-09,2025-04,Tienda Online,Córdoba,3,77100.0
2025-04-09,2025-04,Tienda Online,Santa Fe,6,325440.0
2025-04-09,2025-04,Tiendas Físicas,Córdoba,1,29040.0
2025-04-09,2025-04,Tiendas Físicas,Mendoza,2,34485.0
2025-04-10,2025-04,Tienda Online,Buenos Aires,8,241920.0
2025-04-10,2025-04,Tienda Online,Córdoba,3,95250.0
2025-04-10,2025-04,Tienda Online,Santa Fe,2,88620.0
2025-04-10,2025-04,Tiendas Físicas,Buenos Aires,3,61710.0
2025-04-10,2025-04,Tiendas Físicas,Córdoba,1,18150.0
2025-04-10,2025-04,Tiendas Físicas,Mendoza,1,14520.0
2025-04-11,2025-04,Tienda Online,Buenos Aires,7,246780.0
2025-04-11,2025-04,Tienda Online,Córdoba,4,82230.0
2025-04-11,2025-04,Tienda Online,Santa Fe,1,48690.0
2025-04-11,2025-04,Tiendas Físicas,Buenos Aires,2,112530.0
2025-04-11,2025-04,Tiendas Físicas,Córdoba,2,58080.0
2025-04-11,2025-04,Tiendas Físicas,Mendoza,1,29040.0
2025-04-11,2025-04,Tiendas Físicas,Santa Fe,2,94380.0
2025-04-12,2025-04,Tienda Online,Buenos Aires,2,53220.0
2025-04-12,2025-04,Tienda Online,Córdoba,3,137310.0
2025-04-12,2025-04,Tienda Online,Mendoza,3,126112.5
2025-04-12,2025-04,Tienda Online,Santa Fe,3,104640.0
2025-04-12,2025-04,Tiendas Físicas,Buenos Aires,3,99210.0
2025-04-12,2025-04,Tiendas Físicas,Mendoza,2,50820.0
2025-04-12,2025-04,Tiendas Físicas,Santa Fe,1,14520.0
2025-04-13,2025-04,Tienda Online,Buenos Aires,4,102810.0
2025-04-13,2025-04,Tienda Online,Córdoba,2,121290.0
2025-04-13,2025-04,Tienda Online,Mendoza,4,97950.0
2025-04-13,2025-04,Tienda Online,Santa Fe,3,137310.0
2025-04-14,2025-04,Tienda Online,Buenos Aires,7,263730.0
2025-04-14,2025-04,Tienda Online,Córdoba,1,30540.0
2025-04-14,2025-04,Tienda Online,Mendoza,1,48990.0
2025-04-14,2025-04,Tienda Online,Santa Fe,4,148200.0
2025-04-14,2025-04,Tiendas Físicas,Buenos Aires,5,216711.0
2025-04-14,2025-04,Tiendas Físicas,Córdoba,3,81675.0
2025-04-14,2025-04,Tiendas Físicas,Mendoza,1,14520.0
2025-04-14,2025-04,Tiendas Físicas,Santa Fe,3,47190.0
2025-04-15,2025-04,Tienda Online,Buenos Aires,8,309579.0
2025-04-15,2025-04,Tienda Online,Córdoba,2,53820.0
2025-04-15,2025-04,Tienda Online,Mendoza,1,38100.0
2025-04-15,2025-04,Tienda Online,Santa Fe,3,144570.0
2025-04-15,2025-04,Tiendas Físicas,Buenos Aires,3,79860.0
2025-04-15,2025-04,Tiendas Físicas,Córdoba,2,108900.0
2025-04-15,2025-04,Tiendas Físicas,Santa Fe,2,68970.0
2025-04-16,2025-04,Tienda Online,Buenos Aires,4,179947.5
2025-04-16,2025-04,Tienda Online,Córdoba,1,19650.0
2025-04-16,2025-04,Tienda Online,Santa Fe,2,65980.5
2025-04-16,2025-04,Tiendas Físicas,Buenos Aires,5,116160.0
2025-04-16,2025-04,Tiendas Físicas,Córdoba,3,101640.0
2025-04-17,2025-04,Tienda Online,Buenos Aires,3,107670.0
2025-04-17,2025-04,Tienda Online,Córdoba,4,271305.0
2025-04-17,2025-04,Tienda Online,Mendoza,1,61710.0
2025-04-17,2025-04,Tienda Online,Santa Fe,3,93750.0
2025-04-17,2025-04,Tiendas Físicas,Buenos Aires,2,76230.0
2025-04-18,2025-04,Tienda Online,Buenos Aires,4,99180.0
2025-04-18,2025-04,Tienda Online,Córdoba,1,15294.0
2025-04-18,2025-04,Tienda Online,Mendoza,1,16320.0
2025-04-18,2025-04,Tienda Online,Santa Fe,2,63076.5
2025-04-18,2025-04,Tiendas Físicas,Córdoba,4,166980.0
2025-04-19,2025-04,Tienda Online,Buenos Aires,2,85890.0
2025-04-19,2025-04,Tienda Online,Mendoza,3,88890.0
2025-04-19,2025-04,Tienda Online,Santa Fe,3,144570.0
2025-04-19,2025-04,Tiendas Físicas,Buenos Aires,5,154638.0
2025-04-19,2025-04,Tiendas Físicas,Córdoba,3,79860.0
2025-04-19,2025-04,Tiendas Físicas,Mendoza,2,29040.0
2025-04-19,2025-04,Tiendas Físicas,Santa Fe,5,123105.0
2025-04-20,2025-04,Tienda Online,Buenos Aires,2,64110.0
2025-04-20,2025-04,Tienda Online,Córdoba,3,122790.0
2025-04-20,2025-04,Tienda Online,Mendoza,1,19950.0
2025-04-20,2025-04,Tienda Online,Santa Fe,4,136680.0
2025-04-21,2025-04,Tienda Online,Buenos Aires,2,78630.0
2025-04-21,2025-04,Tienda Online,Córdoba,2,84990.0
2025-04-21,2025-04,Tienda Online,Mendoza,1,16320.0
2025-04-21,2025-04,Tienda Online,Santa Fe,5,178110.0
2025-04-21,2025-04,Tiendas Físicas,Buenos Aires,3,134310.0
2025-04-21,2025-04,Tiendas Físicas,Córdoba,2,32670.0
2025-04-21,2025-04,Tiendas Físicas,Mendoza,3,65340.0
2025-04-21,2025-04,Tiendas Físicas,Santa Fe,2,61710.0
2025-04-22,2025-04,Tienda Online,Buenos Aires,7,202131.0
2025-04-22,2025-04,Tienda Online,Córdoba,3,77826.0
2025-04-22,2025-04,Tienda Online,Mendoza,2,76200.0
2025-04-22,2025-04,Tienda Online,Santa Fe,4,191808.0
2025-04-22,2025-04,Tiendas Físicas,Buenos Aires,1,18150.0
2025-04-22,2025-04,Tiendas Físicas,Mendoza,1,18150.0
2025-04-23,2025-04,Tienda Online,Buenos Aires,6,181440.0
2025-04-23,2025-04,Tienda Online,Córdoba,2,95880.0
2025-04-23,2025-04,Tienda Online,Mendoza,1,16320.0
2025-04-23,2025-04,Tiendas Físicas,Buenos Aires,2,119790.0
2025-04-23,2025-04,Tiendas Físicas,Córdoba,2,32670.0
2025-04-23,2025-04,Tiendas Físicas,Mendoza,3,81660.0
2025-04-23,2025-04,Tiendas Físicas,Santa Fe,1,18150.0
2025-04-24,2025-04,Tienda Online,Buenos Aires,3,83460.0
2025-04-24,2025-04,Tienda Online,Córdoba,3,91620.0
2025-04-24,2025-04,Tiendas Físicas,Buenos Aires,1,50820.0
2025-04-24,2025-04,Tiendas Físicas,Córdoba,1,65340.0
2025-04-24,2025-04,Tiendas Físicas,Santa Fe,1,14520.0
2025-04-25,2025-04,Tienda Online,Buenos Aires,3,136710.0
2025-04-25,2025-04,Tienda Online,Córdoba,3,158134.5
2025-04-25,2025-04,Tienda Online,Mendoza,1,19950.0
2025-04-25,2025-04,Tienda Online,Santa Fe,3,147292.5
2025-04-25,2025-04,Tiendas Físicas,Buenos Aires,1,54450.0
2025-04-25,2025-04,Tiendas Físicas,Córdoba,1,14520.0
2025-04-25,2025-04,Tiendas Físicas,Mendoza,2,29040.0
2025-04-26,2025-04,Tienda Online,Buenos Aires,2,60480.0
2025-04-26,2025-04,Tienda Online,Córdoba,4,138810.0
2025-04-26,2025-04,Tienda Online,Mendoza,1,16320.0
2025-04-26,2025-04,Tienda Online,Santa Fe,1,37800.0
2025-04-26,2025-04,Tiendas Físicas,Buenos Aires,5,181500.0
2025-04-26,2025-04,Tiendas Físicas,Córdoba,3,68970.0
2025-04-26,2025-04,Tiendas Físicas,Mendoza,3,159720.0
2025-04-26,2025-04,Tiendas Físicas,Santa Fe,3,108900.0
2025-04-27,2025-04,Tienda Online,Buenos Aires,3,133080.0
2025-04-27,2025-04,Tienda Online,Mendoza,3,92520.0
2025-04-27,2025-04,Tienda Online,Santa Fe,1,30540.0
2025-04-28,2025-04,Tienda Online,Buenos Aires,4,159690.0
2025-04-28,2025-04,Tienda Online,Córdoba,1,19650.0
2025-04-28,2025-04,Tienda Online,Mendoza,1,34470.0
2025-04-28,2025-04,Tienda Online,Santa Fe,3,69114.0
2025-04-28,2025-04,Tiendas Físicas,Buenos Aires,1,50820.0
2025-04-28,2025-04,Tiendas Físicas,Córdoba,1,14520.0
2025-04-28,2025-04,Tiendas Físicas,Mendoza,1,47190.0
2025-04-29,2025-04,Tienda Online,Buenos Aires,5,182670.0
2025-04-29,2025-04,Tienda Online,Córdoba,1,72600.0
2025-04-29,2025-04,Tienda Online,Mendoza,1,30840.0
2025-04-29,2025-04,Tienda Online,Santa Fe,1,62073.0
2025-04-29,2025-04,Tiendas Físicas,Buenos Aires,2,72600.0
2025-04-29,2025-04,Tiendas Físicas,Córdoba,3,90750.0
2025-04-29,2025-04,Tiendas Físicas,Mendoza,2,65340.0
2025-04-29,2025-04,Tiendas Físicas,Santa Fe,5,123420.0
2025-04-30,2025-04,Tienda Online,Córdoba,1,18742.5
2025-04-30,2025-04,Tienda Online,Santa Fe,3,73470.0
2025-04-30,2025-04,Tiendas Físicas,Buenos Aires,4,105270.0
2025-04-30,2025-04,Tiendas Físicas,Córdoba,1,32670.0
2025-04-30,2025-04,Tiendas Físicas,Mendoza,1,32670.0
2025-04-30,2025-04,Tiendas Físicas,Santa Fe,4,169158.0
2025-05-01,2025-05,Tienda Online,Buenos Aires,4,135006.0
2025-05-01,2025-05,Tienda Online,Córdoba,5,196890.0
2025-05-01,2025-05,Tienda Online,Mendoza,2,74400.0
2025-05-01,2025-05,Tienda Online,Santa Fe,2,77730.0
2025-05-02,2025-05,Tienda Online,Buenos Aires,4,84660.0
2025-05-02,2025-05,Tienda Online,Córdoba,3,215670.0
2025-05-02,2025-05,Tienda Online,Santa Fe,2,61080.0
2025-05-02,2025-05,Tiendas Físicas,Buenos Aires,1,14520.0
2025-05-02,2025-05,Tiendas Físicas,Mendoza,3,148830.0
2025-05-02,2025-05,Tiendas Físicas,Santa Fe,4,148830.0
2025-05-03,2025-05,Tienda Online,Buenos Aires,2,99210.0
2025-05-03,2025-05,Tienda Online,Córdoba,1,19650.0
2025-05-03,2025-05,Tienda Online,Mendoza,1,19950.0
2025-05-03,2025-05,Tienda Online,Santa Fe,2,64710.0
2025-05-03,2025-05,Tiendas Físicas,Buenos Aires,4,188760.0
2025-05-03,2025-05,Tiendas Físicas,Córdoba,3,98010.0
2025-05-03,2025-05,Tiendas Físicas,Santa Fe,1,36300.0
2025-05-04,2025-05,Tienda Online,Buenos Aires,5,199620.0
2025-05-04,2025-05,Tienda Online,Córdoba,4,93120.0
2025-05-04,2025-05,Tienda Online,Mendoza,2,36270.0
2025-05-04,2025-05,Tienda Online,Santa Fe,3,83634.0
2025-05-05,2025-05,Tienda Online,Buenos Aires,5,129420.0
2025-05-05,2025-05,Tienda Online,Córdoba,2,39300.0
2025-05-05,2025-05,Tienda Online,Mendoza,3,98872.5
2025-05-05,2025-05,Tienda Online,Santa Fe,2,74100.0
2025-05-05,2025-05,Tiendas Físicas,Buenos Aires,1,36300.0
2025-05-05,2025-05,Tiendas Físicas,Córdoba,1,29040.0
2025-05-05,2025-05,Tiendas Físicas,Mendoza,1,29040.0
2025-05-05,2025-05,Tiendas Físicas,Santa Fe,3,87120.0
2025-05-06,2025-05,Tienda Online,Buenos Aires,8,292740.0
2025-05-06,2025-05,Tienda Online,Córdoba,4,122160.0
2025-05-06,2025-05,Tienda Online,Mendoza,2,54420.0
2025-05-06,2025-05,Tienda Online,Santa Fe,4,202650.0
2025-05-06,2025-05,Tiendas Físicas,Buenos Aires,5,221430.0
2025-05-06,2025-05,Tiendas Físicas,Córdoba,1,79860.0
2025-05-06,2025-05,Tiendas Físicas,Mendoza,2,83490.0
2025-05-06,2025-05,Tiendas Físicas,Santa Fe,3,94380.0
2025-05-07,2025-05,Tienda Online,Buenos Aires,7,301230.0
2025-05-07,2025-05,Tienda Online,Córdoba,1,49779.0
2025-05-07,2025-05,Tienda Online,Mendoza,1,16320.0
2025-05-07,2025-05,Tienda Online,Santa Fe,1,48690.0
2025-05-07,2025-05,Tiendas Físicas,Buenos Aires,1,43560.0
2025-05-07,2025-05,Tiendas Físicas,Córdoba,2,87120.0
2025-05-08,2025-05,Tienda Online,Buenos Aires,4,70140.0
2025-05-08,2025-05,Tienda Online,Córdoba,2,71970.0
2025-05-08,2025-05,Tienda Online,Mendoza,1,19950.0
2025-05-08,2025-05,Tienda Online,Santa Fe,3,199020.0
2025-05-08,2025-05,Tiendas Físicas,Buenos Aires,2,72600.0
2025-05-08,2025-05,Tiendas Físicas,Córdoba,2,32670.0
2025-05-08,2025-05,Tiendas Físicas,Mendoza,1,14520.0
2025-05-08,2025-05,Tiendas Físicas,Santa Fe,2,130680.0
2025-05-09,2025-05,Tienda Online,Buenos Aires,5,154830.0
2025-05-09,2025-05,Tienda Online,Córdoba,3,84360.0
2025-05-09,2025-05,Tienda Online,Mendoza,1,116160.0
2025-05-09,2025-05,Tienda Online,Santa Fe,1,16020.0
2025-05-09,2025-05,Tiendas Físicas,Buenos Aires,6,137940.0
2025-05-09,2025-05,Tiendas Físicas,Córdoba,2,76230.0
2025-05-09,2025-05,Tiendas Físicas,Santa Fe,3,123420.0
2025-05-10,2025-05,Tienda Online,Buenos Aires,3,68032.5
2025-05-10,2025-05,Tienda Online,Córdoba,1,16020.0
2025-05-10,2025-05,Tienda Online,Mendoza,3,99780.0
2025-05-10,2025-05,Tiendas Físicas,Buenos Aires,3,132495.0
2025-05-10,2025-05,Tiendas Físicas,Córdoba,4,101640.0
2025-05-10,2025-05,Tiendas Físicas,Mendoza,3,78408.0
2025-05-10,2025-05,Tiendas Físicas,Santa Fe,3,90750.0
2025-05-11,2025-05,Tienda Online,Buenos Aires,5,118530.0
2025-05-11,2025-05,Tienda Online,Córdoba,2,106770.0
2025-05-11,2025-05,Tienda Online,Mendoza,1,30840.0
2025-05-11,2025-05,Tienda Online,Santa Fe,4,171480.0
2025-05-12,2025-05,Tienda Online,Buenos Aires,14,333960.0
2025-05-12,2025-05,Tienda Online,Córdoba,8,191664.0
2025-05-12,2025-05,Tienda Online,Mendoza,3,127776.0
2025-05-12,2025-05,Tienda Online,Santa Fe,7,168432.0
2025-05-12,2025-05,Tiendas Físicas,Buenos Aires,1,16335.0
2025-05-12,2025-05,Tiendas Físicas,Córdoba,1,16335.0
2025-05-12,2025-05,Tiendas Físicas,Mendoza,2,52620.0
2025-05-12,2025-05,Tiendas Físicas,Santa Fe,2,83490.0
2025-05-13,2025-05,Tienda Online,Buenos Aires,25,633435.0
2025-05-13,2025-05,Tienda Online,Córdoba,12,371712.0
2025-05-13,2025-05,Tienda Online,Mendoza,4,119064.0
2025-05-13,2025-05,Tienda Online,Santa Fe,9,203280.0
2025-05-13,2025-05,Tiendas Físicas,Buenos Aires,1,16335.0
2025-05-13,2025-05,Tiendas Físicas,Córdoba,1,14520.0
2025-05-13,2025-05,Tiendas Físicas,Santa Fe,2,73326.0
2025-05-14,2025-05,Tienda Online,Buenos Aires,18,386232.0
2025-05-14,2025-05,Tienda Online,Córdoba,9,232320.0
2025-05-14,2025-05,Tienda Online,Mendoza,2,26136.0
2025-05-14,2025-05,Tienda Online,Santa Fe,10,339768.0
2025-05-14,2025-05,Tiendas Físicas,Buenos Aires,5,158379.0
2025-05-14,2025-05,Tiendas Físicas,Mendoza,1,32670.0
2025-05-14,2025-05,Tiendas Físicas,Santa Fe,2,130680.0
2025-05-15,2025-05,Tienda Online,Buenos Aires,4,73770.0
2025-05-15,2025-05,Tienda Online,Córdoba,2,57450.0
2025-05-15,2025-05,Tienda Online,Mendoza,2,50790.0
2025-05-15,2025-05,Tienda Online,Santa Fe,1,16020.0
2025-05-15,2025-05,Tiendas Físicas,Buenos Aires,2,54450.0
2025-05-15,2025-05,Tiendas Físicas,Córdoba,2,76230.0
2025-05-15,2025-05,Tiendas Físicas,Mendoza,1,47190.0
2025-05-15,2025-05,Tiendas Físicas,Santa Fe,3,60258.0
2025-05-16,2025-05,Tienda Online,Buenos Aires,5,170580.0
2025-05-16,2025-05,Tienda Online,Córdoba,1,30540.0
2025-05-16,2025-05,Tienda Online,Mendoza,1,16320.0
2025-05-16,2025-05,Tienda Online,Santa Fe,1,30540.0
2025-05-16,2025-05,Tiendas Físicas,Buenos Aires,2,29040.0
2025-05-16,2025-05,Tiendas Físicas,Córdoba,1,18150.0
2025-05-16,2025-05,Tiendas Físicas,Mendoza,4,199650.0
2025-05-16,2025-05,Tiendas Físicas,Santa Fe,4,105270.0
2025-05-17,2025-05,Tienda Online,Buenos Aires,3,89520.0
2025-05-17,2025-05,Tienda Online,Córdoba,1,45060.0
2025-05-17,2025-05,Tienda Online,Mendoza,2,72570.0
2025-05-17,2025-05,Tienda Online,Santa Fe,1,54450.0
2025-05-17,2025-05,Tiendas Físicas,Buenos Aires,5,110100.0
2025-05-17,2025-05,Tiendas Físicas,Córdoba,4,188760.0
2025-05-17,2025-05,Tiendas Físicas,Mendoza,2,76230.0
2025-05-17,2025-05,Tiendas Físicas,Santa Fe,4,198561.0
2025-05-18,2025-05,Tienda Online,Buenos Aires,5,140310.0
2025-05-18,2025-05,Tienda Online,Córdoba,2,35670.0
2025-05-18,2025-05,Tienda Online,Santa Fe,2,50190.0
2025-05-19,2025-05,Tienda Online,Buenos Aires,7,307290.0
2025-05-19,2025-05,Tienda Online,Córdoba,2,70470.0
2025-05-19,2025-05,Tienda Online,Mendoza,1,34470.0
2025-05-19,2025-05,Tienda Online,Santa Fe,1,54450.0
2025-05-19,2025-05,Tiendas Físicas,Buenos Aires,1,36300.0
2025-05-19,2025-05,Tiendas Físicas,Córdoba,1,72600.0
2025-05-19,2025-05,Tiendas Físicas,Mendoza,1,16320.0
2025-05-20,2025-05,Tienda Online,Buenos Aires,4,137910.0
2025-05-20,2025-05,Tienda Online,Córdoba,3,230190.0
2025-05-20,2025-05,Tienda Online,Mendoza,2,39900.0
2025-05-20,2025-05,Tienda Online,Santa Fe,3,62580.0
2025-05-20,2025-05,Tiendas Físicas,Buenos Aires,3,74526.0
2025-05-20,2025-05,Tiendas Físicas,Santa Fe,3,82038.0
2025-05-21,2025-05,Tienda Online,Buenos Aires,4,122664.0
2025-05-21,2025-05,Tienda Online,Córdoba,1,52320.0
2025-05-21,2025-05,Tienda Online,Mendoza,4,72540.0
2025-05-21,2025-05,Tienda Online,Santa Fe,2,32040.0
2025-05-21,2025-05,Tiendas Físicas,Buenos Aires,2,50820.0
2025-05-21,2025-05,Tiendas Físicas,Córdoba,3,78408.0
2025-05-21,2025-05,Tiendas Físicas,Mendoza,1,87120.0
2025-05-21,2025-05,Tiendas Físicas,Santa Fe,1,43560.0
2025-05-22,2025-05,Tienda Online,Buenos Aires,5,150000.0
2025-05-22,2025-05,Tienda Online,Mendoza,3,56220.0
2025-05-22,2025-05,Tienda Online,Santa Fe,4,96750.0
2025-05-22,2025-05,Tiendas Físicas,Buenos Aires,1,18150.0
2025-05-22,2025-05,Tiendas Físicas,Córdoba,4,143070.0
2025-05-22,2025-05,Tiendas Físicas,Mendoza,2,47190.0
2025-05-22,2025-05,Tiendas Físicas,Santa Fe,2,112530.0
2025-05-23,2025-05,Tienda Online,Buenos Aires,1,72600.0
2025-05-23,2025-05,Tienda Online,Córdoba,3,177240.0
2025-05-23,2025-05,Tienda Online,Mendoza,2,99810.0
2025-05-23,2025-05,Tienda Online,Santa Fe,1,19650.0
2025-05-23,2025-05,Tiendas Físicas,Buenos Aires,2,68970.0
2025-05-23,2025-05,Tiendas Físicas,Córdoba,2,88620.0
2025-05-24,2025-05,Tienda Online,Buenos Aires,2,60480.0
2025-05-24,2025-05,Tienda Online,Córdoba,1,68970.0
2025-05-24,2025-05,Tienda Online,Santa Fe,3,220800.0
2025-05-24,2025-05,Tiendas Físicas,Buenos Aires,1,14520.0
2025-05-24,2025-05,Tiendas Físicas,Córdoba,5,202191.0
2025-05-24,2025-05,Tiendas Físicas,Mendoza,2,94380.0
2025-05-24,2025-05,Tiendas Físicas,Santa Fe,4,300201.0
2025-05-25,2025-05,Tienda Online,Buenos Aires,4,130650.0
2025-05-25,2025-05,Tienda Online,Córdoba,2,53820.0
2025-05-25,2025-05,Tienda Online,Mendoza,2,83460.0
2025-05-25,2025-05,Tienda Online,Santa Fe,1,45060.0
2025-05-26,2025-05,Tienda Online,Buenos Aires,5,169350.0
2025-05-26,2025-05,Tienda Online,Mendoza,1,54450.0
2025-05-26,2025-05,Tienda Online,Santa Fe,2,61080.0
2025-05-26,2025-05,Tiendas Físicas,Córdoba,4,98010.0
2025-05-26,2025-05,Tiendas Físicas,Santa Fe,2,34485.0
2025-05-27,2025-05,Tienda Online,Buenos Aires,6,223911.0
2025-05-27,2025-05,Tienda Online,Córdoba,1,55539.0
2025-05-27,2025-05,Tienda Online,Santa Fe,3,106140.0
2025-05-27,2025-05,Tiendas Físicas,Buenos Aires,1,19350.0
2025-05-27,2025-05,Tiendas Físicas,Córdoba,2,58080.0
2025-05-27,2025-05,Tiendas Físicas,Mendoza,2,43560.0
2025-05-27,2025-05,Tiendas Físicas,Santa Fe,1,14520.0
2025-05-28,2025-05,Tienda Online,Buenos Aires,3,100410.0
2025-05-28,2025-05,Tienda Online,Córdoba,2,50190.0
2025-05-28,2025-05,Tienda Online,Mendoza,1,16320.0
2025-05-28,2025-05,Tiendas Físicas,Buenos Aires,2,65340.0
2025-05-28,2025-05,Tiendas Físicas,Córdoba,3,47190.0
2025-05-28,2025-05,Tiendas Físicas,Santa Fe,1,32670.0
2025-05-29,2025-05,Tienda Online,Buenos Aires,6,258900.0
2025-05-29,2025-05,Tienda Online,Córdoba,3,95250.0
2025-05-29,2025-05,Tienda Online,Mendoza,2,102699.0
2025-05-29,2025-05,Tienda Online,Santa Fe,2,53820.0
2025-05-29,2025-05,Tiendas Físicas,Buenos Aires,2,87120.0
2025-05-29,2025-05,Tiendas Físicas,Córdoba,1,14520.0
2025-05-29,2025-05,Tiendas Físicas,Mendoza,3,129591.0
2025-05-29,2025-05,Tiendas Físicas,Santa Fe,2,47190.0
2025-05-30,2025-05,Tienda Online,Buenos Aires,5,147570.0
2025-05-30,2025-05,Tienda Online,Córdoba,2,71970.0
2025-05-30,2025-05,Tienda Online,Santa Fe,1,200557.5
2025-05-30,2025-05,Tiendas Físicas,Buenos Aires,3,152460.0
2025-05-30,2025-05,Tiendas Físicas,Santa Fe,1,36300.0
2025-05-31,2025-05,Tienda Online,Buenos Aires,1,19350.0
2025-05-31,2025-05,Tienda Online,Mendoza,1,16320.0
2025-05-31,2025-05,Tienda Online,Santa Fe,3,93750.0
2025-05-31,2025-05,Tiendas Físicas,Buenos Aires,2,32670.0
2025-05-31,2025-05,Tiendas Físicas,Córdoba,2,48690.0
2025-05-31,2025-05,Tiendas Físicas,Santa Fe,1,50820.0
2025-06-01,2025-06,Tienda Online,Buenos Aires,9,359310.0
2025-06-01,2025-06,Tienda Online,Mendoza,1,58080.0
2025-06-01,2025-06,Tienda Online,Santa Fe,2,46560.0
2025-06-02,2025-06,Tienda Online,Buenos Aires,6,286014.0
2025-06-02,2025-06,Tienda Online,Córdoba,2,53820.0
2025-06-02,2025-06,Tienda Online,Mendoza,2,35544.0
2025-06-02,2025-06,Tienda Online,Santa Fe,5,180240.0
2025-06-02,2025-06,Tiendas Físicas,Buenos Aires,1,36300.0
2025-06-02,2025-06,Tiendas Físicas,Córdoba,1,18150.0
2025-06-02,2025-06,Tiendas Físicas,Mendoza,2,60258.0
2025-06-02,2025-06,Tiendas Físicas,Santa Fe,2,83490.0
2025-06-03,2025-06,Tienda Online,Buenos Aires,4,136095.0
2025-06-03,2025-06,Tienda Online,Mendoza,5,145140.0
2025-06-03,2025-06,Tienda Online,Santa Fe,1,37800.0
2025-06-03,2025-06,Tiendas Físicas,Buenos Aires,6,217800.0
2025-06-03,2025-06,Tiendas Físicas,Córdoba,3,156453.0
2025-06-03,2025-06,Tiendas Físicas,Santa Fe,2,61710.0
2025-06-04,2025-06,Tienda Online,Buenos Aires,4,112974.0
2025-06-04,2025-06,Tienda Online,Córdoba,2,95880.0
2025-06-04,2025-06,Tienda Online,Santa Fe,2,71970.0
2025-06-04,2025-06,Tiendas Físicas,Córdoba,1,14520.0
2025-06-04,2025-06,Tiendas Físicas,Mendoza,1,29040.0
2025-06-05,2025-06,Tienda Online,Buenos Aires,5,167494.5
2025-06-05,2025-06,Tienda Online,Mendoza,2,36270.0
2025-06-05,2025-06,Tienda Online,Santa Fe,3,126420.0
2025-06-05,2025-06,Tiendas Físicas,Buenos Aires,1,26136.0
2025-06-05,2025-06,Tiendas Físicas,Córdoba,3,127050.0
2025-06-05,2025-06,Tiendas Físicas,Mendoza,1,16335.0
2025-06-05,2025-06,Tiendas Físicas,Santa Fe,3,125235.0
2025-06-06,2025-06,Tienda Online,Buenos Aires,8,279450.0
2025-06-06,2025-06,Tienda Online,Córdoba,1,16020.0
2025-06-06,2025-06,Tienda Online,Mendoza,1,58080.0
2025-06-06,2025-06,Tienda Online,Santa Fe,2,88620.0
2025-06-06,2025-06,Tiendas Físicas,Buenos Aires,7,268620.0
2025-06-06,2025-06,Tiendas Físicas,Córdoba,2,61710.0
2025-06-06,2025-06,Tiendas Físicas,Mendoza,3,50820.0
2025-06-06,2025-06,Tiendas Físicas,Santa Fe,4,105270.0
2025-06-07,2025-06,Tienda Online,Buenos Aires,2,185604.0
2025-06-07,2025-06,Tienda Online,Córdoba,1,16020.0
2025-06-07,2025-06,Tienda Online,Mendoza,2,72570.0
2025-06-07,2025-06,Tienda Online,Santa Fe,5,225930.0
2025-06-07,2025-06,Tiendas Físicas,Buenos Aires,4,108900.0
2025-06-07,2025-06,Tiendas Físicas,Córdoba,8,235635.0
2025-06-07,2025-06,Tiendas Físicas,Mendoza,5,227238.0
2025-06-07,2025-06,Tiendas Físicas,Santa Fe,12,355425.0
2025-06-08,2025-06,Tienda Online,Buenos Aires,6,388491.0
2025-06-08,2025-06,Tienda Online,Córdoba,6,247080.0
2025-06-08,2025-06,Tienda Online,Mendoza,4,203250.0
2025-06-08,2025-06,Tienda Online,Santa Fe,5,149977.5
2025-06-09,2025-06,Tienda Online,Buenos Aires,7,243150.0
2025-06-09,2025-06,Tienda Online,Córdoba,3,77100.0
2025-06-09,2025-06,Tienda Online,Mendoza,2,130317.0
2025-06-09,2025-06,Tienda Online,Santa Fe,4,111270.0
2025-06-09,2025-06,Tiendas Físicas,Córdoba,2,47190.0
2025-06-09,2025-06,Tiendas Físicas,Mendoza,2,32670.0
2025-06-09,2025-06,Tiendas Físicas,Santa Fe,1,19650.0
2025-06-10,2025-06,Tienda Online,Buenos Aires,10,246861.0
2025-06-10,2025-06,Tienda Online,Córdoba,1,30903.0
2025-06-10,2025-06,Tienda Online,Mendoza,8,230400.0
2025-06-10,2025-06,Tienda Online,Santa Fe,1,30903.0
2025-06-10,2025-06,Tiendas Físicas,Buenos Aires,5,250470.0
2025-06-10,2025-06,Tiendas Físicas,Córdoba,1,36300.0
2025-06-10,2025-06,Tiendas Físicas,Mendoza,2,89298.0
2025-06-10,2025-06,Tiendas Físicas,Santa Fe,1,58080.0
2025-06-11,2025-06,Tienda Online,Buenos Aires,4,87382.5
2025-06-11,2025-06,Tienda Online,Córdoba,2,82860.0
2025-06-11,2025-06,Tienda Online,Mendoza,1,72600.0
2025-06-11,2025-06,Tienda Online,Santa Fe,3,106140.0
2025-06-11,2025-06,Tiendas Físicas,Buenos Aires,4,214170.0
2025-06-11,2025-06,Tiendas Físicas,Córdoba,5,98010.0
2025-06-11,2025-06,Tiendas Físicas,Mendoza,2,119790.0
2025-06-11,2025-06,Tiendas Físicas,Santa Fe,2,32670.0
2025-06-12,2025-06,Tienda Online,Buenos Aires,4,188730.0
2025-06-12,2025-06,Tienda Online,Córdoba,7,306660.0
2025-06-12,2025-06,Tienda Online,Mendoza,1,45360.0
2025-06-12,2025-06,Tienda Online,Santa Fe,4,177240.0
2025-06-12,2025-06,Tiendas Físicas,Córdoba,2,72600.0
2025-06-12,2025-06,Tiendas Físicas,Mendoza,5,166980.0
2025-06-12,2025-06,Tiendas Físicas,Santa Fe,2,87120.0
2025-06-13,2025-06,Tienda Online,Buenos Aires,9,388350.0
2025-06-13,2025-06,Tienda Online,Córdoba,3,130050.0
2025-06-13,2025-06,Tienda Online,Mendoza,2,36270.0
2025-06-13,2025-06,Tiendas Físicas,Buenos Aires,2,72600.0
2025-06-13,2025-06,Tiendas Físicas,Córdoba,2,65340.0
2025-06-13,2025-06,Tiendas Físicas,Mendoza,1,29040.0
2025-06-13,2025-06,Tiendas Físicas,Santa Fe,1,50820.0
2025-06-14,2025-06,Tienda Online,Buenos Aires,3,94350.0
2025-06-14,2025-06,Tienda Online,Córdoba,1,72600.0
2025-06-14,2025-06,Tienda Online,Mendoza,2,54420.0
2025-06-14,2025-06,Tienda Online,Santa Fe,1,72600.0
2025-06-14,2025-06,Tiendas Físicas,Buenos Aires,4,148830.0
2025-06-14,2025-06,Tiendas Físicas,Córdoba,5,172110.0
2025-06-14,2025-06,Tiendas Físicas,Mendoza,4,105270.0
2025-06-14,2025-06,Tiendas Físicas,Santa Fe,2,79860.0
2025-06-15,2025-06,Tienda Online,Buenos Aires,3,143970.0
2025-06-15,2025-06,Tienda Online,Córdoba,5,170850.0
2025-06-15,2025-06,Tienda Online,Mendoza,4,127897.5
2025-06-15,2025-06,Tienda Online,Santa Fe,2,270435.0
2025-06-16,2025-06,Tienda Online,Buenos Aires,4,317958.0
2025-06-16,2025-06,Tienda Online,Córdoba,4,103102.5
2025-06-16,2025-06,Tienda Online,Mendoza,2,36270.0
2025-06-16,2025-06,Tienda Online,Santa Fe,2,61080.0
2025-06-16,2025-06,Tiendas Físicas,Buenos Aires,1,32670.0
2025-06-16,2025-06,Tiendas Físicas,Mendoza,1,50820.0
2025-06-17,2025-06,Tienda Online,Buenos Aires,2,99210.0
2025-06-17,2025-06,Tienda Online,Córdoba,1,18742.5
2025-06-17,2025-06,Tienda Online,Mendoza,3,270420.0
2025-06-17,2025-06,Tienda Online,Santa Fe,1,45060.0
2025-06-17,2025-06,Tiendas Físicas,Córdoba,4,185130.0
2025-06-18,2025-06,Tienda Online,Buenos Aires,2,67740.0
2025-06-18,2025-06,Tienda Online,Córdoba,3,122790.0
2025-06-18,2025-06,Tienda Online,Mendoza,1,52620.0
2025-06-18,2025-06,Tienda Online,Santa Fe,3,130050.0
2025-06-18,2025-06,Tiendas Físicas,Buenos Aires,2,37500.0
2025-06-18,2025-06,Tiendas Físicas,Córdoba,2,29040.0
2025-06-18,2025-06,Tiendas Físicas,Mendoza,1,18150.0
2025-06-19,2025-06,Tienda Online,Buenos Aires,5,85860.0
2025-06-19,2025-06,Tienda Online,Córdoba,2,82860.0
2025-06-19,2025-06,Tienda Online,Santa Fe,4,96750.0
2025-06-19,2025-06,Tiendas Físicas,Buenos Aires,1,14520.0
2025-06-19,2025-06,Tiendas Físicas,Santa Fe,3,83490.0
2025-06-20,2025-06,Tienda Online,Buenos Aires,3,93150.0
2025-06-20,2025-06,Tienda Online,Córdoba,1,19650.0
2025-06-20,2025-06,Tienda Online,Mendoza,1,19950.0
2025-06-20,2025-06,Tienda Online,Santa Fe,3,95250.0
2025-06-20,2025-06,Tiendas Físicas,Buenos Aires,1,14520.0
2025-06-20,2025-06,Tiendas Físicas,Córdoba,6,141570.0
2025-06-20,2025-06,Tiendas Físicas,Mendoza,2,43560.0
2025-06-20,2025-06,Tiendas Físicas,Santa Fe,4,103140.0
2025-06-21,2025-06,Tienda Online,Buenos Aires,3,50790.0
2025-06-21,2025-06,Tienda Online,Córdoba,1,16020.0
2025-06-21,2025-06,Tienda Online,Santa Fe,1,48690.0
2025-06-21,2025-06,Tiendas Físicas,Buenos Aires,5,430699.5
2025-06-21,2025-06,Tiendas Físicas,Córdoba,6,196020.0
2025-06-21,2025-06,Tiendas Físicas,Mendoza,1,14520.0
2025-06-21,2025-06,Tiendas Físicas,Santa Fe,3,90750.0
2025-06-22,2025-06,Tienda Online,Buenos Aires,2,49590.0
2025-06-22,2025-06,Tienda Online,Córdoba,3,77100.0
2025-06-22,2025-06,Tienda Online,Mendoza,1,16320.0
2025-06-22,2025-06,Tienda Online,Santa Fe,4,96750.0
2025-06-23,2025-06,Tienda Online,Buenos Aires,3,68940.0
2025-06-23,2025-06,Tienda Online,Córdoba,1,54450.0
2025-06-23,2025-06,Tienda Online,Mendoza,1,19950.0
2025-06-23,2025-06,Tienda Online,Santa Fe,2,68340.0
2025-06-23,2025-06,Tiendas Físicas,Buenos Aires,2,85305.0
2025-06-23,2025-06,Tiendas Físicas,Córdoba,1,71874.0
2025-06-23,2025-06,Tiendas Físicas,Mendoza,2,65340.0
2025-06-23,2025-06,Tiendas Físicas,Santa Fe,1,14520.0
2025-06-24,2025-06,Tienda Online,Buenos Aires,5,426747.0
2025-06-24,2025-06,Tienda Online,Córdoba,2,71559.0
2025-06-24,2025-06,Tienda Online,Mendoza,1,54072.0
2025-06-24,2025-06,Tienda Online,Santa Fe,2,50190.0
2025-06-24,2025-06,Tiendas Físicas,Buenos Aires,3,65340.0
2025-06-24,2025-06,Tiendas Físicas,Córdoba,2,63210.0
2025-06-24,2025-06,Tiendas Físicas,Mendoza,2,90750.0
2025-06-24,2025-06,Tiendas Físicas,Santa Fe,3,112530.0
2025-06-25,2025-06,Tienda Online,Buenos Aires,7,238320.0
2025-06-25,2025-06,Tienda Online,Córdoba,1,19650.0
2025-06-25,2025-06,Tienda Online,Mendoza,3,145170.0
2025-06-25,2025-06,Tienda Online,Santa Fe,4,196890.0
2025-06-25,2025-06,Tiendas Físicas,Buenos Aires,2,32670.0
2025-06-25,2025-06,Tiendas Físicas,Córdoba,1,18150.0
2025-06-25,2025-06,Tiendas Físicas,Mendoza,2,61710.0
2025-06-25,2025-06,Tiendas Físicas,Santa Fe,4,141570.0
2025-06-26,2025-06,Tienda Online,Buenos Aires,4,130650.0
2025-06-26,2025-06,Tienda Online,Córdoba,1,30540.0
2025-06-26,2025-06,Tienda Online,Mendoza,3,121560.0
2025-06-26,2025-06,Tienda Online,Santa Fe,1,37800.0
2025-06-26,2025-06,Tiendas Físicas,Buenos Aires,1,18150.0
2025-06-26,2025-06,Tiendas Físicas,Córdoba,2,45375.0
2025-06-26,2025-06,Tiendas Físicas,Mendoza,1,36300.0
2025-06-26,2025-06,Tiendas Físicas,Santa Fe,2,50820.0
2025-06-27,2025-06,Tienda Online,Buenos Aires,2,135510.0
2025-06-27,2025-06,Tienda Online,Córdoba,2,92250.0
2025-06-27,2025-06,Tienda Online,Mendoza,2,125220.0
2025-06-27,2025-06,Tienda Online,Santa Fe,1,30540.0
2025-06-27,2025-06,Tiendas Físicas,Buenos Aires,5,334252.5
2025-06-27,2025-06,Tiendas Físicas,Córdoba,2,50820.0
2025-06-27,2025-06,Tiendas Físicas,Mendoza,1,32670.0
2025-06-27,2025-06,Tiendas Físicas,Santa Fe,1,72600.0
2025-06-28,2025-06,Tienda Online,Buenos Aires,2,440248.5
2025-06-28,2025-06,Tienda Online,Córdoba,1,19650.0
2025-06-28,2025-06,Tienda Online,Mendoza,1,19950.0
2025-06-28,2025-06,Tienda Online,Santa Fe,1,52320.0
2025-06-28,2025-06,Tiendas Físicas,Buenos Aires,3,163350.0
2025-06-28,2025-06,Tiendas Físicas,Córdoba,2,55950.0
2025-06-28,2025-06,Tiendas Físicas,Santa Fe,4,97695.0
2025-06-29,2025-06,Tienda Online,Buenos Aires,1,54450.0
2025-06-29,2025-06,Tienda Online,Córdoba,1,37800.0
2025-06-29,2025-06,Tienda Online,Mendoza,1,16320.0
2025-06-29,2025-06,Tienda Online,Santa Fe,2,35670.0
2025-06-30,2025-06,Tienda Online,Buenos Aires,4,117330.0
2025-06-30,2025-06,Tienda Online,Córdoba,5,268716.0
2025-06-30,2025-06,Tienda Online,Mendoza,2,58050.0
2025-06-30,2025-06,Tienda Online,Santa Fe,3,87990.0
2025-06-30,2025-06,Tiendas Físicas,Buenos Aires,4,192390.0
2025-06-30,2025-06,Tiendas Físicas,Córdoba,4,99825.0
2025-06-30,2025-06,Tiendas Físicas,Mendoza,2,54450.0
2025-06-30,2025-06,Tiendas Físicas,Santa Fe,2,50820.0
2025-07-01,2025-07,Tienda Online,Buenos Aires,1,19350.0
2025-07-01,2025-07,Tienda Online,Córdoba,3,93798.0
2025-07-01,2025-07,Tienda Online,Mendoza,1,19950.0
2025-07-01,2025-07,Tienda Online,Santa Fe,2,32040.0
2025-07-01,2025-07,Tiendas Físicas,Buenos Aires,2,32670.0
2025-07-01,2025-07,Tiendas Físicas,Córdoba,3,89298.0
2025-07-02,2025-07,Tienda Online,Buenos Aires,3,50790.0
2025-07-02,2025-07,Tienda Online,Córdoba,2,88620.0
2025-07-02,2025-07,Tienda Online,Mendoza,1,16320.0
2025-07-02,2025-07,Tienda Online,Santa Fe,2,74100.0
2025-07-03,2025-07,Tienda Online,Buenos Aires,5,146370.0
2025-07-03,2025-07,Tienda Online,Córdoba,2,95880.0
2025-07-03,2025-07,Tienda Online,Mendoza,1,45360.0
2025-07-03,2025-07,Tienda Online,Santa Fe,2,68340.0
2025-07-03,2025-07,Tiendas Físicas,Buenos Aires,4,98010.0
2025-07-03,2025-07,Tiendas Físicas,Córdoba,3,56991.0
2025-07-03,2025-07,Tiendas Físicas,Mendoza,1,29040.0
2025-07-03,2025-07,Tiendas Físicas,Santa Fe,1,58080.0
2025-07-04,2025-07,Tienda Online,Buenos Aires,5,280710.0
2025-07-04,2025-07,Tienda Online,Córdoba,1,15294.0
2025-07-04,2025-07,Tienda Online,Mendoza,4,132450.0
2025-07-04,2025-07,Tienda Online,Santa Fe,3,247117.5
2025-07-04,2025-07,Tiendas Físicas,Córdoba,2,61710.0
2025-07-04,2025-07,Tiendas Físicas,Mendoza,1,18150.0
2025-07-04,2025-07,Tiendas Físicas,Santa Fe,2,50820.0
2025-07-05,2025-07,Tienda Online,Buenos Aires,4,142740.0
2025-07-05,2025-07,Tienda Online,Mendoza,1,45360.0
2025-07-05,2025-07,Tienda Online,Santa Fe,1,19650.0
2025-07-05,2025-07,Tiendas Físicas,Buenos Aires,4,91476.0
2025-07-05,2025-07,Tiendas Físicas,Córdoba,6,214170.0
2025-07-05,2025-07,Tiendas Físicas,Mendoza,2,83490.0
2025-07-05,2025-07,Tiendas Físicas,Santa Fe,2,76230.0
2025-07-06,2025-07,Tienda Online,Buenos Aires,4,124590.0
2025-07-06,2025-07,Tienda Online,Córdoba,1,16020.0
2025-07-06,2025-07,Tienda Online,Mendoza,1,58080.0
2025-07-06,2025-07,Tienda Online,Santa Fe,1,16020.0
2025-07-07,2025-07,Tienda Online,Buenos Aires,7,128190.0
2025-07-07,2025-07,Tienda Online,Córdoba,3,51690.0
2025-07-07,2025-07,Tienda Online,Mendoza,4,157860.0
2025-07-07,2025-07,Tienda Online,Santa Fe,4,104010.0
2025-07-07,2025-07,Tiendas Físicas,Buenos Aires,1,14520.0
2025-07-07,2025-07,Tiendas Físicas,Córdoba,1,14520.0
2025-07-07,2025-07,Tiendas Físicas,Mendoza,3,90750.0
2025-07-08,2025-07,Tienda Online,Buenos Aires,5,199620.0
2025-07-08,2025-07,Tienda Online,Córdoba,1,16020.0
2025-07-08,2025-07,Tienda Online,Mendoza,1,16320.0
2025-07-08,2025-07,Tienda Online,Santa Fe,2,39300.0
2025-07-08,2025-07,Tiendas Físicas,Buenos Aires,1,18150.0
2025-07-08,2025-07,Tiendas Físicas,Mendoza,1,14520.0
2025-07-08,2025-07,Tiendas Físicas,Santa Fe,2,72600.0
2025-07-09,2025-07,Tienda Online,Buenos Aires,3,104040.0
2025-07-09,2025-07,Tienda Online,Córdoba,2,103140.0
2025-07-09,2025-07,Tienda Online,Santa Fe,2,84990.0
2025-07-09,2025-07,Tiendas Físicas,Córdoba,1,14520.0
2025-07-09,2025-07,Tiendas Físicas,Mendoza,1,29040.0
2025-07-09,2025-07,Tiendas Físicas,Santa Fe,2,83490.0
2025-07-10,2025-07,Tienda Online,Buenos Aires,8,211680.0
2025-07-10,2025-07,Tienda Online,Córdoba,1,30540.0
2025-07-10,2025-07,Tienda Online,Mendoza,2,117960.0
2025-07-10,2025-07,Tiendas Físicas,Buenos Aires,2,29040.0
2025-07-10,2025-07,Tiendas Físicas,Córdoba,3,63210.0
2025-07-10,2025-07,Tiendas Físicas,Mendoza,1,50820.0
2025-07-10,2025-07,Tiendas Físicas,Santa Fe,1,14520.0
2025-07-11,2025-07,Tienda Online,Buenos Aires,6,214180.5
2025-07-11,2025-07,Tienda Online,Santa Fe,3,80730.0
2025-07-11,2025-07,Tiendas Físicas,Buenos Aires,1,54450.0
2025-07-11,2025-07,Tiendas Físicas,Córdoba,1,54450.0
2025-07-11,2025-07,Tiendas Físicas,Mendoza,3,101640.0
2025-07-11,2025-07,Tiendas Físicas,Santa Fe,2,47190.0
2025-07-12,2025-07,Tienda Online,Buenos Aires,6,198390.0
2025-07-12,2025-07,Tienda Online,Córdoba,1,30540.0
2025-07-12,2025-07,Tienda Online,Mendoza,1,54450.0
2025-07-12,2025-07,Tienda Online,Santa Fe,1,16020.0
2025-07-12,2025-07,Tiendas Físicas,Buenos Aires,2,118701.0
2025-07-12,2025-07,Tiendas Físicas,Córdoba,2,65340.0
2025-07-12,2025-07,Tiendas Físicas,Mendoza,1,14520.0
2025-07-12,2025-07,Tiendas Físicas,Santa Fe,3,87120.0
2025-07-13,2025-07,Tienda Online,Buenos Aires,3,284340.0
2025-07-13,2025-07,Tienda Online,Córdoba,2,106770.0
2025-07-13,2025-07,Tienda Online,Mendoza,2,68940.0
2025-07-13,2025-07,Tienda Online,Santa Fe,1,34170.0
2025-07-14,2025-07,Tienda Online,Buenos Aires,2,73800.0
2025-07-14,2025-07,Tienda Online,Córdoba,2,46560.0
2025-07-14,2025-07,Tienda Online,Mendoza,1,16320.0
2025-07-14,2025-07,Tienda Online,Santa Fe,3,115530.0
2025-07-14,2025-07,Tiendas Físicas,Córdoba,6,148830.0
2025-07-14,2025-07,Tiendas Físicas,Mendoza,3,110700.0
2025-07-15,2025-07,Tienda Online,Buenos Aires,6,132616.5
2025-07-15,2025-07,Tienda Online,Córdoba,2,60354.0
2025-07-15,2025-07,Tienda Online,Mendoza,1,19950.0
2025-07-15,2025-07,Tienda Online,Santa Fe,2,35670.0
2025-07-15,2025-07,Tiendas Físicas,Buenos Aires,2,47190.0
2025-07-15,2025-07,Tiendas Físicas,Córdoba,3,94380.0
2025-07-15,2025-07,Tiendas Físicas,Santa Fe,1,14520.0
2025-07-16,2025-07,Tienda Online,Buenos Aires,2,64110.0
2025-07-16,2025-07,Tienda Online,Córdoba,3,66210.0
2025-07-16,2025-07,Tienda Online,Santa Fe,1,16020.0
2025-07-16,2025-07,Tiendas Físicas,Córdoba,1,39204.0
2025-07-16,2025-07,Tiendas Físicas,Mendoza,1,29040.0
2025-07-16,2025-07,Tiendas Físicas,Santa Fe,1,65340.0
2025-07-17,2025-07,Tienda Online,Buenos Aires,5,186300.0
2025-07-17,2025-07,Tienda Online,Córdoba,2,50190.0
2025-07-17,2025-07,Tienda Online,Mendoza,3,67110.0
2025-07-17,2025-07,Tienda Online,Santa Fe,2,50190.0
2025-07-17,2025-07,Tiendas Físicas,Buenos Aires,3,78045.0
2025-07-17,2025-07,Tiendas Físicas,Córdoba,2,214170.0
2025-07-17,2025-07,Tiendas Físicas,Mendoza,2,47538.0
2025-07-17,2025-07,Tiendas Físicas,Santa Fe,1,47190.0
2025-07-18,2025-07,Tienda Online,Buenos Aires,2,53220.0
2025-07-18,2025-07,Tienda Online,Córdoba,2,68340.0
2025-07-18,2025-07,Tienda Online,Santa Fe,1,54450.0
2025-07-18,2025-07,Tiendas Físicas,Buenos Aires,2,72600.0
2025-07-18,2025-07,Tiendas Físicas,Córdoba,1,14520.0
2025-07-18,2025-07,Tiendas Físicas,Mendoza,1,87120.0
2025-07-18,2025-07,Tiendas Físicas,Santa Fe,1,29040.0
2025-07-19,2025-07,Tienda Online,Buenos Aires,4,66510.0
2025-07-19,2025-07,Tienda Online,Córdoba,1,30540.0
2025-07-19,2025-07,Tiendas Físicas,Buenos Aires,6,192390.0
2025-07-19,2025-07,Tiendas Físicas,Córdoba,2,58806.0
2025-07-19,2025-07,Tiendas Físicas,Mendoza,1,18150.0
2025-07-19,2025-07,Tiendas Físicas,Santa Fe,1,14520.0
2025-07-20,2025-07,Tienda Online,Buenos Aires,4,131124.0
2025-07-20,2025-07,Tienda Online,Córdoba,1,58080.0
2025-07-20,2025-07,Tienda Online,Mendoza,3,119760.0
2025-07-20,2025-07,Tienda Online,Santa Fe,1,19650.0
2025-07-21,2025-07,Tienda Online,Buenos Aires,7,255018.0
2025-07-21,2025-07,Tienda Online,Córdoba,3,77100.0
2025-07-21,2025-07,Tienda Online,Mendoza,3,67110.0
2025-07-21,2025-07,Tienda Online,Santa Fe,4,129420.0
2025-07-21,2025-07,Tiendas Físicas,Buenos Aires,1,36300.0
2025-07-21,2025-07,Tiendas Físicas,Mendoza,1,26136.0
2025-07-22,2025-07,Tienda Online,Buenos Aires,3,101610.0
2025-07-22,2025-07,Tienda Online,Córdoba,1,46330.5
2025-07-22,2025-07,Tienda Online,Mendoza,1,48990.0
2025-07-22,2025-07,Tienda Online,Santa Fe,2,86490.0
2025-07-22,2025-07,Tiendas Físicas,Córdoba,1,45060.0
2025-07-22,2025-07,Tiendas Físicas,Mendoza,1,32670.0
2025-07-22,2025-07,Tiendas Físicas,Santa Fe,1,42471.0
2025-07-23,2025-07,Tienda Online,Buenos Aires,2,70170.0
2025-07-23,2025-07,Tienda Online,Córdoba,5,156330.0
2025-07-23,2025-07,Tienda Online,Mendoza,1,38100.0
2025-07-23,2025-07,Tienda Online,Santa Fe,2,95880.0
2025-07-23,2025-07,Tiendas Físicas,Buenos Aires,3,110100.0
2025-07-23,2025-07,Tiendas Físicas,Mendoza,4,94380.0
2025-07-23,2025-07,Tiendas Físicas,Santa Fe,1,14520.0
2025-07-24,2025-07,Tienda Online,Buenos Aires,5,150000.0
2025-07-24,2025-07,Tienda Online,Mendoza,2,36270.0
2025-07-24,2025-07,Tiendas Físicas,Buenos Aires,2,72600.0
2025-07-24,2025-07,Tiendas Físicas,Córdoba,1,34170.0
2025-07-24,2025-07,Tiendas Físicas,Mendoza,1,50820.0
2025-07-25,2025-07,Tienda Online,Buenos Aires,4,127020.0
2025-07-25,2025-07,Tienda Online,Córdoba,1,19650.0
2025-07-25,2025-07,Tienda Online,Santa Fe,4,134454.0
2025-07-25,2025-07,Tiendas Físicas,Buenos Aires,1,58080.0
2025-07-25,2025-07,Tiendas Físicas,Córdoba,5,94380.0
2025-07-25,2025-07,Tiendas Físicas,Mendoza,1,14520.0
2025-07-25,2025-07,Tiendas Físicas,Santa Fe,2,79860.0
2025-07-26,2025-07,Tienda Online,Buenos Aires,2,35070.0
2025-07-26,2025-07,Tienda Online,Córdoba,2,84990.0
2025-07-26,2025-07,Tienda Online,Santa Fe,1,37800.0
2025-07-26,2025-07,Tiendas Físicas,Buenos Aires,1,29040.0
2025-07-26,2025-07,Tiendas Físicas,Córdoba,1,18150.0
2025-07-26,2025-07,Tiendas Físicas,Mendoza,1,29040.0
2025-07-26,2025-07,Tiendas Físicas,Santa Fe,6,234183.0
2025-07-27,2025-07,Tienda Online,Buenos Aires,2,74344.5
2025-07-27,2025-07,Tienda Online,Córdoba,3,55320.0
2025-07-27,2025-07,Tienda Online,Mendoza,1,38100.0
2025-07-27,2025-07,Tienda Online,Santa Fe,5,466828.5
2025-07-28,2025-07,Tienda Online,Buenos Aires,4,156060.0
2025-07-28,2025-07,Tienda Online,Córdoba,3,83634.0
2025-07-28,2025-07,Tienda Online,Mendoza,1,38100.0
2025-07-28,2025-07,Tienda Online,Santa Fe,5,176610.0
2025-07-28,2025-07,Tiendas Físicas,Córdoba,3,87120.0
2025-07-28,2025-07,Tiendas Físicas,Mendoza,3,116160.0
2025-07-28,2025-07,Tiendas Físicas,Santa Fe,7,227238.0
2025-07-29,2025-07,Tienda Online,Buenos Aires,2,30714.0
2025-07-29,2025-07,Tienda Online,Mendoza,3,119760.0
2025-07-29,2025-07,Tienda Online,Santa Fe,3,106140.0
2025-07-29,2025-07,Tiendas Físicas,Buenos Aires,1,36300.0
2025-07-29,2025-07,Tiendas Físicas,Córdoba,1,18150.0
2025-07-29,2025-07,Tiendas Físicas,Mendoza,1,14520.0
2025-07-30,2025-07,Tienda Online,Buenos Aires,2,45960.0
2025-07-30,2025-07,Tienda Online,Mendoza,1,15594.0
2025-07-30,2025-07,Tiendas Físicas,Buenos Aires,1,54450.0
2025-07-30,2025-07,Tiendas Físicas,Córdoba,1,36300.0
2025-07-30,2025-07,Tiendas Físicas,Mendoza,1,14520.0
2025-07-30,2025-07,Tiendas Físicas,Santa Fe,2,65340.0
2025-07-31,2025-07,Tienda Online,Buenos Aires,3,111300.0
2025-07-31,2025-07,Tienda Online,Santa Fe,2,88620.0
2025-07-31,2025-07,Tiendas Físicas,Córdoba,1,14520.0
2025-07-31,2025-07,Tiendas Físicas,Mendoza,4,148830.0
2025-08-01,2025-08,Tienda Online,Buenos Aires,1,54450.0
2025-08-01,2025-08,Tienda Online,Córdoba,3,108270.0
2025-08-01,2025-08,Tienda Online,Mendoza,2,65310.0
2025-08-01,2025-08,Tienda Online,Santa Fe,1,16020.0
2025-08-01,2025-08,Tiendas Físicas,Buenos Aires,1,87120.0
2025-08-01,2025-08,Tiendas Físicas,Mendoza,3,98010.0
2025-08-01,2025-08,Tiendas Físicas,Santa Fe,4,110400.0
2025-08-02,2025-08,Tienda Online,Buenos Aires,2,106470.0
2025-08-02,2025-08,Tienda Online,Mendoza,1,16320.0
2025-08-02,2025-08,Tienda Online,Santa Fe,2,32040.0
2025-08-02,2025-08,Tiendas Físicas,Buenos Aires,4,158016.0
2025-08-02,2025-08,Tiendas Físicas,Mendoza,4,112893.0
2025-08-02,2025-08,Tiendas Físicas,Santa Fe,2,72600.0
2025-08-03,2025-08,Tienda Online,Buenos Aires,4,145170.0
2025-08-03,2025-08,Tienda Online,Córdoba,4,188130.0
2025-08-03,2025-08,Tienda Online,Mendoza,1,83490.0
2025-08-03,2025-08,Tienda Online,Santa Fe,2,112530.0
2025-08-04,2025-08,Tienda Online,Buenos Aires,8,269760.0
2025-08-04,2025-08,Tienda Online,Córdoba,2,32040.0
2025-08-04,2025-08,Tienda Online,Mendoza,2,61680.0
2025-08-04,2025-08,Tienda Online,Santa Fe,3,102510.0
2025-08-04,2025-08,Tiendas Físicas,Buenos Aires,4,98010.0
2025-08-04,2025-08,Tiendas Físicas,Córdoba,2,83490.0
2025-08-04,2025-08,Tiendas Físicas,Mendoza,2,61710.0
2025-08-04,2025-08,Tiendas Físicas,Santa Fe,2,76230.0
2025-08-05,2025-08,Tienda Online,Buenos Aires,5,92212.5
2025-08-05,2025-08,Tienda Online,Santa Fe,2,77730.0
2025-08-05,2025-08,Tiendas Físicas,Buenos Aires,3,116160.0
2025-08-05,2025-08,Tiendas Físicas,Córdoba,1,36300.0
2025-08-05,2025-08,Tiendas Físicas,Mendoza,1,94380.0
2025-08-05,2025-08,Tiendas Físicas,Santa Fe,2,47190.0
2025-08-06,2025-08,Tienda Online,Buenos Aires,8,291540.0
2025-08-06,2025-08,Tienda Online,Córdoba,3,153960.0
2025-08-06,2025-08,Tienda Online,Mendoza,3,428128.5
2025-08-06,2025-08,Tienda Online,Santa Fe,3,75285.0
2025-08-06,2025-08,Tiendas Físicas,Buenos Aires,1,14520.0
2025-08-06,2025-08,Tiendas Físicas,Córdoba,1,14520.0
2025-08-06,2025-08,Tiendas Físicas,Santa Fe,2,61710.0
2025-08-07,2025-08,Tienda Online,Buenos Aires,6,205650.0
2025-08-07,2025-08,Tienda Online,Córdoba,3,166350.0
2025-08-07,2025-08,Tienda Online,Santa Fe,4,140310.0
2025-08-07,2025-08,Tiendas Físicas,Buenos Aires,1,16335.0
2025-08-07,2025-08,Tiendas Físicas,Córdoba,2,65340.0
2025-08-07,2025-08,Tiendas Físicas,Mendoza,2,61710.0
2025-08-07,2025-08,Tiendas Físicas,Santa Fe,3,58080.0
2025-08-08,2025-08,Tienda Online,Buenos Aires,4,203250.0
2025-08-08,2025-08,Tienda Online,Córdoba,1,68970.0
2025-08-08,2025-08,Tienda Online,Mendoza,2,47160.0
2025-08-08,2025-08,Tienda Online,Santa Fe,1,45060.0
2025-08-08,2025-08,Tiendas Físicas,Buenos Aires,2,50820.0
2025-08-08,2025-08,Tiendas Físicas,Córdoba,1,14520.0
2025-08-08,2025-08,Tiendas Físicas,Mendoza,2,58080.0
2025-08-08,2025-08,Tiendas Físicas,Santa Fe,3,83490.0
2025-08-09,2025-08,Tienda Online,Buenos Aires,2,35070.0
2025-08-09,2025-08,Tienda Online,Córdoba,2,68340.0
2025-08-09,2025-08,Tienda Online,Santa Fe,3,66210.0
2025-08-09,2025-08,Tiendas Físicas,Buenos Aires,1,50820.0
2025-08-09,2025-08,Tiendas Físicas,Córdoba,4,172062.0
2025-08-09,2025-08,Tiendas Físicas,Mendoza,3,236313.0
2025-08-09,2025-08,Tiendas Físicas,Santa Fe,1,36300.0
2025-08-10,2025-08,Tienda Online,Buenos Aires,8,266130.0
2025-08-10,2025-08,Tienda Online,Córdoba,2,92976.0
2025-08-10,2025-08,Tienda Online,Mendoza,1,19950.0
2025-08-10,2025-08,Tienda Online,Santa Fe,4,133050.0
2025-08-11,2025-08,Tienda Online,Buenos Aires,6,147862.5
2025-08-11,2025-08,Tienda Online,Córdoba,5,187500.0
2025-08-11,2025-08,Tienda Online,Mendoza,2,61680.0
2025-08-11,2025-08,Tienda Online,Santa Fe,2,50190.0
2025-08-11,2025-08,Tiendas Físicas,Córdoba,3,163350.0
2025-08-11,2025-08,Tiendas Físicas,Santa Fe,1,14520.0
2025-08-12,2025-08,Tienda Online,Buenos Aires,9,370422.0
2025-08-12,2025-08,Tienda Online,Córdoba,5,163905.0
2025-08-12,2025-08,Tienda Online,Mendoza,1,27936.0
2025-08-12,2025-08,Tienda Online,Santa Fe,2,64710.0
2025-08-12,2025-08,Tiendas Físicas,Buenos Aires,3,83490.0
2025-08-12,2025-08,Tiendas Físicas,Córdoba,2,65340.0
2025-08-12,2025-08,Tiendas Físicas,Mendoza,3,112530.0
2025-08-12,2025-08,Tiendas Físicas,Santa Fe,1,72600.0
2025-08-13,2025-08,Tienda Online,Buenos Aires,5,122160.0
2025-08-13,2025-08,Tienda Online,Córdoba,2,46560.0
2025-08-13,2025-08,Tienda Online,Mendoza,3,206880.0
2025-08-13,2025-08,Tienda Online,Santa Fe,5,307920.0
2025-08-13,2025-08,Tiendas Físicas,Buenos Aires,2,127050.0
2025-08-13,2025-08,Tiendas Físicas,Córdoba,2,43560.0
2025-08-13,2025-08,Tiendas Físicas,Mendoza,1,14520.0
2025-08-13,2025-08,Tiendas Físicas,Santa Fe,2,119790.0
2025-08-14,2025-08,Tienda Online,Buenos Aires,4,113700.0
2025-08-14,2025-08,Tienda Online,Córdoba,3,153960.0
2025-08-14,2025-08,Tienda Online,Mendoza,2,123420.0
2025-08-14,2025-08,Tienda Online,Santa Fe,4,107640.0
2025-08-14,2025-08,Tiendas Físicas,Buenos Aires,2,84216.0
2025-08-14,2025-08,Tiendas Físicas,Córdoba,2,29040.0
2025-08-14,2025-08,Tiendas Físicas,Santa Fe,3,94380.0
2025-08-15,2025-08,Tienda Online,Buenos Aires,2,60480.0
2025-08-15,2025-08,Tienda Online,Córdoba,3,69840.0
2025-08-15,2025-08,Tienda Online,Mendoza,3,63480.0
2025-08-15,2025-08,Tienda Online,Santa Fe,5,172980.0
2025-08-15,2025-08,Tiendas Físicas,Buenos Aires,3,47190.0
2025-08-15,2025-08,Tiendas Físicas,Córdoba,1,36300.0
2025-08-15,2025-08,Tiendas Físicas,Mendoza,3,83490.0
2025-08-15,2025-08,Tiendas Físicas,Santa Fe,1,29040.0
2025-08-16,2025-08,Tienda Online,Buenos Aires,5,167424.0
2025-08-16,2025-08,Tienda Online,Mendoza,1,16320.0
2025-08-16,2025-08,Tienda Online,Santa Fe,1,79860.0
2025-08-16,2025-08,Tiendas Físicas,Buenos Aires,6,196020.0
2025-08-16,2025-08,Tiendas Físicas,Córdoba,2,60258.0
2025-08-16,2025-08,Tiendas Físicas,Mendoza,6,186930.0
2025-08-16,2025-08,Tiendas Físicas,Santa Fe,4,217800.0
2025-08-17,2025-08,Tienda Online,Buenos Aires,4,131850.0
2025-08-17,2025-08,Tienda Online,Córdoba,5,98250.0
2025-08-17,2025-08,Tienda Online,Mendoza,3,119200.5
2025-08-17,2025-08,Tienda Online,Santa Fe,1,19650.0
2025-08-18,2025-08,Tienda Online,Buenos Aires,4,95550.0
2025-08-18,2025-08,Tienda Online,Córdoba,2,64710.0
2025-08-18,2025-08,Tienda Online,Mendoza,2,65310.0
2025-08-18,2025-08,Tienda Online,Santa Fe,4,114900.0
2025-08-18,2025-08,Tiendas Físicas,Mendoza,1,52620.0
2025-08-18,2025-08,Tiendas Físicas,Santa Fe,1,50820.0
2025-08-19,2025-08,Tienda Online,Buenos Aires,3,116926.5
2025-08-19,2025-08,Tienda Online,Córdoba,3,164305.5
2025-08-19,2025-08,Tienda Online,Mendoza,2,50790.0
2025-08-19,2025-08,Tienda Online,Santa Fe,4,135180.0
2025-08-19,2025-08,Tiendas Físicas,Buenos Aires,4,140340.0
2025-08-19,2025-08,Tiendas Físicas,Córdoba,2,50820.0
2025-08-19,2025-08,Tiendas Físicas,Santa Fe,2,50820.0
2025-08-20,2025-08,Tienda Online,Buenos Aires,2,31440.0
2025-08-20,2025-08,Tienda Online,Córdoba,7,213780.0
2025-08-20,2025-08,Tienda Online,Mendoza,3,127020.0
2025-08-20,2025-08,Tienda Online,Santa Fe,1,16020.0
2025-08-20,2025-08,Tiendas Físicas,Buenos Aires,2,79860.0
2025-08-20,2025-08,Tiendas Físicas,Córdoba,3,87120.0
2025-08-20,2025-08,Tiendas Físicas,Santa Fe,2,50820.0
2025-08-21,2025-08,Tienda Online,Buenos Aires,1,15720.0
2025-08-21,2025-08,Tienda Online,Córdoba,3,77100.0
2025-08-21,2025-08,Tienda Online,Mendoza,2,103440.0
2025-08-21,2025-08,Tienda Online,Santa Fe,5,125790.0
2025-08-21,2025-08,Tiendas Físicas,Buenos Aires,2,32670.0
2025-08-21,2025-08,Tiendas Físicas,Córdoba,2,58080.0
2025-08-21,2025-08,Tiendas Físicas,Mendoza,1,36300.0
2025-08-21,2025-08,Tiendas Físicas,Santa Fe,3,45060.0
2025-08-22,2025-08,Tienda Online,Buenos Aires,5,151200.0
2025-08-22,2025-08,Tienda Online,Córdoba,2,84082.5
2025-08-22,2025-08,Tienda Online,Santa Fe,2,71970.0
2025-08-22,2025-08,Tiendas Físicas,Buenos Aires,2,54450.0
2025-08-22,2025-08,Tiendas Físicas,Córdoba,1,36300.0
2025-08-22,2025-08,Tiendas Físicas,Mendoza,6,243210.0
2025-08-22,2025-08,Tiendas Físicas,Santa Fe,4,192390.0
2025-08-23,2025-08,Tienda Online,Buenos Aires,6,311061.0
2025-08-23,2025-08,Tienda Online,Córdoba,2,63258.0
2025-08-23,2025-08,Tienda Online,Mendoza,3,81630.0
2025-08-23,2025-08,Tiendas Físicas,Buenos Aires,1,98010.0
2025-08-23,2025-08,Tiendas Físicas,Córdoba,3,83490.0
2025-08-23,2025-08,Tiendas Físicas,Santa Fe,3,87120.0
2025-08-24,2025-08,Tienda Online,Buenos Aires,6,258900.0
2025-08-24,2025-08,Tienda Online,Córdoba,1,16020.0
2025-08-24,2025-08,Tienda Online,Mendoza,3,52590.0
2025-08-24,2025-08,Tienda Online,Santa Fe,2,35670.0
2025-08-25,2025-08,Tienda Online,Buenos Aires,5,171780.0
2025-08-25,2025-08,Tienda Online,Córdoba,4,85860.0
2025-08-25,2025-08,Tienda Online,Santa Fe,3,93750.0
2025-08-25,2025-08,Tiendas Físicas,Buenos Aires,1,18150.0
2025-08-25,2025-08,Tiendas Físicas,Córdoba,4,116160.0
2025-08-26,2025-08,Tienda Online,Buenos Aires,5,207606.0
2025-08-26,2025-08,Tienda Online,Córdoba,3,91620.0
2025-08-26,2025-08,Tienda Online,Mendoza,1,18135.0
2025-08-26,2025-08,Tienda Online,Santa Fe,3,74196.0
2025-08-26,2025-08,Tiendas Físicas,Buenos Aires,1,18150.0
2025-08-26,2025-08,Tiendas Físicas,Córdoba,2,47190.0
2025-08-26,2025-08,Tiendas Físicas,Mendoza,2,32670.0
2025-08-27,2025-08,Tienda Online,Buenos Aires,5,185100.0
2025-08-27,2025-08,Tienda Online,Córdoba,1,37800.0
2025-08-27,2025-08,Tienda Online,Santa Fe,2,90120.0
2025-08-27,2025-08,Tiendas Físicas,Buenos Aires,6,279510.0
2025-08-27,2025-08,Tiendas Físicas,Córdoba,3,87120.0
2025-08-27,2025-08,Tiendas Físicas,Mendoza,1,14520.0
2025-08-27,2025-08,Tiendas Físicas,Santa Fe,1,14520.0
2025-08-28,2025-08,Tienda Online,Buenos Aires,4,119760.0
2025-08-28,2025-08,Tienda Online,Córdoba,1,15294.0
2025-08-28,2025-08,Tienda Online,Santa Fe,1,45060.0
2025-08-28,2025-08,Tiendas Físicas,Buenos Aires,2,29040.0
2025-08-28,2025-08,Tiendas Físicas,Córdoba,3,90750.0
2025-08-28,2025-08,Tiendas Físicas,Santa Fe,1,14520.0
2025-08-29,2025-08,Tienda Online,Buenos Aires,3,107670.0
2025-08-29,2025-08,Tienda Online,Córdoba,3,109770.0
2025-08-29,2025-08,Tienda Online,Mendoza,2,99810.0
2025-08-29,2025-08,Tienda Online,Santa Fe,1,19650.0
2025-08-29,2025-08,Tiendas Físicas,Buenos Aires,2,43560.0
2025-08-29,2025-08,Tiendas Físicas,Córdoba,1,29040.0
2025-08-29,2025-08,Tiendas Físicas,Mendoza,1,36300.0
2025-08-29,2025-08,Tiendas Físicas,Santa Fe,4,119790.0
2025-08-30,2025-08,Tienda Online,Buenos Aires,2,45960.0
2025-08-30,2025-08,Tienda Online,Córdoba,2,121290.0
2025-08-30,2025-08,Tienda Online,Santa Fe,2,79230.0
2025-08-30,2025-08,Tiendas Físicas,Buenos Aires,2,58080.0
2025-08-30,2025-08,Tiendas Físicas,Córdoba,6,152460.0
2025-08-30,2025-08,Tiendas Físicas,Mendoza,4,166980.0
2025-08-30,2025-08,Tiendas Físicas,Santa Fe,2,58080.0
2025-08-31,2025-08,Tienda Online,Buenos Aires,2,75000.0
2025-08-31,2025-08,Tienda Online,Córdoba,3,55320.0
2025-08-31,2025-08,Tienda Online,Mendoza,2,116886.0
2025-08-31,2025-08,Tienda Online,Santa Fe,2,103140.0
2025-09-01,2025-09,Tienda Online,Buenos Aires,5,172980.0
2025-09-01,2025-09,Tienda Online,Córdoba,3,137310.0
2025-09-01,2025-09,Tienda Online,Santa Fe,2,95880.0
2025-09-01,2025-09,Tiendas Físicas,Buenos Aires,1,36300.0
2025-09-01,2025-09,Tiendas Físicas,Mendoza,2,61710.0
2025-09-01,2025-09,Tiendas Físicas,Santa Fe,1,14520.0
2025-09-02,2025-09,Tienda Online,Buenos Aires,3,90720.0
2025-09-02,2025-09,Tienda Online,Córdoba,7,212280.0
2025-09-02,2025-09,Tienda Online,Mendoza,4,83430.0
2025-09-02,2025-09,Tienda Online,Santa Fe,2,46560.0
2025-09-02,2025-09,Tiendas Físicas,Buenos Aires,3,65340.0
2025-09-02,2025-09,Tiendas Físicas,Córdoba,1,14520.0
2025-09-02,2025-09,Tiendas Físicas,Mendoza,2,87120.0
2025-09-03,2025-09,Tienda Online,Buenos Aires,5,208080.0
2025-09-03,2025-09,Tienda Online,Córdoba,4,117030.0
2025-09-03,2025-09,Tienda Online,Mendoza,1,16320.0
2025-09-03,2025-09,Tienda Online,Santa Fe,1,58080.0
2025-09-03,2025-09,Tiendas Físicas,Buenos Aires,1,29040.0
2025-09-03,2025-09,Tiendas Físicas,Córdoba,2,58080.0
2025-09-03,2025-09,Tiendas Físicas,Mendoza,1,32670.0
2025-09-03,2025-09,Tiendas Físicas,Santa Fe,1,62073.0
2025-09-04,2025-09,Tienda Online,Buenos Aires,3,136710.0
2025-09-04,2025-09,Tienda Online,Córdoba,3,208410.0
2025-09-04,2025-09,Tienda Online,Mendoza,4,190530.0
2025-09-04,2025-09,Tienda Online,Santa Fe,2,64710.0
2025-09-04,2025-09,Tiendas Físicas,Buenos Aires,2,68970.0
2025-09-04,2025-09,Tiendas Físicas,Mendoza,3,174240.0
2025-09-04,2025-09,Tiendas Físicas,Santa Fe,2,89298.0
2025-09-05,2025-09,Tienda Online,Buenos Aires,5,154830.0
2025-09-05,2025-09,Tienda Online,Córdoba,2,114030.0
2025-09-05,2025-09,Tienda Online,Santa Fe,2,35670.0
2025-09-05,2025-09,Tiendas Físicas,Córdoba,1,14520.0
2025-09-05,2025-09,Tiendas Físicas,Mendoza,3,47190.0
2025-09-05,2025-09,Tiendas Físicas,Santa Fe,3,98010.0
2025-09-06,2025-09,Tienda Online,Buenos Aires,3,68032.5
2025-09-06,2025-09,Tienda Online,Córdoba,3,122790.0
2025-09-06,2025-09,Tienda Online,Mendoza,1,30840.0
2025-09-06,2025-09,Tienda Online,Santa Fe,1,19650.0
2025-09-06,2025-09,Tiendas Físicas,Buenos Aires,5,174240.0
2025-09-06,2025-09,Tiendas Físicas,Córdoba,6,243210.0
2025-09-06,2025-09,Tiendas Físicas,Santa Fe,3,63210.0
2025-09-07,2025-09,Tienda Online,Buenos Aires,6,170550.0
2025-09-07,2025-09,Tienda Online,Córdoba,1,16020.0
2025-09-07,2025-09,Tienda Online,Mendoza,1,34470.0
2025-09-07,2025-09,Tienda Online,Santa Fe,2,61080.0
2025-09-08,2025-09,Tienda Online,Buenos Aires,8,333900.0
2025-09-08,2025-09,Tienda Online,Córdoba,6,156922.5
2025-09-08,2025-09,Tienda Online,Mendoza,1,19950.0
2025-09-08,2025-09,Tienda Online,Santa Fe,4,135180.0
2025-09-08,2025-09,Tiendas Físicas,Buenos Aires,2,105270.0
2025-09-08,2025-09,Tiendas Físicas,Córdoba,3,46875.0
2025-09-08,2025-09,Tiendas Físicas,Mendoza,1,18150.0
2025-09-08,2025-09,Tiendas Físicas,Santa Fe,4,63210.0
2025-09-09,2025-09,Tienda Online,Buenos Aires,5,121434.0
2025-09-09,2025-09,Tienda Online,Córdoba,1,58080.0
2025-09-09,2025-09,Tienda Online,Mendoza,1,55539.0
2025-09-09,2025-09,Tienda Online,Santa Fe,5,114585.0
2025-09-09,2025-09,Tiendas Físicas,Buenos Aires,2,90750.0
2025-09-09,2025-09,Tiendas Físicas,Mendoza,1,14520.0
2025-09-09,2025-09,Tiendas Físicas,Santa Fe,1,47190.0
2025-09-10,2025-09,Tienda Online,Buenos Aires,7,298830.0
2025-09-10,2025-09,Tienda Online,Córdoba,2,46560.0
2025-09-10,2025-09,Tienda Online,Mendoza,4,139710.0
2025-09-10,2025-09,Tienda Online,Santa Fe,1,16020.0
2025-09-10,2025-09,Tiendas Físicas,Buenos Aires,1,32670.0
2025-09-10,2025-09,Tiendas Físicas,Córdoba,3,94380.0
2025-09-10,2025-09,Tiendas Físicas,Mendoza,2,72600.0
2025-09-11,2025-09,Tienda Online,Buenos Aires,7,203220.0
2025-09-11,2025-09,Tienda Online,Córdoba,1,19650.0
2025-09-11,2025-09,Tienda Online,Mendoza,2,110700.0
2025-09-11,2025-09,Tienda Online,Santa Fe,1,19650.0
2025-09-11,2025-09,Tiendas Físicas,Buenos Aires,1,101640.0
2025-09-11,2025-09,Tiendas Físicas,Córdoba,1,18150.0
2025-09-11,2025-09,Tiendas Físicas,Santa Fe,2,98010.0
2025-09-12,2025-09,Tienda Online,Buenos Aires,4,88290.0
2025-09-12,2025-09,Tienda Online,Córdoba,4,362188.5
2025-09-12,2025-09,Tienda Online,Mendoza,2,36270.0
2025-09-12,2025-09,Tienda Online,Santa Fe,1,19650.0
2025-09-12,2025-09,Tiendas Físicas,Buenos Aires,1,18150.0
2025-09-12,2025-09,Tiendas Físicas,Mendoza,1,32670.0
2025-09-12,2025-09,Tiendas Físicas,Santa Fe,3,60258.0
2025-09-13,2025-09,Tienda Online,Buenos Aires,2,60480.0
2025-09-13,2025-09,Tienda Online,Córdoba,3,117030.0
2025-09-13,2025-09,Tiendas Físicas,Buenos Aires,4,134310.0
2025-09-13,2025-09,Tiendas Físicas,Córdoba,4,170610.0
2025-09-13,2025-09,Tiendas Físicas,Mendoza,3,119790.0
2025-09-13,2025-09,Tiendas Físicas,Santa Fe,1,54450.0
2025-09-14,2025-09,Tienda Online,Buenos Aires,3,83460.0
2025-09-14,2025-09,Tienda Online,Córdoba,1,16020.0
2025-09-14,2025-09,Tienda Online,Mendoza,2,68940.0
2025-09-14,2025-09,Tienda Online,Santa Fe,3,80730.0
2025-09-15,2025-09,Tienda Online,Buenos Aires,4,134280.0
2025-09-15,2025-09,Tienda Online,Mendoza,1,16320.0
2025-09-15,2025-09,Tienda Online,Santa Fe,4,177240.0
2025-09-15,2025-09,Tiendas Físicas,Mendoza,1,18150.0
2025-09-16,2025-09,Tienda Online,Buenos Aires,1,19350.0
2025-09-16,2025-09,Tienda Online,Córdoba,4,67710.0
2025-09-16,2025-09,Tienda Online,Mendoza,2,61680.0
2025-09-16,2025-09,Tiendas Físicas,Córdoba,4,147378.0
2025-09-16,2025-09,Tiendas Físicas,Mendoza,2,43560.0
2025-09-16,2025-09,Tiendas Físicas,Santa Fe,2,67518.0
2025-09-17,2025-09,Tienda Online,Buenos Aires,4,163320.0
2025-09-17,2025-09,Tienda Online,Córdoba,3,263586.0
2025-09-17,2025-09,Tienda Online,Mendoza,1,16320.0
2025-09-17,2025-09,Tienda Online,Santa Fe,1,19650.0
2025-09-17,2025-09,Tiendas Físicas,Córdoba,1,123420.0
2025-09-17,2025-09,Tiendas Físicas,Santa Fe,3,83490.0
2025-09-18,2025-09,Tienda Online,Buenos Aires,7,285510.0
2025-09-18,2025-09,Tienda Online,Córdoba,1,58080.0
2025-09-18,2025-09,Tienda Online,Mendoza,1,16320.0
2025-09-18,2025-09,Tiendas Físicas,Buenos Aires,1,14520.0
2025-09-18,2025-09,Tiendas Físicas,Córdoba,1,13068.0
2025-09-18,2025-09,Tiendas Físicas,Santa Fe,1,47190.0
2025-09-19,2025-09,Tienda Online,Buenos Aires,3,131880.0
2025-09-19,2025-09,Tienda Online,Córdoba,2,35670.0
2025-09-19,2025-09,Tienda Online,Mendoza,1,16320.0
2025-09-19,2025-09,Tienda Online,Santa Fe,4,193260.0
2025-09-19,2025-09,Tiendas Físicas,Mendoza,1,36300.0
2025-09-20,2025-09,Tienda Online,Buenos Aires,3,47160.0
2025-09-20,2025-09,Tienda Online,Córdoba,2,32040.0
2025-09-20,2025-09,Tienda Online,Mendoza,2,315795.0
2025-09-20,2025-09,Tienda Online,Santa Fe,4,145162.5
2025-09-20,2025-09,Tiendas Físicas,Buenos Aires,4,105270.0
2025-09-20,2025-09,Tiendas Físicas,Córdoba,3,108900.0
2025-09-20,2025-09,Tiendas Físicas,Mendoza,3,83490.0
2025-09-21,2025-09,Tienda Online,Buenos Aires,3,61680.0
2025-09-21,2025-09,Tienda Online,Córdoba,4,82230.0
2025-09-21,2025-09,Tienda Online,Mendoza,1,19950.0
2025-09-21,2025-09,Tienda Online,Santa Fe,2,106770.0
2025-09-22,2025-09,Tienda Online,Buenos Aires,6,174180.0
2025-09-22,2025-09,Tienda Online,Córdoba,3,84360.0
2025-09-22,2025-09,Tienda Online,Mendoza,4,163320.0
2025-09-22,2025-09,Tienda Online,Santa Fe,1,48690.0
2025-09-22,2025-09,Tiendas Físicas,Buenos Aires,2,65340.0
2025-09-22,2025-09,Tiendas Físicas,Córdoba,2,87120.0
2025-09-22,2025-09,Tiendas Físicas,Santa Fe,1,32670.0
2025-09-23,2025-09,Tienda Online,Buenos Aires,3,83460.0
2025-09-23,2025-09,Tienda Online,Córdoba,3,90168.0
2025-09-23,2025-09,Tienda Online,Santa Fe,4,186000.0
2025-09-23,2025-09,Tiendas Físicas,Córdoba,1,32670.0
2025-09-23,2025-09,Tiendas Físicas,Santa Fe,1,14520.0
2025-09-24,2025-09,Tienda Online,Buenos Aires,4,191452.5
2025-09-24,2025-09,Tienda Online,Córdoba,1,34170.0
2025-09-24,2025-09,Tienda Online,Mendoza,2,61680.0
2025-09-24,2025-09,Tienda Online,Santa Fe,5,141084.0
2025-09-24,2025-09,Tiendas Físicas,Mendoza,2,73326.0
2025-09-24,2025-09,Tiendas Físicas,Santa Fe,2,29040.0
2025-09-25,2025-09,Tienda Online,Buenos Aires,2,67740.0
2025-09-25,2025-09,Tienda Online,Córdoba,6,203520.0
2025-09-25,2025-09,Tienda Online,Mendoza,2,32640.0
2025-09-25,2025-09,Tienda Online,Santa Fe,2,68340.0
2025-09-25,2025-09,Tiendas Físicas,Buenos Aires,2,47190.0
2025-09-25,2025-09,Tiendas Físicas,Córdoba,2,65340.0
2025-09-25,2025-09,Tiendas Físicas,Mendoza,1,18150.0
2025-09-26,2025-09,Tienda Online,Buenos Aires,5,178314.0
2025-09-26,2025-09,Tienda Online,Córdoba,3,62580.0
2025-09-26,2025-09,Tienda Online,Mendoza,2,49882.5
2025-09-26,2025-09,Tienda Online,Santa Fe,1,37800.0
2025-09-26,2025-09,Tiendas Físicas,Buenos Aires,3,165165.0
2025-09-26,2025-09,Tiendas Físicas,Córdoba,3,140118.0
2025-09-26,2025-09,Tiendas Físicas,Mendoza,3,105270.0
2025-09-26,2025-09,Tiendas Físicas,Santa Fe,1,14520.0
2025-09-27,2025-09,Tienda Online,Buenos Aires,5,147570.0
2025-09-27,2025-09,Tienda Online,Córdoba,2,35670.0
2025-09-27,2025-09,Tienda Online,Mendoza,2,39900.0
2025-09-27,2025-09,Tienda Online,Santa Fe,2,75600.0
2025-09-27,2025-09,Tiendas Físicas,Buenos Aires,6,122331.0
2025-09-27,2025-09,Tiendas Físicas,Córdoba,4,101640.0
2025-09-27,2025-09,Tiendas Físicas,Mendoza,2,42108.0
2025-09-27,2025-09,Tiendas Físicas,Santa Fe,1,47190.0
2025-09-28,2025-09,Tienda Online,Buenos Aires,5,118530.0
2025-09-28,2025-09,Tienda Online,Mendoza,1,79860.0
2025-09-28,2025-09,Tienda Online,Santa Fe,3,100102.5
2025-09-29,2025-09,Tienda Online,Buenos Aires,1,58080.0
2025-09-29,2025-09,Tienda Online,Córdoba,8,329214.0
2025-09-29,2025-09,Tienda Online,Santa Fe,3,135180.0
2025-09-29,2025-09,Tiendas Físicas,Buenos Aires,1,36300.0
2025-09-29,2025-09,Tiendas Físicas,Córdoba,2,87120.0
2025-09-29,2025-09,Tiendas Físicas,Mendoza,2,79860.0
2025-09-29,2025-09,Tiendas Físicas,Santa Fe,1,18150.0
2025-09-30,2025-09,Tienda Online,Buenos Aires,6,154104.0
2025-09-30,2025-09,Tienda Online,Córdoba,2,32040.0
2025-09-30,2025-09,Tienda Online,Mendoza,2,87090.0
2025-09-30,2025-09,Tienda Online,Santa Fe,1,54450.0
2025-09-30,2025-09,Tiendas Físicas,Buenos Aires,4,106470.0
2025-09-30,2025-09,Tiendas Físicas,Córdoba,3,50820.0
